ts_ms,window_start_ms,tau_s,direction,best_ev,ev_a,ev_b,raw_edge_a,raw_edge_b,p_band,pm_is_low_target,up_ask,down_ask,up_ask_okx,down_ask_okx,target_px,target_px_okx,gap_bps,gap_bps_okx,book_age_ms,book_age_ms_okx
1787925231500,1787925000000,68.5,okxUP+pmDOWN,0.0030917499999999487,-0.0621252000000001,0.0030917499999999487,-0.0621252000000001,0.0030917499999999487,0.0,false,0.99,0.02,0.975,0.07,79197.9039939122,79195.1,14.591720694844776,17.261168935956526,3,84
1787925330000,1787925300000,270.0,okxUP+pmDOWN,0.08757580000000009,-0.27180499999999985,0.08757580000000009,-0.27180499999999985,0.08757580000000009,0.0,false,0.6,0.41,0.48,0.65,79425.08067164588,79421.5,-6.654268260044236,-4.218001422788539,0,90
1787925330500,1787925300000,269.5,okxUP+pmDOWN,0.08757580000000009,-0.27180499999999985,0.08757580000000009,-0.27180499999999985,0.08757580000000009,0.0,false,0.6,0.41,0.48,0.65,79425.08067164588,79421.5,-6.654268260044236,-4.218001422788539,3,90
1787925331000,1787925300000,269.0,okxUP+pmDOWN,0.09758680000000008,-0.24198320000000018,0.09758680000000008,-0.24198320000000018,0.09758680000000008,0.0,false,0.6,0.41,0.47,0.62,79425.08067164588,79421.5,-5.437176039040686,-4.1802282757184255,1,90
1787925331501,1787925300000,268.499,okxUP+pmDOWN,0.05756919999999999,-0.2121217999999998,0.05756919999999999,-0.2121217999999998,0.05756919999999999,0.0,false,0.6,0.41,0.51,0.59,79425.08067164588,79421.5,-4.774888419592798,-3.3114458931149513,0,75
1787925332000,1787925300000,268.0,okxUP+pmDOWN,0.08801020000000004,-0.24163880000000004,0.08801020000000004,-0.24163880000000004,0.08801020000000004,0.0,false,0.63,0.38,0.51,0.59,79425.08067164588,79421.5,-4.774888419592798,-3.3114458931149513,0,75
1787925332500,1787925300000,267.5,okxUP+pmDOWN,0.08819179999999993,-0.2912562000000001,0.08819179999999993,-0.2912562000000001,0.08819179999999993,0.0,false,0.64,0.37,0.52,0.63,79425.08067164588,79421.5,-4.774888419592798,-2.9211233733934883,5,86
1787925333000,1787925300000,267.0,okxUP+pmDOWN,0.08819179999999993,-0.2414871999999999,0.08819179999999993,-0.2414871999999999,0.08819179999999993,0.0,false,0.64,0.37,0.52,0.58,79425.08067164588,79421.5,-4.302644697716643,-2.8078039321849766,9,87
1787925333500,1787925300000,266.5,okxUP+pmDOWN,0.08819179999999993,-0.2912562000000001,0.08819179999999993,-0.2912562000000001,0.08819179999999993,0.0,false,0.64,0.37,0.52,0.63,79425.08067164588,79421.5,-4.302644697716643,-2.6944844909746326,2,90
1787925334000,1787925300000,266.0,okxUP+pmDOWN,0.08819179999999993,-0.2912562000000001,0.08819179999999993,-0.2912562000000001,0.08819179999999993,0.0,false,0.64,0.37,0.52,0.63,79425.08067164588,79421.5,-3.2742404884460377,-2.6944844909746326,9,291
1787925334500,1787925300000,265.5,okxUP+pmDOWN,0.08819179999999993,-0.2912562000000001,0.08819179999999993,-0.2912562000000001,0.08819179999999993,0.0,false,0.64,0.37,0.52,0.63,79425.08067164588,79421.5,-3.2742404884460377,-2.6944844909746326,1,291
1787925335000,1787925300000,265.0,okxUP+pmDOWN,0.09770880000000004,-0.2915898000000001,0.09770880000000004,-0.2915898000000001,0.09770880000000004,0.0,false,0.61,0.4,0.48,0.66,79425.08067164588,79421.5,-3.104509902301603,-3.437356383347445,3,88
1787925335500,1787925300000,264.5,okxUP+pmDOWN,0.08757580000000009,-0.28173680000000023,0.08757580000000009,-0.28173680000000023,0.08757580000000009,0.0,false,0.6,0.41,0.48,0.66,79425.08067164588,79421.5,-2.9110439555444323,-3.437356383347445,9,88
1787925336000,1787925300000,264.0,okxUP+pmDOWN,0.09758680000000008,-0.30158720000000017,0.09758680000000008,-0.30158720000000017,0.09758680000000008,0.0,false,0.6,0.41,0.47,0.68,79425.08067164588,79421.5,-2.9110439555444323,-3.6639952657663,3,85
1787925336500,1787925300000,263.5,okxUP+pmDOWN,0.09758680000000008,-0.30158720000000017,0.09758680000000008,-0.30158720000000017,0.09758680000000008,0.0,false,0.6,0.41,0.47,0.68,79425.08067164588,79421.5,-2.9110439555444323,-3.6639952657663,5,85
1787925337000,1787925300000,263.0,okxUP+pmDOWN,0.0874678000000001,-0.2917201999999999,0.0874678000000001,-0.2917201999999999,0.0874678000000001,0.0,false,0.59,0.42,0.47,0.68,79425.08067164588,79421.5,-3.072653048968161,-3.726950510882547,4,89
1787925337500,1787925300000,262.5,okxUP+pmDOWN,0.0874678000000001,-0.2917201999999999,0.0874678000000001,-0.2917201999999999,0.0874678000000001,0.0,false,0.59,0.42,0.47,0.68,79425.08067164588,79421.5,-3.072653048968161,-3.726950510882547,0,89
1787925338000,1787925300000,262.0,okxUP+pmDOWN,0.0874678000000001,-0.2917201999999999,0.0874678000000001,-0.2917201999999999,0.0874678000000001,0.0,false,0.59,0.42,0.47,0.68,79425.08067164588,79421.5,-3.667187576438155,-3.726950510882547,8,87
1787925338501,1787925300000,261.499,okxUP+pmDOWN,0.0874678000000001,-0.2917201999999999,0.0874678000000001,-0.2917201999999999,0.0874678000000001,0.0,false,0.59,0.42,0.47,0.68,79425.08067164588,79421.5,-3.667187576438155,-3.726950510882547,3,87
1787925339511,1787925300000,260.48900000000003,okxUP+pmDOWN,0.10881179999999979,-0.3204152,0.10881179999999979,-0.3204152,0.10881179999999979,0.0,false,0.68,0.34,0.53,0.62,79425.08067164588,79421.5,-4.131842181971395,-2.7322576380447474,1,84
1787925340000,1787925300000,260.0,okxUP+pmDOWN,0.04771979999999987,-0.25183620000000007,0.04771979999999987,-0.25183620000000007,0.04771979999999987,0.0,false,0.61,0.4,0.53,0.62,79425.08067164588,79421.5,-4.111456904682442,-2.7322576380447474,23,84
1787925340501,1787925300000,259.499,okxUP+pmDOWN,0.04771979999999987,-0.25183620000000007,0.04771979999999987,-0.25183620000000007,0.04771979999999987,0.0,false,0.61,0.4,0.53,0.62,79425.08067164588,79421.5,-4.111456904682442,-2.7322576380447474,1,84
1787925341500,1787925300000,258.5,okxUP+pmDOWN,0.06756700000000004,-0.27180499999999985,0.06756700000000004,-0.27180499999999985,0.06756700000000004,0.0,false,0.6,0.41,0.5,0.65,79425.08067164588,79421.5,-4.109352508417332,-3.7017684128345825,0,87
1787925342000,1787925300000,258.0,okxUP+pmDOWN,0.06756700000000004,-0.27180499999999985,0.06756700000000004,-0.27180499999999985,0.06756700000000004,0.0,false,0.6,0.41,0.5,0.65,79425.08067164588,79421.5,-2.4073826263929083,-3.7017684128345825,7,87
1787925342500,1787925300000,257.5,okxUP+pmDOWN,0.09758680000000008,-0.30158720000000017,0.09758680000000008,-0.30158720000000017,0.09758680000000008,0.0,false,0.6,0.41,0.47,0.68,79425.08067164588,79421.5,-2.4073826263929083,-3.726950510882547,3,87
1787925343000,1787925300000,257.0,okxUP+pmDOWN,0.0775692,-0.28173680000000023,0.0775692,-0.28173680000000023,0.0775692,0.0,false,0.6,0.41,0.49,0.66,79425.08067164588,79421.5,-3.6603639714523464,-3.7017684128345825,5,87
1787925343500,1787925300000,256.5,okxUP+pmDOWN,0.08770219999999995,-0.2915898000000001,0.08770219999999995,-0.2915898000000001,0.08770219999999995,0.0,false,0.61,0.4,0.49,0.66,79425.08067164588,79421.5,-3.6603639714523464,-3.7017684128345825,2,88
1787925344001,1787925300000,255.999,okxUP+pmDOWN,0.08770219999999995,-0.2915898000000001,0.08770219999999995,-0.2915898000000001,0.08770219999999995,0.0,false,0.61,0.4,0.49,0.66,79425.08067164588,79421.5,-3.731508881659475,-3.726950510882547,14,89
1787925344502,1787925300000,255.49800000000002,okxUP+pmDOWN,0.12775499999999995,-0.33127299999999993,0.12775499999999995,-0.33127299999999993,0.12775499999999995,0.0,false,0.61,0.4,0.45,0.7,79425.08067164588,79421.5,-3.731508881659475,-3.789905755998794,0,88
1787925345000,1787925300000,255.0,okxUP+pmDOWN,0.09739799999999998,-0.30167199999999994,0.09739799999999998,-0.30167199999999994,0.09739799999999998,0.0,false,0.58,0.43,0.45,0.7,79425.08067164588,79421.5,-3.731508881659475,-5.124556952462128,7,88
1787925345500,1787925300000,254.5,okxUP+pmDOWN,0.10742220000000002,-0.3115817999999999,0.10742220000000002,-0.3115817999999999,0.10742220000000002,0.0,false,0.58,0.43,0.44,0.71,79425.08067164588,79421.5,-3.6893851746512394,-5.124556952462128,2,187
1787925346000,1787925300000,254.0,okxUP+pmDOWN,0.10742220000000002,-0.3115817999999999,0.10742220000000002,-0.3115817999999999,0.10742220000000002,0.0,false,0.58,0.43,0.44,0.71,79425.08067164588,79421.5,-3.680243266022496,-5.099374854415996,9,387
1787925346500,1787925300000,253.5,okxUP+pmDOWN,0.10742220000000002,-0.3115817999999999,0.10742220000000002,-0.3115817999999999,0.10742220000000002,0.0,false,0.58,0.43,0.44,0.71,79425.08067164588,79421.5,-3.834102786943572,-5.099374854415996,7,887
1787925347000,1787925300000,253.0,okxUP+pmDOWN,0.10742220000000002,-0.3115817999999999,0.10742220000000002,-0.3115817999999999,0.10742220000000002,0.0,false,0.58,0.43,0.44,0.71,79425.08067164588,79421.5,-3.834102786943572,-5.023828560275766,2,187
1787925347531,1787925300000,252.469,okxUP+pmDOWN,0.10742220000000002,-0.3115817999999999,0.10742220000000002,-0.3115817999999999,0.10742220000000002,0.0,false,0.58,0.43,0.44,0.71,79425.08067164588,79421.5,-3.834102786943572,-5.023828560275766,1,0
1787925348000,1787925300000,252.0,okxUP+pmDOWN,0.09739799999999998,-0.30167199999999994,0.09739799999999998,-0.30167199999999994,0.09739799999999998,0.0,false,0.58,0.43,0.45,0.7,79425.08067164588,79421.5,-4.609957610859588,-5.023828560275766,5,88
1787925348500,1787925300000,251.5,okxUP+pmDOWN,0.09770880000000004,-0.2914969999999999,0.09770880000000004,-0.2914969999999999,0.09770880000000004,0.0,false,0.62,0.4,0.48,0.65,79425.08067164588,79421.5,-4.609957610859588,-3.966180442323552,6,86
1787925349000,1787925300000,251.0,okxUP+pmDOWN,0.0782027999999999,-0.26140799999999986,0.0782027999999999,-0.26140799999999986,0.0782027999999999,0.0,false,0.64,0.37,0.53,0.6,79425.08067164588,79421.5,-4.625356532975461,-3.424765334323463,1,87
1787925349500,1787925300000,250.5,okxUP+pmDOWN,0.08819179999999993,-0.2912562000000001,0.08819179999999993,-0.2912562000000001,0.08819179999999993,0.0,false,0.64,0.37,0.52,0.63,79425.08067164588,79421.5,-4.625356532975461,-3.072215961672114,2,86
1787925350000,1787925300000,250.0,okxUP+pmDOWN,0.06785579999999991,-0.27162019999999987,0.06785579999999991,-0.27162019999999987,0.06785579999999991,0.0,false,0.62,0.39,0.52,0.63,79425.08067164588,79421.5,-4.601207744556671,-3.072215961672114,1,86
1787925351000,1787925300000,249.0,okxUP+pmDOWN,0.08801020000000004,-0.3013220000000001,0.08801020000000004,-0.3013220000000001,0.08801020000000004,0.0,false,0.63,0.38,0.51,0.65,79425.08067164588,79421.5,-3.455852521304298,-2.8959412753473552,5,87
1787925351500,1787925300000,248.5,okxUP+pmDOWN,0.08801020000000004,-0.3013220000000001,0.08801020000000004,-0.3013220000000001,0.08801020000000004,0.0,false,0.63,0.38,0.51,0.65,79425.08067164588,79421.5,-3.296645642827246,-2.8959412753473552,19,87
1787925352000,1787925300000,248.0,okxUP+pmDOWN,0.09818519999999997,-0.30119680000000004,0.09818519999999997,-0.30119680000000004,0.09818519999999997,0.0,false,0.64,0.37,0.51,0.64,79425.08067164588,79421.5,-3.296645642827246,-2.8959412753473552,2,85
1787925352500,1787925300000,247.5,okxUP+pmDOWN,0.10837419999999998,-0.28115880000000004,0.10837419999999998,-0.28115880000000004,0.10837419999999998,0.0,false,0.65,0.36,0.51,0.61,79425.08067164588,79421.5,-3.296645642827246,-2.996669667533717,0,87
1787925353000,1787925300000,247.0,okxUP+pmDOWN,0.0686542,-0.26106719999999983,0.0686542,-0.26106719999999983,0.0686542,0.0,false,0.66,0.35,0.56,0.58,79425.08067164588,79421.5,-3.250419578162372,-2.115296235906261,0,59
1787925353500,1787925300000,246.5,okxUP+pmDOWN,0.07887119999999981,-0.27083619999999997,0.07887119999999981,-0.27083619999999997,0.07887119999999981,0.0,false,0.67,0.34,0.56,0.58,79425.08067164588,79421.5,-3.250419578162372,-2.115296235906261,1,59
1787925354000,1787925300000,246.0,okxUP+pmDOWN,0.10960619999999988,-0.30005919999999997,0.10960619999999988,-0.30005919999999997,0.10960619999999988,0.0,false,0.7,0.31,0.56,0.58,79425.08067164588,79421.5,-3.247130852484821,-2.115296235906261,0,59
1787925357000,1787925300000,243.0,okxUP+pmDOWN,0.021497200000000105,-0.21893279999999993,0.021497200000000105,-0.21893279999999993,0.021497200000000105,0.0,false,0.74,0.27,0.69,0.46,79425.08067164588,79421.5,-0.9859862942219771,2.052340990790014,71,93
1787925357510,1787925300000,242.49,okxUP+pmDOWN,0.03182620000000003,-0.22858979999999995,0.03182620000000003,-0.22858979999999995,0.03182620000000003,0.0,false,0.75,0.26,0.69,0.46,79425.08067164588,79421.5,-0.9859862942219771,2.052340990790014,1,93
1787925358001,1787925300000,241.999,okxUP+pmDOWN,0.031415799999999994,-0.22894820000000005,0.031415799999999994,-0.22894820000000005,0.031415799999999994,0.0,false,0.74,0.27,0.68,0.47,79425.08067164588,79421.5,-0.6953467595925318,1.7249737161847976,4,84
1787925358501,1787925300000,241.499,okxUP+pmDOWN,0.05126620000000004,-0.24896580000000013,0.05126620000000004,-0.24896580000000013,0.05126620000000004,0.0,false,0.74,0.27,0.66,0.49,79425.08067164588,79421.5,0.301627157341151,1.4605616866976598,11,487
1787925359001,1787925300000,240.999,okxUP+pmDOWN,0.05126620000000004,-0.24896580000000013,0.05126620000000004,-0.24896580000000013,0.05126620000000004,0.0,false,0.74,0.27,0.66,0.49,79425.08067164588,79421.5,0.301627157341151,1.4605616866976598,3,487
1787925359501,1787925300000,240.499,okxUP+pmDOWN,0.05126620000000004,-0.24896580000000013,0.05126620000000004,-0.24896580000000013,0.05126620000000004,0.0,false,0.74,0.27,0.66,0.49,79425.08067164588,79421.5,0.301627157341151,1.4857437847437922,2,185
1787925360059,1787925300000,239.941,okxUP+pmDOWN,0.07040380000000002,-0.26959219999999995,0.07040380000000002,-0.26959219999999995,0.07040380000000002,0.0,false,0.72,0.29,0.62,0.53,79425.08067164588,79421.5,0.301627157341151,0.6799166472547332,1,144
1787925360500,1787925300000,239.5,okxUP+pmDOWN,0.10990780000000011,-0.2998052,0.10990780000000011,-0.2998052,0.10990780000000011,0.0,false,0.71,0.3,0.57,0.57,79425.08067164588,79421.5,1.1933861168011586,-0.1259104902324937,1,185
1787925361000,1787925300000,239.0,okxUP+pmDOWN,0.09963480000000013,-0.30005919999999997,0.09963480000000013,-0.30005919999999997,0.09963480000000013,0.0,false,0.7,0.31,0.57,0.58,79425.08067164588,79421.5,1.1933861168011586,-0.1259104902324937,6,84
1787925361501,1787925300000,238.499,okxUP+pmDOWN,0.12903179999999992,-0.3204152,0.12903179999999992,-0.3204152,0.12903179999999992,0.0,false,0.68,0.33,0.52,0.62,79425.08067164588,79421.5,1.0719006106775164,-0.5162330099539572,0,151
1787925362000,1787925300000,238.0,okxUP+pmDOWN,0.11880079999999982,-0.31066020000000005,0.11880079999999982,-0.31066020000000005,0.11880079999999982,0.0,false,0.67,0.34,0.52,0.62,79425.08067164588,79421.5,1.0738834990154351,-0.5162330099539572,13,151
1787925362502,1787925300000,237.49800000000002,okxUP+pmDOWN,0.14953579999999989,-0.33988320000000005,0.14953579999999989,-0.33988320000000005,0.14953579999999989,0.0,false,0.7,0.31,0.52,0.62,79425.08067164588,79421.5,1.0738834990154351,-0.5162330099539572,1,151
1787925364500,1787925300000,235.5,okxUP+pmDOWN,0.06011679999999997,-0.25989320000000005,0.06011679999999997,-0.25989320000000005,0.06011679999999997,0.0,false,0.71,0.3,0.62,0.53,79425.08067164588,79421.5,-0.24669471050243968,0.8310092355351915,3,90
1787925365003,1787925300000,234.997,okxUP+pmDOWN,0.06011679999999997,-0.25989320000000005,0.06011679999999997,-0.25989320000000005,0.06011679999999997,0.0,false,0.71,0.3,0.62,0.53,79425.08067164588,79421.5,-0.6193616106719415,0.8310092355351915,7,90
1787925365500,1787925300000,234.5,okxUP+pmDOWN,0.060458799999999924,-0.25960320000000014,0.060458799999999924,-0.25960320000000014,0.060458799999999924,0.0,false,0.72,0.29,0.63,0.52,79425.08067164588,79421.5,-0.6193616106719415,0.7806450394410946,0,86
1787925366000,1787925300000,234.0,okxUP+pmDOWN,0.08035320000000001,-0.27957680000000007,0.08035320000000001,-0.27957680000000007,0.08035320000000001,0.0,false,0.72,0.29,0.61,0.54,79425.08067164588,79421.5,-0.6193616106719415,0.6043703531163364,2,83
1787925366500,1787925300000,233.5,okxUP+pmDOWN,0.06974700000000011,-0.27014499999999986,0.06974700000000011,-0.27014499999999986,0.06974700000000011,0.0,false,0.7,0.31,0.6,0.55,79425.08067164588,79421.5,0.24186772598053355,0.025182098046132296,6,287
1787925367000,1787925300000,233.0,okxUP+pmDOWN,0.06974700000000011,-0.27014499999999986,0.06974700000000011,-0.27014499999999986,0.06974700000000011,0.0,false,0.7,0.31,0.6,0.55,79425.08067164588,79421.5,-0.16853276137921622,0.025182098046132296,0,287
1787925367500,1787925300000,232.5,okxUP+pmDOWN,0.0899781999999999,-0.26987779999999995,0.0899781999999999,-0.26987779999999995,0.0899781999999999,0.0,false,0.71,0.3,0.59,0.54,79425.08067164588,79421.5,-0.16853276137921622,0.06295524511624685,2,82
1787925368000,1787925300000,232.0,okxUP+pmDOWN,0.08035320000000001,-0.27957680000000007,0.08035320000000001,-0.27957680000000007,0.08035320000000001,0.0,false,0.72,0.29,0.61,0.54,79425.08067164588,79421.5,-0.14461641582075943,0.08813734316237916,0,87
1787925368500,1787925300000,231.5,okxUP+pmDOWN,0.08035320000000001,-0.27957680000000007,0.08035320000000001,-0.27957680000000007,0.08035320000000001,0.0,false,0.72,0.29,0.61,0.54,79425.08067164588,79421.5,-0.14461641582075943,0.07554629414022913,10,87
1787925369001,1787925300000,230.999,okxUP+pmDOWN,0.07006619999999997,-0.26987779999999995,0.07006619999999997,-0.26987779999999995,0.07006619999999997,0.0,false,0.71,0.3,0.61,0.54,79425.08067164588,79421.5,-0.3397519153701538,0.11331944120851145,24,289
1787925369500,1787925300000,230.5,okxUP+pmDOWN,0.07006619999999997,-0.26987779999999995,0.07006619999999997,-0.26987779999999995,0.07006619999999997,0.0,false,0.71,0.3,0.61,0.54,79425.08067164588,79421.5,-0.37530409949409443,0.11331944120851145,2,88
1787925370000,1787925300000,230.0,okxUP+pmDOWN,0.07006619999999997,-0.26987779999999995,0.07006619999999997,-0.26987779999999995,0.07006619999999997,0.0,false,0.71,0.3,0.61,0.54,79425.08067164588,79421.5,-0.37530409949409443,0.151092588278626,10,87
1787925370500,1787925300000,229.5,okxUP+pmDOWN,0.07006619999999997,-0.26987779999999995,0.07006619999999997,-0.26987779999999995,0.07006619999999997,0.0,false,0.71,0.3,0.61,0.54,79425.08067164588,79421.5,-0.37530409949409443,0.151092588278626,3,87
1787925372000,1787925300000,228.0,okxUP+pmDOWN,0.0810748,-0.2789592000000001,0.0810748,-0.2789592000000001,0.0810748,0.0,false,0.74,0.27,0.63,0.52,79425.08067164588,79421.5,-0.1060616837905827,0.591779304092354,0,87
1787925372500,1787925300000,227.5,okxUP+pmDOWN,0.0810748,-0.2789592000000001,0.0810748,-0.2789592000000001,0.0810748,0.0,false,0.74,0.27,0.63,0.52,79425.08067164588,79421.5,-0.1060616837905827,0.591779304092354,4,87
1787925373000,1787925300000,227.0,okxUP+pmDOWN,0.07113420000000004,-0.24896580000000013,0.07113420000000004,-0.24896580000000013,0.07113420000000004,0.0,false,0.74,0.27,0.64,0.49,79425.08067164588,79421.5,-0.17003395872713617,0.7050987453026978,3,85
1787925373500,1787925300000,226.5,okxUP+pmDOWN,0.05166779999999993,-0.2686250000000001,0.05166779999999993,-0.2686250000000001,0.05166779999999993,0.0,false,0.75,0.26,0.67,0.5,79425.08067164588,79421.5,-0.17003395872713617,0.9946928728359675,0,85
1787925374000,1787925300000,226.0,okxUP+pmDOWN,0.12019480000000016,-0.23961200000000016,0.12019480000000016,-0.23961200000000016,0.12019480000000016,0.0,false,0.72,0.29,0.57,0.5,79425.08067164588,79421.5,-0.08964370147429983,1.1206033630684613,3,86
1787925375000,1787925300000,225.0,okxUP+pmDOWN,0.012002199999999963,-0.19851719999999995,0.012002199999999963,-0.19851719999999995,0.012002199999999963,0.0,false,0.75,0.26,0.71,0.43,79425.08067164588,79421.5,0.1796431369114399,2.568574000742139,1,48
1787925375500,1787925300000,224.5,okxUP+pmDOWN,0.05345820000000001,-0.23700520000000003,0.05345820000000001,-0.23700520000000003,0.05345820000000001,0.0,false,0.79,0.22,0.71,0.43,79425.08067164588,79421.5,0.1796431369114399,2.568574000742139,0,48
1787925376000,1787925300000,224.0,okxUP+pmDOWN,0.03577180000000002,-0.22506019999999993,0.03577180000000002,-0.22506019999999993,0.03577180000000002,0.0,false,0.83,0.18,0.77,0.38,79425.08067164588,79421.5,0.1796431369114399,8.133817669019827,14,84
1787925376500,1787925300000,223.5,okxUP+pmDOWN,0.03577180000000002,-0.22506019999999993,0.03577180000000002,-0.22506019999999993,0.03577180000000002,0.0,false,0.83,0.18,0.77,0.38,79425.08067164588,79421.5,0.34877736692504796,8.133817669019827,10,84
1787925377000,1787925300000,223.0,okxUP+pmDOWN,0.032702200000000015,-0.22781779999999996,0.032702200000000015,-0.22781779999999996,0.032702200000000015,0.0,false,0.77,0.24,0.71,0.44,79425.08067164588,79421.5,0.34877736692504796,4.48241345227751,15,87
1787925377500,1787925300000,222.5,okxUP+pmDOWN,0.0124398,-0.21818880000000007,0.0124398,-0.21818880000000007,0.0124398,0.0,false,0.76,0.25,0.72,0.44,79425.08067164588,79421.5,0.34877736692504796,2.8581681282772413,2,86
1787925378000,1787925300000,222.0,okxUP+pmDOWN,0.0020968000000000098,-0.2085458,0.0020968000000000098,-0.2085458,0.0020968000000000098,0.0,false,0.75,0.26,0.72,0.44,79425.08067164588,79421.5,2.46614434573614,2.8581681282772413,0,86
1787925379000,1787925300000,221.0,okxUP+pmDOWN,0.08146319999999996,-0.2886162000000001,0.08146319999999996,-0.2886162000000001,0.08146319999999996,0.0,false,0.75,0.26,0.64,0.52,79425.08067164588,79421.5,4.3394547553285125,2.6693023929285005,2,84
1787925379500,1787925300000,220.5,okxUP+pmDOWN,0.08146319999999996,-0.2886162000000001,0.08146319999999996,-0.2886162000000001,0.08146319999999996,0.0,false,0.75,0.26,0.64,0.52,79425.08067164588,79421.5,4.3394547553285125,2.6693023929285005,4,84
1787925380000,1787925300000,220.0,okxUP+pmDOWN,0.07113420000000004,-0.2789592000000001,0.07113420000000004,-0.2789592000000001,0.07113420000000004,0.0,false,0.74,0.27,0.64,0.52,79425.08067164588,79421.5,4.3394547553285125,2.6567113439063506,2,86
1787925380500,1787925300000,219.5,okxUP+pmDOWN,0.0810748,-0.2789592000000001,0.0810748,-0.2789592000000001,0.0810748,0.0,false,0.74,0.27,0.63,0.52,79425.08067164588,79421.5,4.3394547553285125,2.6567113439063506,1,87
1787925381000,1787925300000,219.0,okxUP+pmDOWN,0.061197999999999975,-0.2589680000000001,0.061197999999999975,-0.2589680000000001,0.061197999999999975,0.0,false,0.74,0.27,0.65,0.5,79425.08067164588,79421.5,2.7700381249949113,2.6315292458583857,5,83
1787925381500,1787925300000,218.5,okxUP+pmDOWN,0.061197999999999975,-0.2589680000000001,0.061197999999999975,-0.2589680000000001,0.061197999999999975,0.0,false,0.74,0.27,0.65,0.5,79425.08067164588,79421.5,2.7700381249949113,2.5182098046498744,5,185
1787925382002,1787925300000,217.998,okxUP+pmDOWN,0.04133880000000001,-0.24896580000000013,0.04133880000000001,-0.24896580000000013,0.04133880000000001,0.0,false,0.74,0.27,0.67,0.49,79425.08067164588,79421.5,2.308939684432455,2.5182098046498744,19,187
1787925382500,1787925300000,217.5,okxUP+pmDOWN,0.04133880000000001,-0.24896580000000013,0.04133880000000001,-0.24896580000000013,0.04133880000000001,0.0,false,0.74,0.27,0.67,0.49,79425.08067164588,79421.5,2.308939684432455,2.5182098046498744,8,187
1787925383001,1787925300000,216.999,okxUP+pmDOWN,0.04133880000000001,-0.24896580000000013,0.04133880000000001,-0.24896580000000013,0.04133880000000001,0.0,false,0.74,0.27,0.67,0.49,79425.08067164588,79421.5,2.308939684432455,2.5182098046498744,0,88
1787925383500,1787925300000,216.5,okxUP+pmDOWN,0.09101979999999998,-0.2889482000000001,0.09101979999999998,-0.2889482000000001,0.09101979999999998,0.0,false,0.74,0.27,0.62,0.53,79425.08067164588,79421.5,2.2191527617321922,2.5182098046498744,12,85
1787925384001,1787925300000,215.999,okxUP+pmDOWN,0.09101979999999998,-0.2889482000000001,0.09101979999999998,-0.2889482000000001,0.09101979999999998,0.0,false,0.74,0.27,0.62,0.53,79425.08067164588,79421.5,2.2191527617321922,2.5182098046498744,21,188
1787925384533,1787925300000,215.467,okxUP+pmDOWN,0.14081080000000012,-0.2989328,0.14081080000000012,-0.2989328,0.14081080000000012,0.0,false,0.74,0.27,0.57,0.54,79425.08067164588,79421.5,2.221175515359117,1.7375647652087798,25,87
1787925385000,1787925300000,215.0,okxUP+pmDOWN,0.13049580000000005,-0.2892617999999998,0.13049580000000005,-0.2892617999999998,0.13049580000000005,0.0,false,0.73,0.28,0.57,0.54,79425.08067164588,79421.5,2.221175515359117,1.7375647652087798,6,87
1787925385500,1787925300000,214.5,okxUP+pmDOWN,0.12052879999999999,-0.2792772000000001,0.12052879999999999,-0.2792772000000001,0.12052879999999999,0.0,false,0.73,0.28,0.58,0.53,79425.08067164588,79421.5,2.221175515359117,1.7375647652087798,0,87
1787925386001,1787925300000,213.999,okxUP+pmDOWN,0.12052879999999999,-0.2792772000000001,0.12052879999999999,-0.2792772000000001,0.12052879999999999,0.0,false,0.73,0.28,0.58,0.53,79425.08067164588,79421.5,2.1996126984581297,1.7375647652087798,12,388
1787925386501,1787925300000,213.499,okxUP+pmDOWN,0.12052879999999999,-0.2792772000000001,0.12052879999999999,-0.2792772000000001,0.12052879999999999,0.0,false,0.73,0.28,0.58,0.53,79425.08067164588,79421.5,2.1996126984581297,1.6368363730224185,0,88
1787925387001,1787925300000,212.999,okxUP+pmDOWN,0.13049580000000005,-0.2792772000000001,0.13049580000000005,-0.2792772000000001,0.13049580000000005,0.0,false,0.73,0.28,0.57,0.53,79425.08067164588,79421.5,2.1996126984581297,1.6368363730224185,15,188
1787925387500,1787925300000,212.5,okxUP+pmDOWN,0.12052879999999999,-0.31918919999999984,0.12052879999999999,-0.31918919999999984,0.12052879999999999,0.0,false,0.73,0.28,0.58,0.57,79425.08067164588,79421.5,1.9955347948710631,1.6620184710685506,2,87
1787925388000,1787925300000,212.0,okxUP+pmDOWN,0.13084380000000007,-0.26896580000000014,0.13084380000000007,-0.26896580000000014,0.13084380000000007,0.0,false,0.74,0.27,0.58,0.51,79425.08067164588,79421.5,1.9955347948710631,1.6620184710685506,2,87
1787925388500,1787925300000,211.5,okxUP+pmDOWN,0.10096920000000009,-0.2989328,0.10096920000000009,-0.2989328,0.10096920000000009,0.0,false,0.74,0.27,0.61,0.54,79425.08067164588,79421.5,1.2147479606470575,1.6997916181386652,0,88
1787925389000,1787925300000,211.0,okxUP+pmDOWN,0.10096920000000009,-0.2989328,0.10096920000000009,-0.2989328,0.10096920000000009,0.0,false,0.74,0.27,0.61,0.54,79425.08067164588,79421.5,1.2147479606470575,1.6997916181386652,1,88
1787925389500,1787925300000,210.5,okxUP+pmDOWN,0.10096920000000009,-0.24896580000000013,0.10096920000000009,-0.24896580000000013,0.10096920000000009,0.0,false,0.74,0.27,0.61,0.49,79425.08067164588,79421.5,1.3449595883588568,1.7123826671626476,5,87
1787925390000,1787925300000,210.0,okxUP+pmDOWN,0.10096920000000009,-0.2989328,0.10096920000000009,-0.2989328,0.10096920000000009,0.0,false,0.74,0.27,0.61,0.54,79425.08067164588,79421.5,1.3449595883588568,1.7123826671626476,12,187
1787925390500,1787925300000,209.5,okxUP+pmDOWN,0.10096920000000009,-0.308913,0.10096920000000009,-0.308913,0.10096920000000009,0.0,false,0.74,0.27,0.61,0.55,79425.08067164588,79421.5,1.3449595883588568,1.6997916181386652,1,87
1787925391000,1787925300000,209.0,okxUP+pmDOWN,0.10096920000000009,-0.26896580000000014,0.10096920000000009,-0.26896580000000014,0.10096920000000009,0.0,false,0.74,0.27,0.61,0.51,79425.08067164588,79421.5,1.5521330995166072,1.6997916181386652,1,87
1787925391500,1787925300000,208.5,okxUP+pmDOWN,0.1109230000000001,-0.26896580000000014,0.1109230000000001,-0.26896580000000014,0.1109230000000001,0.0,false,0.74,0.27,0.6,0.51,79425.08067164588,79421.5,1.5521330995166072,1.6997916181386652,13,87
1787925392000,1787925300000,208.0,okxUP+pmDOWN,0.14081080000000012,-0.3388271999999999,0.14081080000000012,-0.3388271999999999,0.14081080000000012,0.0,false,0.74,0.27,0.57,0.58,79425.08067164588,79421.5,1.5915328403052174,1.1080123140463112,0,87
1787925392500,1787925300000,207.5,okxUP+pmDOWN,0.1700957999999999,-0.3692401999999999,0.1700957999999999,-0.3692401999999999,0.1700957999999999,0.0,false,0.72,0.29,0.52,0.63,79425.08067164588,79421.5,1.5915328403052174,0.8058271374872269,0,87
1787925393000,1787925300000,207.0,okxUP+pmDOWN,0.14981979999999984,-0.3495961999999999,0.14981979999999984,-0.3495961999999999,0.14981979999999984,0.0,false,0.71,0.3,0.53,0.62,79425.08067164588,79421.5,1.5915328403052174,0.44068671581372804,1,87
1787925393500,1787925300000,206.5,okxUP+pmDOWN,0.16010679999999988,-0.35929520000000004,0.16010679999999988,-0.35929520000000004,0.16010679999999988,0.0,false,0.72,0.29,0.53,0.62,79425.08067164588,79421.5,1.5803390784882623,0.4910509119059926,1,187
1787925394000,1787925300000,206.0,okxUP+pmDOWN,0.15012219999999998,-0.34934580000000004,0.15012219999999998,-0.34934580000000004,0.15012219999999998,0.0,false,0.72,0.29,0.54,0.61,79425.08067164588,79421.5,1.5803390784882623,0.4910509119059926,2,87
1787925394500,1787925300000,205.5,okxUP+pmDOWN,0.1700957999999999,-0.3692401999999999,0.1700957999999999,-0.3692401999999999,0.1700957999999999,0.0,false,0.72,0.29,0.52,0.63,79425.08067164588,79421.5,1.5803390784882623,0.44068671581372804,4,87
1787925395010,1787925300000,204.99,okxUP+pmDOWN,0.140142,-0.3393919999999999,0.140142,-0.3393919999999999,0.140142,0.0,false,0.72,0.29,0.55,0.6,79425.08067164588,79421.5,0.8621440760969874,0.44068671581372804,0,97
1787925395500,1787925300000,204.5,okxUP+pmDOWN,0.1301661999999999,-0.3294337999999999,0.1301661999999999,-0.3294337999999999,0.1301661999999999,0.0,false,0.72,0.29,0.56,0.59,79425.08067164588,79421.5,0.8621440760969874,0.44068671581372804,0,488
1787925396000,1787925300000,204.0,okxUP+pmDOWN,0.12019480000000016,-0.31947119999999996,0.12019480000000016,-0.31947119999999996,0.12019480000000016,0.0,false,0.72,0.29,0.57,0.58,79425.08067164588,79421.5,0.8621440760969874,0.47845986288384257,8,188
1787925396503,1787925300000,203.497,okxUP+pmDOWN,0.1102278000000001,-0.3095041999999999,0.1102278000000001,-0.3095041999999999,0.1102278000000001,0.0,false,0.72,0.29,0.58,0.57,79425.08067164588,79421.5,0.4370538737945714,0.47845986288384257,0,88
1787925397000,1787925300000,203.0,okxUP+pmDOWN,0.12019480000000016,-0.31947119999999996,0.12019480000000016,-0.31947119999999996,0.12019480000000016,0.0,false,0.72,0.29,0.57,0.58,79425.08067164588,79421.5,0.4370538737945714,0.47845986288384257,3,88
1787925397501,1787925300000,202.499,okxUP+pmDOWN,0.12019480000000016,-0.31947119999999996,0.12019480000000016,-0.31947119999999996,0.12019480000000016,0.0,false,0.72,0.29,0.57,0.58,79425.08067164588,79421.5,0.3837993336345705,0.47845986288384257,7,286
1787925398001,1787925300000,201.999,okxUP+pmDOWN,0.12052879999999999,-0.31918919999999984,0.12052879999999999,-0.31918919999999984,0.12052879999999999,0.0,false,0.73,0.28,0.58,0.57,79425.08067164588,79421.5,0.3837993336345705,0.5162330099539572,21,89
1787925398500,1787925300000,201.5,okxUP+pmDOWN,0.12052879999999999,-0.3291561999999999,0.12052879999999999,-0.3291561999999999,0.12052879999999999,0.0,false,0.73,0.28,0.58,0.58,79425.08067164588,79421.5,0.3908130487720163,0.5162330099539572,5,86
1787925399000,1787925300000,201.0,okxUP+pmDOWN,0.12052879999999999,-0.31918919999999984,0.12052879999999999,-0.31918919999999984,0.12052879999999999,0.0,false,0.73,0.28,0.58,0.57,79425.08067164588,79421.5,0.3908130487720163,0.5162330099539572,3,87
1787925399500,1787925300000,200.5,okxUP+pmDOWN,0.12052879999999999,-0.31918919999999984,0.12052879999999999,-0.31918919999999984,0.12052879999999999,0.0,false,0.73,0.28,0.58,0.57,79425.08067164588,79421.5,0.3908130487720163,0.5036419609299748,4,84
1787925400000,1787925300000,200.0,okxUP+pmDOWN,0.11987919999999985,-0.3197348,0.11987919999999985,-0.3197348,0.11987919999999985,0.0,false,0.71,0.3,0.56,0.59,79425.08067164588,79421.5,0.3908130487720163,-0.2518209804649874,7,87
1787925400500,1787925300000,199.5,okxUP+pmDOWN,0.1301661999999999,-0.3294337999999999,0.1301661999999999,-0.3294337999999999,0.1301661999999999,0.0,false,0.72,0.29,0.56,0.59,79425.08067164588,79421.5,0.44488721738238834,-0.17627468632475832,10,86
1787925401000,1787925300000,199.0,okxUP+pmDOWN,0.1301661999999999,-0.3294337999999999,0.1301661999999999,-0.3294337999999999,0.1301661999999999,0.0,false,0.72,0.29,0.56,0.59,79425.08067164588,79421.5,0.46504354862398234,-0.21404783339487288,6,387
1787925401500,1787925300000,198.5,okxUP+pmDOWN,0.1301661999999999,-0.3294337999999999,0.1301661999999999,-0.3294337999999999,0.1301661999999999,0.0,false,0.72,0.29,0.56,0.59,79425.08067164588,79421.5,0.46504354862398234,-0.21404783339487288,1,87
1787925402000,1787925300000,198.0,okxUP+pmDOWN,0.1301661999999999,-0.3294337999999999,0.1301661999999999,-0.3294337999999999,0.1301661999999999,0.0,false,0.72,0.29,0.56,0.59,79425.08067164588,79421.5,0.46504354862398234,-0.21404783339487288,9,87
1787925402500,1787925300000,197.5,okxUP+pmDOWN,0.1301661999999999,-0.3294337999999999,0.1301661999999999,-0.3294337999999999,0.1301661999999999,0.0,false,0.72,0.29,0.56,0.59,79425.08067164588,79421.5,0.3942530070807277,-0.21404783339487288,4,87
1787925404001,1787925300000,195.999,okxUP+pmDOWN,0.188847,-0.3900969999999999,0.188847,-0.3900969999999999,0.188847,0.0,false,0.67,0.34,0.45,0.7,79425.08067164588,79421.5,-0.25525213361169174,-2.3419351183251162,3,86
1787925404500,1787925300000,195.5,okxUP+pmDOWN,0.17863000000000007,-0.380328,0.17863000000000007,-0.380328,0.17863000000000007,0.0,false,0.66,0.35,0.45,0.7,79425.08067164588,79421.5,-0.25525213361169174,-2.3419351183251162,1,86
1787925405000,1787925300000,195.0,okxUP+pmDOWN,0.1886542,-0.380328,0.1886542,-0.380328,0.1886542,0.0,false,0.66,0.35,0.44,0.7,79425.08067164588,79421.5,-0.2195438197632926,-2.3419351183251162,21,86
1787925405534,1787925300000,194.466,okxUP+pmDOWN,0.19836120000000002,-0.39046420000000004,0.19836120000000002,-0.39046420000000004,0.19836120000000002,0.0,false,0.64,0.37,0.41,0.73,79425.08067164588,79421.5,-0.2195438197632926,-2.4300724614874953,1,121
1787925406000,1787925300000,194.0,okxUP+pmDOWN,0.19801679999999988,-0.40054920000000016,0.19801679999999988,-0.40054920000000016,0.19801679999999988,0.0,false,0.61,0.4,0.38,0.77,79425.08067164588,79421.5,-0.2195438197632926,-3.059624912649964,2,68
1787925406500,1787925300000,193.5,okxUP+pmDOWN,0.18796619999999986,-0.39066579999999984,0.18796619999999986,-0.39066579999999984,0.18796619999999986,0.0,false,0.61,0.4,0.39,0.76,79425.08067164588,79421.5,-1.3146966345602942,-3.3366279911610834,3,87
1787925407000,1787925300000,193.0,okxUP+pmDOWN,0.18806699999999998,-0.40050479999999977,0.18806699999999998,-0.40050479999999977,0.18806699999999998,0.0,false,0.62,0.39,0.4,0.76,79425.08067164588,79421.5,-1.3146966345602942,-3.412174285301313,2,87
1787925407500,1787925300000,192.5,okxUP+pmDOWN,0.1780252,-0.38072479999999986,0.1780252,-0.38072479999999986,0.1780252,0.0,false,0.62,0.39,0.41,0.74,79425.08067164588,79421.5,-2.334690863623863,-3.601040020650053,4,85
1787925408000,1787925300000,192.0,okxUP+pmDOWN,0.13820280000000007,-0.32106480000000004,0.13820280000000007,-0.32106480000000004,0.13820280000000007,0.0,false,0.64,0.37,0.47,0.66,79425.08067164588,79421.5,-2.334690863623863,-2.555982951719989,43,83
1787925408500,1787925300000,191.5,okxUP+pmDOWN,0.1590252000000001,-0.3005119999999999,0.1590252000000001,-0.3005119999999999,0.1590252000000001,0.0,false,0.68,0.33,0.49,0.6,79425.08067164588,79421.5,-2.334690863623863,-2.3671172163712484,0,187
1787925409000,1787925300000,191.0,okxUP+pmDOWN,0.12903179999999992,-0.34030080000000007,0.12903179999999992,-0.34030080000000007,0.12903179999999992,0.0,false,0.68,0.33,0.52,0.64,79425.08067164588,79421.5,-3.2245435642713804,-2.20343357906864,18,87
1787925409500,1787925300000,190.5,okxUP+pmDOWN,0.12903179999999992,-0.34030080000000007,0.12903179999999992,-0.34030080000000007,0.12903179999999992,0.0,false,0.68,0.33,0.52,0.64,79425.08067164588,79421.5,-3.2245435642713804,-2.1656604319985258,1,88
1787925410001,1787925300000,189.999,okxUP+pmDOWN,0.12903179999999992,-0.34030080000000007,0.12903179999999992,-0.34030080000000007,0.12903179999999992,0.0,false,0.68,0.33,0.52,0.64,79425.08067164588,79421.5,-3.113824508498682,-2.1656604319985258,10,589
1787925410500,1787925300000,189.5,okxUP+pmDOWN,0.12903179999999992,-0.34030080000000007,0.12903179999999992,-0.34030080000000007,0.12903179999999992,0.0,false,0.68,0.33,0.52,0.64,79425.08067164588,79421.5,-3.113824508498682,-2.1656604319985258,2,384
1787925411000,1787925300000,189.0,okxUP+pmDOWN,0.14902300000000013,-0.35023700000000013,0.14902300000000013,-0.35023700000000013,0.14902300000000013,0.0,false,0.68,0.33,0.5,0.65,79425.08067164588,79421.5,-2.5258956315136034,-2.1656604319985258,2,88
1787925411500,1787925300000,188.5,okxUP+pmDOWN,0.14902300000000013,-0.35023700000000013,0.14902300000000013,-0.35023700000000013,0.14902300000000013,0.0,false,0.68,0.33,0.5,0.65,79425.08067164588,79421.5,-2.5223559642847375,-2.1656604319985258,1,87
1787925412000,1787925300000,188.0,okxUP+pmDOWN,0.14902300000000013,-0.35023700000000013,0.14902300000000013,-0.35023700000000013,0.14902300000000013,0.0,false,0.68,0.33,0.5,0.65,79425.08067164588,79421.5,-2.5223559642847375,-2.0775230888361462,1,587
1787925412500,1787925300000,187.5,okxUP+pmDOWN,0.14902300000000013,-0.35023700000000013,0.14902300000000013,-0.35023700000000013,0.14902300000000013,0.0,false,0.68,0.33,0.5,0.65,79425.08067164588,79421.5,-2.5223559642847375,-2.0775230888361462,10,1087
1787925413000,1787925300000,187.0,okxUP+pmDOWN,0.14902300000000013,-0.35023700000000013,0.14902300000000013,-0.35023700000000013,0.14902300000000013,0.0,false,0.68,0.33,0.5,0.65,79425.08067164588,79421.5,-2.430248464453749,-2.0775230888361462,1,188
1787925413500,1787925300000,186.5,okxUP+pmDOWN,0.14902300000000013,-0.36016880000000007,0.14902300000000013,-0.36016880000000007,0.14902300000000013,0.0,false,0.68,0.33,0.5,0.66,79425.08067164588,79421.5,-2.404215785905491,-2.190842530044658,1,88
1787925414000,1787925300000,186.0,okxUP+pmDOWN,0.14902300000000013,-0.36016880000000007,0.14902300000000013,-0.36016880000000007,0.14902300000000013,0.0,false,0.68,0.33,0.5,0.66,79425.08067164588,79421.5,-2.404215785905491,-2.190842530044658,12,88
1787925414500,1787925300000,185.5,okxUP+pmDOWN,0.14902300000000013,-0.36016880000000007,0.14902300000000013,-0.36016880000000007,0.14902300000000013,0.0,false,0.68,0.33,0.5,0.66,79425.08067164588,79421.5,-2.404215785905491,-2.190842530044658,3,87
1787925415001,1787925300000,184.999,okxUP+pmDOWN,0.14902300000000013,-0.3303602000000001,0.14902300000000013,-0.3303602000000001,0.14902300000000013,0.0,false,0.68,0.33,0.5,0.63,79425.08067164588,79421.5,-2.023571942576462,-2.190842530044658,4,89
1787925415500,1787925300000,184.5,okxUP+pmDOWN,0.14902300000000013,-0.36016880000000007,0.14902300000000013,-0.36016880000000007,0.14902300000000013,0.0,false,0.68,0.33,0.5,0.66,79425.08067164588,79421.5,-2.4214560027274294,-2.064932039812164,6,87
1787925416000,1787925300000,184.0,okxUP+pmDOWN,0.14902300000000013,-0.36016880000000007,0.14902300000000013,-0.36016880000000007,0.14902300000000013,0.0,false,0.68,0.33,0.5,0.66,79425.08067164588,79421.5,-2.4214560027274294,-2.064932039812164,7,388
1787925416500,1787925300000,183.5,okxUP+pmDOWN,0.14902300000000013,-0.36016880000000007,0.14902300000000013,-0.36016880000000007,0.14902300000000013,0.0,false,0.68,0.33,0.5,0.66,79425.08067164588,79421.5,-2.4214560027274294,-2.064932039812164,0,286
1787925417000,1787925300000,183.0,okxUP+pmDOWN,0.14902300000000013,-0.36016880000000007,0.14902300000000013,-0.36016880000000007,0.14902300000000013,0.0,false,0.68,0.33,0.5,0.66,79425.08067164588,79421.5,-2.500338397308629,-2.064932039812164,26,287
1787925417500,1787925300000,182.5,okxUP+pmDOWN,0.14902300000000013,-0.36016880000000007,0.14902300000000013,-0.36016880000000007,0.14902300000000013,0.0,false,0.68,0.33,0.5,0.66,79425.08067164588,79421.5,-2.491024781505558,-2.052340990790014,10,186
1787925418001,1787925300000,181.999,okxUP+pmDOWN,0.14902300000000013,-0.36016880000000007,0.14902300000000013,-0.36016880000000007,0.14902300000000013,0.0,false,0.68,0.33,0.5,0.66,79425.08067164588,79421.5,-2.491024781505558,-2.052340990790014,10,87
1787925418500,1787925300000,181.5,okxUP+pmDOWN,0.14902300000000013,-0.36016880000000007,0.14902300000000013,-0.36016880000000007,0.14902300000000013,0.0,false,0.68,0.33,0.5,0.66,79425.08067164588,79421.5,-2.491024781505558,-2.052340990790014,7,87
1787925419000,1787925300000,181.0,okxUP+pmDOWN,0.14902300000000013,-0.36016880000000007,0.14902300000000013,-0.36016880000000007,0.14902300000000013,0.0,false,0.68,0.33,0.5,0.66,79425.08067164588,79421.5,-2.258348237099383,-2.052340990790014,0,88
1787925419500,1787925300000,180.5,okxUP+pmDOWN,0.14902300000000013,-0.3005119999999999,0.14902300000000013,-0.3005119999999999,0.14902300000000013,0.0,false,0.68,0.33,0.5,0.6,79425.08067164588,79421.5,-2.523509245245715,-2.052340990790014,1,187
1787925420002,1787925300000,179.998,okxUP+pmDOWN,0.14902300000000013,-0.3005119999999999,0.14902300000000013,-0.3005119999999999,0.14902300000000013,0.0,false,0.68,0.33,0.5,0.6,79425.08067164588,79421.5,-2.523509245245715,-2.102705186882279,17,189
1787925420505,1787925300000,179.495,okxUP+pmDOWN,0.14902300000000013,-0.3005119999999999,0.14902300000000013,-0.3005119999999999,0.14902300000000013,0.0,false,0.68,0.33,0.5,0.6,79425.08067164588,79421.5,-2.523509245245715,-2.2286156771147723,0,92
1787925421000,1787925300000,179.0,okxUP+pmDOWN,0.14902300000000013,-0.3005119999999999,0.14902300000000013,-0.3005119999999999,0.14902300000000013,0.0,false,0.68,0.33,0.5,0.6,79425.08067164588,79421.5,-2.4894677202940008,-2.3167530202771514,2,287
1787925421511,1787925300000,178.489,okxUP+pmDOWN,0.13857720000000007,-0.2809879999999998,0.13857720000000007,-0.2809879999999998,0.13857720000000007,0.0,false,0.66,0.35,0.49,0.6,79425.08067164588,79421.5,-2.5162426788657597,-2.5182098046498744,0,95
1787925422001,1787925300000,177.999,okxUP+pmDOWN,0.13857720000000007,-0.2809879999999998,0.13857720000000007,-0.2809879999999998,0.13857720000000007,0.0,false,0.66,0.35,0.49,0.6,79425.08067164588,79421.5,-2.5162426788657597,-2.7196665890225975,18,182
1787925422506,1787925300000,177.494,okxUP+pmDOWN,0.04871580000000009,-0.24112880000000003,0.04871580000000009,-0.24112880000000003,0.04871580000000009,0.0,false,0.66,0.35,0.58,0.56,79425.08067164588,79421.5,-2.5162426788657597,-1.2716959513489194,2,84
1787925423000,1787925300000,177.0,okxUP+pmDOWN,0.1102278000000001,-0.29953280000000015,0.1102278000000001,-0.29953280000000015,0.1102278000000001,0.0,false,0.72,0.29,0.58,0.56,79425.08067164588,79421.5,-2.5760996117098025,-1.2716959513489194,101,84
1787925423500,1787925300000,176.5,okxUP+pmDOWN,0.140142,-0.3393919999999999,0.140142,-0.3393919999999999,0.140142,0.0,false,0.72,0.29,0.55,0.6,79425.08067164588,79421.5,-2.5760996117098025,-1.4353795886496956,6,85
1787925424000,1787925300000,176.0,okxUP+pmDOWN,0.1190427999999999,-0.3005119999999999,0.1190427999999999,-0.3005119999999999,0.1190427999999999,0.0,false,0.68,0.33,0.53,0.6,79425.08067164588,79421.5,-2.6297539718250276,-1.9390215495796703,1,86
1787925424500,1787925300000,175.5,okxUP+pmDOWN,0.04924300000000015,-0.3005119999999999,0.04924300000000015,-0.3005119999999999,0.04924300000000015,0.0,false,0.68,0.33,0.6,0.6,79425.08067164588,79421.5,-2.6297539718250276,-2.127887284928411,1,85
1787925425000,1787925300000,175.0,okxUP+pmDOWN,0.12928779999999984,-0.3102529999999999,0.12928779999999984,-0.3102529999999999,0.12928779999999984,0.0,false,0.69,0.32,0.53,0.6,79425.08067164588,79421.5,-2.001341162391694,-1.9893857456737674,1,87
1787925425501,1787925300000,174.499,okxUP+pmDOWN,0.12928779999999984,-0.3102529999999999,0.12928779999999984,-0.3102529999999999,0.12928779999999984,0.0,false,0.69,0.32,0.53,0.6,79425.08067164588,79421.5,-2.001341162391694,-2.115296235906261,14,386
1787925426000,1787925300000,174.0,okxUP+pmDOWN,0.12928779999999984,-0.31997999999999993,0.12928779999999984,-0.31997999999999993,0.12928779999999984,0.0,false,0.7,0.32,0.53,0.6,79425.08067164588,79421.5,-2.154705838289699,-2.115296235906261,24,386
1787925426500,1787925300000,173.5,okxUP+pmDOWN,0.11987919999999985,-0.3296929999999998,0.11987919999999985,-0.3296929999999998,0.11987919999999985,0.0,false,0.71,0.3,0.56,0.6,79425.08067164588,79421.5,-2.154705838289699,-1.6620184710685506,3,87
1787925427000,1787925300000,173.0,okxUP+pmDOWN,0.12985499999999994,-0.3296929999999998,0.12985499999999994,-0.3296929999999998,0.12985499999999994,0.0,false,0.71,0.3,0.55,0.6,79425.08067164588,79421.5,-2.3379321688195978,-1.6620184710685506,1,82
1787925427500,1787925300000,172.5,okxUP+pmDOWN,0.11129820000000001,-0.3085898,0.11129820000000001,-0.3085898,0.11129820000000001,0.0,false,0.75,0.26,0.61,0.54,79425.08067164588,79421.5,-2.3379321688195978,-0.42809566678974575,19,87
1787925428001,1787925300000,171.999,okxUP+pmDOWN,0.1411728,-0.3684050000000001,0.1411728,-0.3684050000000001,0.1411728,0.0,false,0.75,0.26,0.58,0.6,79425.08067164588,79421.5,-2.3399797588039046,-0.23922993144100516,1,88
1787925428500,1787925300000,171.5,okxUP+pmDOWN,0.12985499999999994,-0.3296929999999998,0.12985499999999994,-0.3296929999999998,0.12985499999999994,0.0,false,0.71,0.3,0.55,0.6,79425.08067164588,79421.5,-2.001865608175201,-0.5036419609299748,0,87
1787925429000,1787925300000,171.0,okxUP+pmDOWN,0.14981979999999984,-0.3296929999999998,0.14981979999999984,-0.3296929999999998,0.14981979999999984,0.0,false,0.71,0.3,0.53,0.6,79425.08067164588,79421.5,-2.001865608175201,-0.6799166472547332,2,87
1787925429501,1787925300000,170.499,okxUP+pmDOWN,0.14981979999999984,-0.3296929999999998,0.14981979999999984,-0.3296929999999998,0.14981979999999984,0.0,false,0.71,0.3,0.53,0.6,79425.08067164588,79421.5,-2.001865608175201,-1.0450570689300642,2,285
1787925430000,1787925300000,170.0,okxUP+pmDOWN,0.1704077999999999,-0.34907699999999986,0.1704077999999999,-0.34907699999999986,0.1704077999999999,0.0,false,0.73,0.28,0.53,0.6,79425.08067164588,79421.5,-0.9137975700891325,-1.0828302160001788,0,87
1787925430501,1787925300000,169.499,okxUP+pmDOWN,0.16042319999999988,-0.34907699999999986,0.16042319999999988,-0.34907699999999986,0.16042319999999988,0.0,false,0.73,0.28,0.54,0.6,79425.08067164588,79421.5,-0.9137975700891325,-0.9695107747898352,0,87
1787925431000,1787925300000,169.0,okxUP+pmDOWN,0.15151579999999998,-0.3581272,0.15151579999999998,-0.3581272,0.15151579999999998,0.0,false,0.76,0.25,0.58,0.58,79425.08067164588,79421.5,-1.2588481953992074,-0.6295524511624686,5,87
1787925431500,1787925300000,168.5,okxUP+pmDOWN,0.13159500000000002,-0.3381888000000002,0.13159500000000002,-0.3381888000000002,0.13159500000000002,0.0,false,0.76,0.25,0.6,0.56,79425.08067164588,79421.5,-1.2588481953992074,-0.6925076962787154,6,87
1787925432001,1787925300000,167.999,okxUP+pmDOWN,0.13159500000000002,-0.3381888000000002,0.13159500000000002,-0.3381888000000002,0.13159500000000002,0.0,false,0.76,0.25,0.6,0.56,79425.08067164588,79421.5,-1.7308616142213764,-0.6925076962787154,10,87
1787925432524,1787925300000,167.476,okxUP+pmDOWN,0.1116917999999999,-0.30824819999999997,0.1116917999999999,-0.30824819999999997,0.1116917999999999,0.0,false,0.76,0.25,0.62,0.53,79425.08067164588,79421.5,-1.7308616142213764,-0.6295524511624686,1,108
1787925433000,1787925300000,167.0,okxUP+pmDOWN,0.12204879999999996,-0.3178772000000001,0.12204879999999996,-0.3178772000000001,0.12204879999999996,0.0,false,0.77,0.24,0.62,0.53,79425.08067164588,79421.5,-1.4881980571723925,-0.6295524511624686,3,108
1787925433500,1787925300000,166.5,okxUP+pmDOWN,0.1224748,-0.36740419999999996,0.1224748,-0.36740419999999996,0.1224748,0.0,false,0.78,0.23,0.63,0.57,79425.08067164588,79421.5,-1.4881980571723925,0.06295524511624685,1,87
1787925434000,1787925300000,166.0,okxUP+pmDOWN,0.1224748,-0.36740419999999996,0.1224748,-0.36740419999999996,0.1224748,0.0,false,0.78,0.23,0.63,0.57,79425.08067164588,79421.5,-1.154537016995885,0.06295524511624685,4,87
1787925434500,1787925300000,165.5,okxUP+pmDOWN,0.1224748,-0.36740419999999996,0.1224748,-0.36740419999999996,0.1224748,0.0,false,0.78,0.23,0.63,0.57,79425.08067164588,79421.5,-1.154537016995885,0.06295524511624685,4,87
1787925435002,1787925300000,164.998,okxUP+pmDOWN,0.16187280000000004,-0.3577891999999998,0.16187280000000004,-0.3577891999999998,0.16187280000000004,0.0,false,0.77,0.24,0.58,0.57,79425.08067164588,79421.5,-0.5360182453037866,-0.012591049023982268,14,85
1787925435500,1787925300000,164.5,okxUP+pmDOWN,0.15151579999999998,-0.3481601999999999,0.15151579999999998,-0.3481601999999999,0.15151579999999998,0.0,false,0.76,0.25,0.58,0.57,79425.08067164588,79421.5,-0.5360182453037866,-0.012591049023982268,2,85
1787925436000,1787925300000,164.0,okxUP+pmDOWN,0.16148280000000004,-0.3481601999999999,0.16148280000000004,-0.3481601999999999,0.16148280000000004,0.0,false,0.76,0.25,0.57,0.57,79425.08067164588,79421.5,-0.4874248925709894,-0.2770030785111197,2,83
1787925436500,1787925300000,163.5,okxUP+pmDOWN,0.15151579999999998,-0.3481601999999999,0.15151579999999998,-0.3481601999999999,0.15151579999999998,0.0,false,0.76,0.25,0.58,0.57,79425.08067164588,79421.5,-0.3904818322248108,-0.2770030785111197,3,188
1787925437000,1787925300000,163.0,okxUP+pmDOWN,0.16148280000000004,-0.3581272,0.16148280000000004,-0.3581272,0.16148280000000004,0.0,false,0.76,0.25,0.57,0.58,79425.08067164588,79421.5,-0.3904818322248108,-0.289594127535102,21,88
1787925437500,1787925300000,162.5,okxUP+pmDOWN,0.14155319999999993,-0.37804799999999994,0.14155319999999993,-0.37804799999999994,0.14155319999999993,0.0,false,0.76,0.25,0.59,0.6,79425.08067164588,79421.5,-0.3904818322248108,-0.289594127535102,1,88
1787925438000,1787925300000,162.0,okxUP+pmDOWN,0.14155319999999993,-0.37804799999999994,0.14155319999999993,-0.37804799999999994,0.14155319999999993,0.0,false,0.76,0.25,0.59,0.6,79425.08067164588,79421.5,-0.7197512509591194,-0.289594127535102,7,88
1787925438500,1787925300000,161.5,okxUP+pmDOWN,0.1519102,-0.34781780000000007,0.1519102,-0.34781780000000007,0.1519102,0.0,false,0.77,0.24,0.59,0.56,79425.08067164588,79421.5,-0.7197512509591194,-0.289594127535102,6,87
1787925439000,1787925300000,161.0,okxUP+pmDOWN,0.1523230000000001,-0.3574328000000002,0.1523230000000001,-0.3574328000000002,0.1523230000000001,0.0,false,0.78,0.23,0.6,0.56,79425.08067164588,79421.5,-0.7349346289184603,-0.3147762255812343,3,387
1787925439514,1787925300000,160.486,okxUP+pmDOWN,0.1523230000000001,-0.3574328000000002,0.1523230000000001,-0.3574328000000002,0.1523230000000001,0.0,false,0.78,0.23,0.6,0.56,79425.08067164588,79421.5,-0.7375297954894697,-0.20145678437272285,0,202
1787925440001,1787925300000,159.999,okxUP+pmDOWN,0.16228120000000001,-0.3574328000000002,0.16228120000000001,-0.3574328000000002,0.16228120000000001,0.0,false,0.78,0.23,0.59,0.56,79425.08067164588,79421.5,-0.7375297954894697,-0.20145678437272285,10,289
1787925440500,1787925300000,159.5,okxUP+pmDOWN,0.16228120000000001,-0.3574328000000002,0.16228120000000001,-0.3574328000000002,0.16228120000000001,0.0,false,0.78,0.23,0.59,0.56,79425.08067164588,79421.5,-0.7375297954894697,-0.20145678437272285,16,289
1787925441522,1787925300000,158.478,okxUP+pmDOWN,0.10960619999999988,-0.31997999999999993,0.10960619999999988,-0.31997999999999993,0.10960619999999988,0.0,false,0.7,0.31,0.56,0.6,79425.08067164588,79421.5,-0.699357773397151,-2.3419351183251162,1,1
1787925442000,1787925300000,158.0,okxUP+pmDOWN,0.21958200000000005,-0.31997999999999993,0.21958200000000005,-0.31997999999999993,0.21958200000000005,0.0,false,0.7,0.31,0.45,0.6,79425.08067164588,79421.5,-0.643592423198491,-2.354526167347266,0,86
1787925442500,1787925300000,157.5,okxUP+pmDOWN,0.20956220000000003,-0.31997999999999993,0.20956220000000003,-0.31997999999999993,0.20956220000000003,0.0,false,0.7,0.31,0.46,0.6,79425.08067164588,79421.5,-0.7009502933990425,-2.354526167347266,3,188
1787925443000,1787925300000,157.0,okxUP+pmDOWN,0.19954680000000002,-0.31997999999999993,0.19954680000000002,-0.31997999999999993,0.19954680000000002,0.0,false,0.7,0.31,0.47,0.6,79425.08067164588,79421.5,-0.7009502933990425,-2.354526167347266,14,87
1787925443501,1787925300000,156.499,okxUP+pmDOWN,0.21958200000000005,-0.31997999999999993,0.21958200000000005,-0.31997999999999993,0.21958200000000005,0.0,false,0.7,0.31,0.45,0.6,79425.08067164588,79421.5,-0.7009502933990425,-2.354526167347266,9,88
1787925444000,1787925300000,156.0,okxUP+pmDOWN,0.17952920000000006,-0.31997999999999993,0.17952920000000006,-0.31997999999999993,0.17952920000000006,0.0,false,0.7,0.31,0.49,0.6,79425.08067164588,79421.5,-2.288913563656531,-2.354526167347266,4,87
1787925444500,1787925300000,155.5,okxUP+pmDOWN,0.17952920000000006,-0.31997999999999993,0.17952920000000006,-0.31997999999999993,0.17952920000000006,0.0,false,0.7,0.31,0.49,0.6,79425.08067164588,79421.5,-2.288913563656531,-2.354526167347266,14,386
1787925445000,1787925300000,155.0,okxUP+pmDOWN,0.18980220000000003,-0.3296929999999998,0.18980220000000003,-0.3296929999999998,0.18980220000000003,0.0,false,0.71,0.3,0.49,0.6,79425.08067164588,79421.5,-2.47429038081179,-2.354526167347266,3,886
1787925445500,1787925300000,154.5,okxUP+pmDOWN,0.17980000000000007,-0.3296929999999998,0.17980000000000007,-0.3296929999999998,0.17980000000000007,0.0,false,0.71,0.3,0.5,0.6,79425.08067164588,79421.5,-2.47429038081179,-2.3671172163712484,7,285
1787925446001,1787925300000,153.999,okxUP+pmDOWN,0.18980220000000003,-0.3296929999999998,0.18980220000000003,-0.3296929999999998,0.18980220000000003,0.0,false,0.71,0.3,0.49,0.6,79425.08067164588,79421.5,-2.47429038081179,-2.3419351183251162,3,389
1787925447000,1787925300000,153.0,okxUP+pmDOWN,0.19008700000000012,-0.3393919999999999,0.19008700000000012,-0.3393919999999999,0.19008700000000012,0.0,false,0.72,0.29,0.5,0.6,79425.08067164588,79421.5,-2.513253847343622,-2.3419351183251162,4,255
1787925447517,1787925300000,152.483,okxUP+pmDOWN,0.2087158,-0.29075699999999993,0.2087158,-0.29075699999999993,0.2087158,0.0,false,0.67,0.35,0.42,0.6,79425.08067164588,79421.5,-2.513253847343622,-3.298854844090969,0,100
1787925448009,1787925300000,151.991,okxUP+pmDOWN,0.18818620000000008,-0.25159699999999985,0.18818620000000008,-0.25159699999999985,0.18818620000000008,0.0,false,0.63,0.38,0.41,0.6,79425.08067164588,79421.5,-2.5526440278350275,-4.570550795439888,2,95
1787925448500,1787925300000,151.5,okxUP+pmDOWN,0.1780252,-0.24177199999999988,0.1780252,-0.24177199999999988,0.1780252,0.0,false,0.62,0.39,0.41,0.6,79425.08067164588,79421.5,-2.5526440278350275,-4.557959746415906,8,88
1787925449000,1787925300000,151.0,okxUP+pmDOWN,0.1780252,-0.24177199999999988,0.1780252,-0.24177199999999988,0.1780252,0.0,false,0.62,0.39,0.41,0.6,79425.08067164588,79421.5,-2.5250025730156485,-4.658688138602267,5,88
1787925449500,1787925300000,150.5,okxUP+pmDOWN,0.1780252,-0.24177199999999988,0.1780252,-0.24177199999999988,0.1780252,0.0,false,0.62,0.39,0.41,0.6,79425.08067164588,79421.5,-3.11936729978158,-4.658688138602267,20,87
1787925450000,1787925300000,150.0,okxUP+pmDOWN,0.1780252,-0.24177199999999988,0.1780252,-0.24177199999999988,0.1780252,0.0,false,0.62,0.39,0.41,0.6,79425.08067164588,79421.5,-3.11936729978158,-4.658688138602267,3,87
1787925450501,1787925300000,149.499,okxUP+pmDOWN,0.16787819999999998,-0.23193299999999994,0.16787819999999998,-0.23193299999999994,0.16787819999999998,0.0,false,0.61,0.4,0.41,0.6,79425.08067164588,79421.5,-3.11936729978158,-4.910509119067255,1,84
1787925451002,1787925300000,148.998,okxUP+pmDOWN,0.12743019999999994,-0.19243699999999997,0.12743019999999994,-0.19243699999999997,0.12743019999999994,0.0,false,0.57,0.44,0.41,0.6,79425.08067164588,79421.5,-4.335824186337753,-5.275649540740754,0,89
1787925451500,1787925300000,148.5,okxUP+pmDOWN,0.12743019999999994,-0.19243699999999997,0.12743019999999994,-0.19243699999999997,0.12743019999999994,0.0,false,0.57,0.44,0.41,0.6,79425.08067164588,79421.5,-4.335824186337753,-5.275649540740754,8,89
1787925455500,1787925300000,144.5,okxUP+pmDOWN,0.16042319999999988,-0.3689802,0.16042319999999988,-0.3689802,0.16042319999999988,0.0,false,0.73,0.28,0.54,0.62,79425.08067164588,79421.5,-4.00897642769634,-1.8634752554412735,4,71
1787925456000,1787925300000,144.0,okxUP+pmDOWN,0.18106719999999987,-0.3883082000000002,0.18106719999999987,-0.3883082000000002,0.18106719999999987,0.0,false,0.75,0.26,0.54,0.62,79425.08067164588,79421.5,-3.613837950236148,-1.8634752554412735,0,71
1787925456500,1787925300000,143.5,okxUP+pmDOWN,0.18106719999999987,-0.3883082000000002,0.18106719999999987,-0.3883082000000002,0.18106719999999987,0.0,false,0.75,0.26,0.54,0.62,79425.08067164588,79421.5,-2.816325887953318,-1.8634752554412735,2,71
1787925457032,1787925300000,142.968,okxUP+pmDOWN,0.15952920000000004,-0.32993380000000005,0.15952920000000004,-0.32993380000000005,0.15952920000000004,0.0,false,0.7,0.31,0.51,0.61,79425.08067164588,79421.5,-2.816325887953318,-1.9390215495796703,0,0
1787925457501,1787925300000,142.499,okxUP+pmDOWN,0.17073819999999995,-0.2989328,0.17073819999999995,-0.2989328,0.17073819999999995,0.0,false,0.74,0.27,0.54,0.54,79425.08067164588,79421.5,-2.816325887953318,-1.9893857456737674,5,86
1787925458000,1787925300000,142.0,okxUP+pmDOWN,0.18106719999999987,-0.3085898,0.18106719999999987,-0.3085898,0.18106719999999987,0.0,false,0.75,0.26,0.54,0.54,79425.08067164588,79421.5,-2.816325887953318,-1.9893857456737674,2,86
1787925458500,1787925300000,141.5,okxUP+pmDOWN,0.18106719999999987,-0.31857,0.18106719999999987,-0.31857,0.18106719999999987,0.0,false,0.75,0.26,0.54,0.55,79425.08067164588,79421.5,-2.444353951078672,-1.674609520092533,2,87
1787925459001,1787925300000,140.999,okxUP+pmDOWN,0.17108699999999988,-0.3783588,0.17108699999999988,-0.3783588,0.17108699999999988,0.0,false,0.75,0.26,0.55,0.61,79425.08067164588,79421.5,-2.419380878867387,-1.624245323998436,9,89
1787925459500,1787925300000,140.5,okxUP+pmDOWN,0.17108699999999988,-0.3783588,0.17108699999999988,-0.3783588,0.17108699999999988,0.0,false,0.75,0.26,0.55,0.61,79425.08067164588,79421.5,-2.3394214974341425,-1.624245323998436,3,86
1787925460000,1787925300000,140.0,okxUP+pmDOWN,0.17108699999999988,-0.31857,0.17108699999999988,-0.31857,0.17108699999999988,0.0,false,0.75,0.26,0.55,0.55,79425.08067164588,79421.5,-2.3394214974341425,-0.9065555296735884,0,88
1787925460500,1787925300000,139.5,okxUP+pmDOWN,0.19178699999999993,-0.337842,0.19178699999999993,-0.337842,0.19178699999999993,0.0,false,0.77,0.24,0.55,0.55,79425.08067164588,79421.5,-2.3394214974341425,-0.9065555296735884,0,88
1787925461001,1787925300000,138.999,okxUP+pmDOWN,0.18181119999999995,-0.3178772000000001,0.18181119999999995,-0.3178772000000001,0.18181119999999995,0.0,false,0.77,0.24,0.56,0.53,79425.08067164588,79421.5,-2.1992426065926987,-0.8939644806514383,27,387
1787925461500,1787925300000,138.5,okxUP+pmDOWN,0.19178699999999993,-0.3178772000000001,0.19178699999999993,-0.3178772000000001,0.19178699999999993,0.0,false,0.77,0.24,0.55,0.53,79425.08067164588,79421.5,-2.1992426065926987,-0.8939644806514383,0,86
1787925462001,1787925300000,137.999,okxUP+pmDOWN,0.16187280000000004,-0.3178772000000001,0.16187280000000004,-0.3178772000000001,0.16187280000000004,0.0,false,0.77,0.24,0.58,0.53,79425.08067164588,79421.5,-2.1151542426916765,-0.8687823826034738,8,189
1787925462500,1787925300000,137.5,okxUP+pmDOWN,0.16187280000000004,-0.3178772000000001,0.16187280000000004,-0.3178772000000001,0.16187280000000004,0.0,false,0.77,0.24,0.58,0.53,79425.08067164588,79421.5,-1.5566014070025886,-0.8687823826034738,0,189
1787925463000,1787925300000,137.0,okxUP+pmDOWN,0.1718398000000001,-0.337842,0.1718398000000001,-0.337842,0.1718398000000001,0.0,false,0.77,0.24,0.57,0.55,79425.08067164588,79421.5,-1.5566014070025886,-0.7554629413949623,3,486
1787925463500,1787925300000,136.5,okxUP+pmDOWN,0.1718398000000001,-0.337842,0.1718398000000001,-0.337842,0.1718398000000001,0.0,false,0.77,0.24,0.57,0.55,79425.08067164588,79421.5,-1.5566014070025886,-0.74287189237098,4,986
1787925464000,1787925300000,136.0,okxUP+pmDOWN,0.1718398000000001,-0.337842,0.1718398000000001,-0.337842,0.1718398000000001,0.0,false,0.77,0.24,0.57,0.55,79425.08067164588,79421.5,-1.5171400315915364,-0.74287189237098,9,386
1787925464500,1787925300000,135.5,okxUP+pmDOWN,0.1224748,-0.3271042000000002,0.1224748,-0.3271042000000002,0.1224748,0.0,false,0.79,0.23,0.63,0.52,79425.08067164588,79421.5,-1.5171400315915364,-0.5162330099539572,5,84
1787925465000,1787925300000,135.0,okxUP+pmDOWN,0.13588620000000007,-0.29431719999999983,0.13588620000000007,-0.29431719999999983,0.13588620000000007,0.0,false,0.85,0.16,0.69,0.43,79425.08067164588,79421.5,-1.5171400315915364,0.40291356874361345,5,87
1787925465522,1787925300000,134.478,okxUP+pmDOWN,0.1254172,-0.32488819999999996,0.1254172,-0.32488819999999996,0.1254172,0.0,false,0.84,0.17,0.69,0.47,79425.08067164588,79421.5,-1.4847395182111942,1.0828302160001788,1,0
1787925466000,1787925300000,134.0,okxUP+pmDOWN,0.1254172,-0.2948287999999999,0.1254172,-0.2948287999999999,0.1254172,0.0,false,0.84,0.17,0.69,0.44,79425.08067164588,79421.5,-1.4678341830824497,1.2213317552548226,3,387
1787925466500,1787925300000,133.5,okxUP+pmDOWN,0.10559319999999994,-0.2647297999999998,0.10559319999999994,-0.2647297999999998,0.10559319999999994,0.0,false,0.84,0.17,0.71,0.41,79425.08067164588,79421.5,-1.4678341830824497,1.4479706376736776,0,87
1787925467000,1787925300000,133.0,okxUP+pmDOWN,0.09684219999999999,-0.2937871999999999,0.09684219999999999,-0.2937871999999999,0.09684219999999999,0.0,false,0.86,0.15,0.74,0.42,79425.08067164588,79421.5,-0.37246190787309774,2.20343357906864,0,87
1787925467500,1787925300000,132.5,okxUP+pmDOWN,0.10733919999999997,-0.3032762,0.10733919999999997,-0.3032762,0.10733919999999997,0.0,false,0.87,0.14,0.74,0.42,79425.08067164588,79421.5,0.33992821301911524,2.20343357906864,5,87
1787925468000,1787925300000,132.0,okxUP+pmDOWN,0.09744699999999995,-0.25304519999999986,0.09744699999999995,-0.25304519999999986,0.09744699999999995,0.0,false,0.87,0.14,0.75,0.37,79425.08067164588,79421.5,0.33992821301911524,2.266388824184887,0,87
1787925468500,1787925300000,131.5,okxUP+pmDOWN,0.09744699999999995,-0.3032762,0.09744699999999995,-0.3032762,0.09744699999999995,0.0,false,0.87,0.14,0.75,0.42,79425.08067164588,79421.5,0.33992821301911524,2.266388824184887,5,186
1787925469000,1787925300000,131.0,okxUP+pmDOWN,0.1172358,-0.31330919999999995,0.1172358,-0.31330919999999995,0.1172358,0.0,false,0.87,0.14,0.73,0.43,79425.08067164588,79421.5,1.2346354183231025,2.3293440693011336,1,188
1787925469501,1787925300000,130.499,okxUP+pmDOWN,0.1172358,-0.31330919999999995,0.1172358,-0.31330919999999995,0.1172358,0.0,false,0.87,0.14,0.73,0.43,79425.08067164588,79421.5,1.2346354183231025,2.3293440693011336,4,188
1787925470003,1787925300000,129.997,okxUP+pmDOWN,0.12713680000000005,-0.33336199999999994,0.12713680000000005,-0.33336199999999994,0.12713680000000005,0.0,false,0.87,0.14,0.72,0.45,79425.08067164588,79421.5,1.4134285801309707,2.3293440693011336,0,90
1787925470500,1787925300000,129.5,okxUP+pmDOWN,0.12713680000000005,-0.33336199999999994,0.12713680000000005,-0.33336199999999994,0.12713680000000005,0.0,false,0.87,0.14,0.72,0.45,79425.08067164588,79421.5,1.5257509944120198,2.3293440693011336,16,90
1787925471001,1787925300000,128.999,okxUP+pmDOWN,0.14695200000000008,-0.34338179999999996,0.14695200000000008,-0.34338179999999996,0.14695200000000008,0.0,false,0.87,0.14,0.7,0.46,79425.08067164588,79421.5,1.5257509944120198,2.3293440693011336,14,88
1787925471500,1787925300000,128.5,okxUP+pmDOWN,0.1364550000000001,-0.3338927999999999,0.1364550000000001,-0.3338927999999999,0.1364550000000001,0.0,false,0.86,0.15,0.7,0.46,79425.08067164588,79421.5,1.5257509944120198,2.3293440693011336,1,88
1787925472000,1787925300000,128.0,okxUP+pmDOWN,0.13588620000000007,-0.2842841999999999,0.13588620000000007,-0.2842841999999999,0.13588620000000007,0.0,false,0.85,0.16,0.69,0.42,79425.08067164588,79421.5,1.5257509944120198,2.102705186882279,2,86
1787925472500,1787925300000,127.5,okxUP+pmDOWN,0.1463692000000001,-0.2937871999999999,0.1463692000000001,-0.2937871999999999,0.1463692000000001,0.0,false,0.86,0.15,0.69,0.42,79425.08067164588,79421.5,1.64518098635496,2.102705186882279,1,86
1787925473000,1787925300000,127.0,okxUP+pmDOWN,0.1463692000000001,-0.31384879999999993,0.1463692000000001,-0.31384879999999993,0.1463692000000001,0.0,false,0.86,0.15,0.69,0.44,79425.08067164588,79421.5,1.6368979051910062,2.102705186882279,0,87
1787925473526,1787925300000,126.474,okxUP+pmDOWN,0.1463692000000001,-0.3439082,0.1463692000000001,-0.3439082,0.1463692000000001,0.0,false,0.86,0.15,0.69,0.47,79425.08067164588,79421.5,1.5911394101357423,2.102705186882279,0,0
1787925474000,1787925300000,126.0,okxUP+pmDOWN,0.1463692000000001,-0.3439082,0.1463692000000001,-0.3439082,0.1463692000000001,0.0,false,0.86,0.15,0.69,0.47,79425.08067164588,79421.5,1.5911394101357423,2.102705186882279,1,87
1787925475000,1787925300000,125.0,okxUP+pmDOWN,0.1370422,-0.2932387999999999,0.1370422,-0.2932387999999999,0.1370422,0.0,false,0.87,0.14,0.71,0.41,79425.08067164588,79421.5,1.5574088566399769,2.102705186882279,0,88
1787925475500,1787925300000,124.5,okxUP+pmDOWN,0.14695200000000008,-0.34338179999999996,0.14695200000000008,-0.34338179999999996,0.14695200000000008,0.0,false,0.87,0.14,0.7,0.46,79425.08067164588,79421.5,1.5574088566399769,2.102705186882279,1,88
1787925476000,1787925300000,124.0,okxUP+pmDOWN,0.1463692000000001,-0.3539192,0.1463692000000001,-0.3539192,0.1463692000000001,0.0,false,0.86,0.15,0.69,0.48,79425.08067164588,79421.5,1.558159926652603,2.052340990790014,6,87
1787925476500,1787925300000,123.5,okxUP+pmDOWN,0.15628779999999998,-0.3539192,0.15628779999999998,-0.3539192,0.15628779999999998,0.0,false,0.86,0.15,0.68,0.48,79425.08067164588,79421.5,1.558159926652603,2.001976794695917,0,87
1787925477001,1787925300000,122.99900000000001,okxUP+pmDOWN,0.15628779999999998,-0.3539192,0.15628779999999998,-0.3539192,0.15628779999999998,0.0,false,0.86,0.15,0.68,0.48,79425.08067164588,79421.5,1.5974412559459068,2.001976794695917,0,87
1787925480001,1787925300000,119.99900000000001,okxUP+pmDOWN,0.2048892,-0.4048529999999999,0.2048892,-0.4048529999999999,0.2048892,0.0,false,0.84,0.17,0.61,0.55,79425.08067164588,79421.5,1.515057279486952,1.3346511964651664,2,185
1787925480501,1787925300000,119.49900000000001,okxUP+pmDOWN,0.1944342000000001,-0.39532199999999995,0.1944342000000001,-0.39532199999999995,0.1944342000000001,0.0,false,0.83,0.18,0.61,0.55,79425.08067164588,79421.5,1.2295661620330733,1.3346511964651664,6,185
1787925481000,1787925300000,119.0,okxUP+pmDOWN,0.2048892,-0.36490580000000006,0.2048892,-0.36490580000000006,0.2048892,0.0,false,0.84,0.17,0.61,0.51,79425.08067164588,79421.5,1.2295661620330733,0.8310092355351915,3,86
1787925481504,1787925300000,118.49600000000001,okxUP+pmDOWN,0.19493979999999989,-0.3948727999999999,0.19493979999999989,-0.3948727999999999,0.19493979999999989,0.0,false,0.84,0.17,0.62,0.54,79425.08067164588,79421.5,1.2295661620330733,0.74287189237098,9,184
1787925482085,1787925300000,117.915,okxUP+pmDOWN,0.19493979999999989,-0.3948727999999999,0.19493979999999989,-0.3948727999999999,0.19493979999999989,0.0,false,0.84,0.17,0.62,0.54,79425.08067164588,79421.5,1.2295661620330733,0.74287189237098,6,184
1787925482501,1787925300000,117.49900000000001,okxUP+pmDOWN,0.21434620000000004,-0.4152691999999998,0.21434620000000004,-0.4152691999999998,0.21434620000000004,0.0,false,0.83,0.18,0.59,0.57,79425.08067164588,79421.5,1.0640042376779055,0.42809566678974575,0,73
1787925483004,1787925300000,116.99600000000001,okxUP+pmDOWN,0.21434620000000004,-0.4152691999999998,0.21434620000000004,-0.4152691999999998,0.21434620000000004,0.0,false,0.83,0.18,0.59,0.57,79425.08067164588,79421.5,0.6306985541292932,0.42809566678974575,0,73
1787925483501,1787925300000,116.49900000000001,okxUP+pmDOWN,0.22480119999999992,-0.42480019999999974,0.22480119999999992,-0.42480019999999974,0.22480119999999992,0.0,false,0.84,0.17,0.59,0.57,79425.08067164588,79421.5,0.5164477257970949,0.42809566678974575,3,73
1787925484000,1787925300000,116.0,okxUP+pmDOWN,0.214843,-0.354908,0.214843,-0.354908,0.214843,0.0,false,0.84,0.17,0.6,0.5,79425.08067164588,79421.5,0.5164477257970949,0.5162330099539572,1,87
1787925486164,1787925300000,113.836,okxUP+pmDOWN,0.10615680000000005,-0.3143699999999998,0.10615680000000005,-0.3143699999999998,0.10615680000000005,0.0,false,0.85,0.16,0.72,0.45,79425.08067164588,79421.5,0.30752140302915887,1.5990632259523039,60,57
1787925486500,1787925300000,113.5,okxUP+pmDOWN,0.14755320000000005,-0.35285679999999986,0.14755320000000005,-0.35285679999999986,0.14755320000000005,0.0,false,0.88,0.13,0.71,0.46,79425.08067164588,79421.5,0.30752140302915887,1.4983348337659423,10,38
1787925487000,1787925300000,113.0,okxUP+pmDOWN,0.14755320000000005,-0.3127511999999999,0.14755320000000005,-0.3127511999999999,0.14755320000000005,0.0,false,0.88,0.13,0.71,0.42,79425.08067164588,79421.5,0.30752140302915887,1.4983348337659423,7,87
1787925487501,1787925300000,112.49900000000001,okxUP+pmDOWN,0.16737720000000011,-0.3328127999999999,0.16737720000000011,-0.3328127999999999,0.16737720000000011,0.0,false,0.88,0.13,0.69,0.44,79425.08067164588,79421.5,0.9189355806359268,1.7375647652087798,0,188
1787925488500,1787925300000,111.5,okxUP+pmDOWN,0.16798800000000014,-0.352298,0.16798800000000014,-0.352298,0.16798800000000014,0.0,false,0.89,0.12,0.7,0.45,79425.08067164588,79421.5,1.3873864855971219,1.7375647652087798,0,83
1787925489000,1787925300000,111.0,okxUP+pmDOWN,0.17790220000000012,-0.3422738000000001,0.17790220000000012,-0.3422738000000001,0.17790220000000012,0.0,false,0.89,0.12,0.69,0.44,79425.08067164588,79421.5,1.2969798317492434,1.7123826671626476,11,187
1787925489501,1787925300000,110.499,okxUP+pmDOWN,0.16798800000000014,-0.302133,0.16798800000000014,-0.302133,0.16798800000000014,0.0,false,0.89,0.12,0.7,0.4,79425.08067164588,79421.5,1.2969798317492434,1.6997916181386652,4,86
1787925490000,1787925300000,110.0,okxUP+pmDOWN,0.16798800000000014,-0.302133,0.16798800000000014,-0.302133,0.16798800000000014,0.0,false,0.89,0.12,0.7,0.4,79425.08067164588,79421.5,1.4157468939661906,1.6997916181386652,14,86
1787925490500,1787925300000,109.5,okxUP+pmDOWN,0.14946720000000002,-0.29086119999999993,0.14946720000000002,-0.29086119999999993,0.14946720000000002,0.0,false,0.91,0.1,0.74,0.37,79425.08067164588,79421.5,1.4157468939661906,2.1530693829763754,0,187
1787925491000,1787925300000,109.0,okxUP+pmDOWN,0.14946720000000002,-0.29086119999999993,0.14946720000000002,-0.29086119999999993,0.14946720000000002,0.0,false,0.91,0.1,0.74,0.37,79425.08067164588,79421.5,1.318446117385109,2.1530693829763754,11,187
1787925491501,1787925300000,108.499,okxUP+pmDOWN,0.1692648000000001,-0.3511252,0.1692648000000001,-0.3511252,0.1692648000000001,0.0,false,0.91,0.1,0.72,0.43,79425.08067164588,79421.5,1.318446117385109,2.3167530202771514,10,85
1787925492000,1787925300000,108.0,okxUP+pmDOWN,0.18908000000000014,-0.371178,0.18908000000000014,-0.371178,0.18908000000000014,0.0,false,0.91,0.1,0.7,0.45,79425.08067164588,79421.5,1.5977492553239068,2.3167530202771514,3,85
1787925492500,1787925300000,107.5,okxUP+pmDOWN,0.18721880000000002,-0.392892,0.18721880000000002,-0.392892,0.18721880000000002,0.0,false,0.88,0.13,0.67,0.5,79425.08067164588,79421.5,1.7143245864287846,2.354526167347266,0,81
1787925493000,1787925300000,107.0,okxUP+pmDOWN,0.18721880000000002,-0.392892,0.18721880000000002,-0.392892,0.18721880000000002,0.0,false,0.88,0.13,0.67,0.5,79425.08067164588,79421.5,1.7143245864287846,2.253797775160905,20,86
1787925493578,1787925300000,106.422,okxUP+pmDOWN,0.18721880000000002,-0.392892,0.18721880000000002,-0.392892,0.18721880000000002,0.0,false,0.88,0.13,0.67,0.5,79425.08067164588,79421.5,1.7143245864287846,2.253797775160905,0,664
1787925494000,1787925300000,106.0,okxUP+pmDOWN,0.18721880000000002,-0.392892,0.18721880000000002,-0.392892,0.18721880000000002,0.0,false,0.88,0.13,0.67,0.5,79425.08067164588,79421.5,1.7143245864287846,2.190842530044658,3,87
1787925494517,1787925300000,105.483,okxUP+pmDOWN,0.18721880000000002,-0.392892,0.18721880000000002,-0.392892,0.18721880000000002,0.0,false,0.88,0.13,0.67,0.5,79425.08067164588,79421.5,1.5959111441211173,1.838293157395141,2,0
1787925495000,1787925300000,105.0,okxUP+pmDOWN,0.19774380000000003,-0.4023530000000002,0.19774380000000003,-0.4023530000000002,0.19774380000000003,0.0,false,0.89,0.12,0.67,0.5,79425.08067164588,79421.5,1.5959111441211173,1.75015581423093,24,86
1787925495500,1787925300000,104.5,okxUP+pmDOWN,0.19774380000000003,-0.4023530000000002,0.19774380000000003,-0.4023530000000002,0.19774380000000003,0.0,false,0.89,0.12,0.67,0.5,79425.08067164588,79421.5,1.5648947177907064,1.674609520092533,7,82
1787925496000,1787925300000,104.0,okxUP+pmDOWN,0.19774380000000003,-0.4023530000000002,0.19774380000000003,-0.4023530000000002,0.19774380000000003,0.0,false,0.89,0.12,0.67,0.5,79425.08067164588,79421.5,1.5648947177907064,1.674609520092533,2,82
1787925496500,1787925300000,103.5,okxUP+pmDOWN,0.19964700000000013,-0.3605442000000001,0.19964700000000013,-0.3605442000000001,0.19964700000000013,0.0,false,0.92,0.09,0.7,0.43,79425.08067164588,79421.5,1.5648947177907064,1.7123826671626476,0,88
1787925497023,1787925300000,102.977,okxUP+pmDOWN,0.15936380000000006,-0.3611538000000001,0.15936380000000006,-0.3611538000000001,0.15936380000000006,0.0,false,0.91,0.1,0.73,0.44,79425.08067164588,79421.5,1.3646780619100234,1.7375647652087798,0,210
1787925497500,1787925300000,102.5,okxUP+pmDOWN,0.1692648000000001,-0.3611538000000001,0.1692648000000001,-0.3611538000000001,0.1692648000000001,0.0,false,0.91,0.1,0.72,0.44,79425.08067164588,79421.5,1.3646780619100234,1.8131110593471769,4,288
1787925498000,1787925300000,102.0,okxUP+pmDOWN,0.1692648000000001,-0.321013,0.1692648000000001,-0.321013,0.1692648000000001,0.0,false,0.91,0.1,0.72,0.4,79425.08067164588,79421.5,1.3142059955925107,1.8131110593471769,3,183
1787925498500,1787925300000,101.5,okxUP+pmDOWN,0.1692648000000001,-0.321013,0.1692648000000001,-0.321013,0.1692648000000001,0.0,false,0.91,0.1,0.72,0.4,79425.08067164588,79421.5,1.3142059955925107,1.8131110593471769,1,87
1787925499000,1787925300000,101.0,okxUP+pmDOWN,0.1692648000000001,-0.371178,0.1692648000000001,-0.371178,0.1692648000000001,0.0,false,0.91,0.1,0.72,0.45,79425.08067164588,79421.5,1.5041270130125377,1.8005200103250265,4,84
1787925499500,1787925300000,100.5,okxUP+pmDOWN,0.1692648000000001,-0.371178,0.1692648000000001,-0.371178,0.1692648000000001,0.0,false,0.91,0.1,0.72,0.45,79425.08067164588,79421.5,1.4693215298719782,1.8005200103250265,19,186
1787925500000,1787925300000,100.0,okxUP+pmDOWN,0.1798318000000001,-0.3805970000000001,0.1798318000000001,-0.3805970000000001,0.1798318000000001,0.0,false,0.92,0.09,0.72,0.45,79425.08067164588,79421.5,1.4693215298719782,1.8005200103250265,5,86
1787925500500,1787925300000,99.5,okxUP+pmDOWN,0.1798318000000001,-0.3805970000000001,0.1798318000000001,-0.3805970000000001,0.1798318000000001,0.0,false,0.92,0.09,0.72,0.45,79425.08067164588,79421.5,1.4693215298719782,1.8005200103250265,16,186
1787925501000,1787925300000,99.0,okxUP+pmDOWN,0.1805118,-0.37997780000000003,0.1805118,-0.37997780000000003,0.1805118,0.0,false,0.93,0.08,0.73,0.44,79425.08067164588,79421.5,1.4867296792216094,1.8005200103250265,0,87
1787925501500,1787925300000,98.5,okxUP+pmDOWN,0.20100780000000007,-0.3993929999999999,0.20100780000000007,-0.3993929999999999,0.20100780000000007,0.0,false,0.94,0.07,0.72,0.45,79425.08067164588,79421.5,1.4867296792216094,1.9390215495796703,7,85
1787925502000,1787925300000,98.0,okxUP+pmDOWN,0.17131799999999997,-0.3793401999999999,0.17131799999999997,-0.3793401999999999,0.17131799999999997,0.0,false,0.94,0.07,0.75,0.43,79425.08067164588,79421.5,1.6544991998367036,2.2286156771147723,3,85
1787925502501,1787925300000,97.499,okxUP+pmDOWN,0.17131799999999997,-0.3793401999999999,0.17131799999999997,-0.3793401999999999,0.17131799999999997,0.0,false,0.94,0.07,0.75,0.43,79425.08067164588,79421.5,1.6544991998367036,2.253797775160905,2,185
1787925503001,1787925300000,96.999,okxUP+pmDOWN,0.2208230000000001,-0.41942820000000003,0.2208230000000001,-0.41942820000000003,0.2208230000000001,0.0,false,0.94,0.07,0.7,0.47,79425.08067164588,79421.5,1.6544991998367036,2.3167530202771514,42,86
1787925503500,1787925300000,96.5,okxUP+pmDOWN,0.2208230000000001,-0.41942820000000003,0.2208230000000001,-0.41942820000000003,0.2208230000000001,0.0,false,0.94,0.07,0.7,0.47,79425.08067164588,79421.5,1.4774894179831193,2.3167530202771514,7,86
1787925504000,1787925300000,96.0,okxUP+pmDOWN,0.2208230000000001,-0.41942820000000003,0.2208230000000001,-0.41942820000000003,0.2208230000000001,0.0,false,0.94,0.07,0.7,0.47,79425.08067164588,79421.5,1.4774894179831193,2.3167530202771514,2,86
1787925504501,1787925300000,95.499,okxUP+pmDOWN,0.24205500000000002,-0.44751720000000006,0.24205500000000002,-0.44751720000000006,0.24205500000000002,0.0,false,0.97,0.05,0.7,0.47,79425.08067164588,79421.5,1.5257478909446547,2.3167530202771514,11,86
1787925505500,1787925300000,94.5,okxUP+pmDOWN,0.09466319999999995,-0.25647220000000015,0.09466319999999995,-0.25647220000000015,0.09466319999999995,0.0,false,0.97,0.04,0.86,0.28,79425.08067164588,79421.5,1.5936546700420415,5.854837795810957,1,85
1787925506001,1787925300000,93.999,okxUP+pmDOWN,0.09466319999999995,-0.25647220000000015,0.09466319999999995,-0.25647220000000015,0.09466319999999995,0.0,false,0.97,0.04,0.86,0.28,79425.08067164588,79421.5,1.585771544017123,5.854837795810957,3,85
1787925506500,1787925300000,93.5,okxUP+pmDOWN,0.06515819999999994,-0.2665667999999999,0.06515819999999994,-0.2665667999999999,0.06515819999999994,0.0,false,0.97,0.04,0.89,0.29,79425.08067164588,79421.5,1.585771544017123,5.854837795810957,2,86
1787925507001,1787925300000,92.999,okxUP+pmDOWN,0.045510199999999945,-0.25647220000000015,0.045510199999999945,-0.25647220000000015,0.045510199999999945,0.0,false,0.97,0.04,0.91,0.28,79425.08067164588,79421.5,4.575052864247342,5.854837795810957,15,86
1787925507500,1787925300000,92.5,okxUP+pmDOWN,0.05616120000000002,-0.26580720000000024,0.05616120000000002,-0.26580720000000024,0.05616120000000002,0.0,false,0.98,0.03,0.91,0.28,79425.08067164588,79421.5,4.575052864247342,5.854837795810957,1,86
1787925508000,1787925300000,92.0,okxUP+pmDOWN,0.05700879999999986,-0.2549258000000001,0.05700879999999986,-0.2549258000000001,0.05700879999999986,0.0,false,0.99,0.02,0.92,0.26,79425.08067164588,79421.5,4.575052864247342,6.396252903811047,3,88
1787925508500,1787925300000,91.5,okxUP+pmDOWN,0.05700879999999986,-0.2549258000000001,0.05700879999999986,-0.2549258000000001,0.05700879999999986,0.0,false,0.99,0.02,0.92,0.26,79425.08067164588,79421.5,4.8656268404665335,6.396252903811047,0,88
1787925509000,1787925300000,91.0,okxUP+pmDOWN,0.05700879999999986,-0.2549258000000001,0.05700879999999986,-0.2549258000000001,0.05700879999999986,0.0,false,0.99,0.02,0.92,0.26,79425.08067164588,79421.5,4.919696648435271,6.371070805764915,13,87
1787925509500,1787925300000,90.5,okxUP+pmDOWN,0.05700879999999986,-0.2549258000000001,0.05700879999999986,-0.2549258000000001,0.05700879999999986,0.0,false,0.99,0.02,0.92,0.26,79425.08067164588,79421.5,4.919696648435271,6.371070805764915,3,87
1787925510000,1787925300000,90.0,okxUP+pmDOWN,0.05700879999999986,-0.2549258000000001,0.05700879999999986,-0.2549258000000001,0.05700879999999986,0.0,false,0.99,0.02,0.92,0.26,79425.08067164588,79421.5,5.382197469091934,6.371070805764915,2,88
1787925510500,1787925300000,89.5,okxUP+pmDOWN,0.05700879999999986,-0.2549258000000001,0.05700879999999986,-0.2549258000000001,0.05700879999999986,0.0,false,0.99,0.02,0.92,0.26,79425.08067164588,79421.5,5.633432773600484,6.371070805764915,16,88
1787925511000,1787925300000,89.0,okxUP+pmDOWN,0.05700879999999986,-0.2549258000000001,0.05700879999999986,-0.2549258000000001,0.05700879999999986,0.0,false,0.99,0.02,0.92,0.26,79425.08067164588,79421.5,5.633432773600484,6.496981295997409,1,287
1787925511500,1787925300000,88.5,okxUP+pmDOWN,0.05700879999999986,-0.2549258000000001,0.05700879999999986,-0.2549258000000001,0.05700879999999986,0.0,false,0.99,0.02,0.92,0.26,79425.08067164588,79421.5,5.641867566918506,6.496981295997409,1,287
1787925512000,1787925300000,88.0,okxUP+pmDOWN,0.05700879999999986,-0.2650292000000001,0.05700879999999986,-0.2650292000000001,0.05700879999999986,0.0,false,0.99,0.02,0.92,0.27,79425.08067164588,79421.5,5.641867566918506,6.496981295997409,0,487
1787925512500,1787925300000,87.5,okxUP+pmDOWN,0.05700879999999986,-0.2650292000000001,0.05700879999999986,-0.2650292000000001,0.05700879999999986,0.0,false,0.99,0.02,0.92,0.27,79425.08067164588,79421.5,5.663314438210362,6.496981295997409,17,487
1787925513000,1787925300000,87.0,okxUP+pmDOWN,0.05700879999999986,-0.2650292000000001,0.05700879999999986,-0.2650292000000001,0.05700879999999986,0.0,false,0.99,0.02,0.92,0.27,79425.08067164588,79421.5,5.663314438210362,6.496981295997409,12,487
1787925514501,1787925300000,85.499,okxUP+pmDOWN,0.0471957999999999,-0.2549258000000001,0.0471957999999999,-0.2549258000000001,0.0471957999999999,0.0,false,0.99,0.02,0.93,0.26,79425.08067164588,79421.5,5.746497486191786,6.610300737205921,4,87
1787925515000,1787925300000,85.0,okxUP+pmDOWN,0.0471957999999999,-0.2549258000000001,0.0471957999999999,-0.2549258000000001,0.0471957999999999,0.0,false,0.99,0.02,0.93,0.26,79425.08067164588,79421.5,5.746497486191786,6.610300737205921,0,87
1787925515500,1787925300000,84.5,okxUP+pmDOWN,0.0471957999999999,-0.2549258000000001,0.0471957999999999,-0.2549258000000001,0.0471957999999999,0.0,false,0.99,0.02,0.93,0.26,79425.08067164588,79421.5,5.746497486191786,6.610300737205921,3,87
1787925608500,1787925600000,291.5,okxUP+pmDOWN,0.02763480000000007,-0.151818,0.02763480000000007,-0.151818,0.02763480000000007,0.0,false,0.19,0.83,0.13,0.95,79401.29613895463,79333.1,-7.883395246635612,2.0168126544910003,0,279
1787925609000,1787925600000,291.0,okxUP+pmDOWN,0.04673879999999986,-0.16224499999999997,0.04673879999999986,-0.16224499999999997,0.04673879999999986,0.0,false,0.2,0.81,0.13,0.95,79401.29613895463,79333.1,-6.159644624442661,2.0168126544910003,4,279
1787925609500,1787925600000,290.5,okxUP+pmDOWN,0.04673879999999986,-0.16224499999999997,0.04673879999999986,-0.16224499999999997,0.04673879999999986,0.0,false,0.2,0.81,0.13,0.95,79401.29613895463,79333.1,-6.159644624442661,2.9874037444644275,0,385
1787925610001,1787925600000,289.999,okxUP+pmDOWN,0.05631179999999991,-0.17265799999999998,0.05631179999999991,-0.17265799999999998,0.05631179999999991,0.0,false,0.21,0.8,0.13,0.95,79401.29613895463,79333.1,-5.380050549522498,2.9874037444644275,0,385
1787925930000,1787925900000,270.0,okxUP+pmDOWN,0.04023119999999991,-0.09954119999999977,0.04023119999999991,-0.09954119999999977,0.04023119999999991,0.0,false,0.71,0.3,0.64,0.37,78804.43848486495,78801.6,9.656014534712503,16.26870520395488,0,82
1787925930500,1787925900000,269.5,okxUP+pmDOWN,0.04023119999999991,-0.09954119999999977,0.04023119999999991,-0.09954119999999977,0.04023119999999991,0.0,false,0.71,0.3,0.64,0.37,78804.43848486495,78801.6,9.656014534712503,16.26870520395488,2,82
1787925931001,1787925900000,268.999,okxUP+pmDOWN,0.009454199999999968,-0.07036019999999987,0.009454199999999968,-0.07036019999999987,0.009454199999999968,0.0,false,0.68,0.33,0.64,0.37,78804.43848486495,78801.6,13.479110415002193,15.481919148849768,6,80
1787925931500,1787925900000,268.5,okxUP+pmDOWN,0.029958199999999935,-0.08982819999999991,0.029958199999999935,-0.08982819999999991,0.029958199999999935,0.0,false,0.7,0.31,0.64,0.37,78804.43848486495,78801.6,14.945278072362548,15.481919148849768,3,80
1787925932000,1787925900000,268.0,okxUP+pmDOWN,0.029958199999999935,-0.09988320000000006,0.029958199999999935,-0.09988320000000006,0.029958199999999935,0.0,false,0.7,0.31,0.64,0.38,78804.43848486495,78801.6,14.945278072362548,15.596130027815953,0,82
1787925932500,1787925900000,267.5,okxUP+pmDOWN,0.04023119999999991,-0.10959620000000014,0.04023119999999991,-0.10959620000000014,0.04023119999999991,0.0,false,0.71,0.3,0.64,0.38,78804.43848486495,78801.6,15.417448490339279,15.596130027815953,1,82
1787925947000,1787925900000,253.0,okxUP+pmDOWN,0.007563000000000097,-0.14218920000000024,0.007563000000000097,-0.14218920000000024,0.007563000000000097,0.0,false,0.45,0.57,0.4,0.67,78804.43848486495,78801.6,0.055905632342640295,-5.875515217965487,5,66
1787926136000,1787925900000,64.0,okxUP+pmDOWN,0.016602999999999923,-0.06305779999999994,0.016602999999999923,-0.06305779999999994,0.016602999999999923,0.0,false,0.84,0.17,0.8,0.21,78804.43848486495,78801.6,10.283159308837512,11.015004771475242,13,79
1787926137000,1787925900000,63.0,okxUP+pmDOWN,0.027071999999999985,-0.07257479999999994,0.027071999999999985,-0.07257479999999994,0.027071999999999985,0.0,false,0.85,0.16,0.8,0.21,78804.43848486495,78801.6,10.869598921168196,11.015004771475242,3,79
1787926144500,1787925900000,55.5,okxUP+pmDOWN,0.037387199999999954,-0.08249480000000009,0.037387199999999954,-0.08249480000000009,0.037387199999999954,0.0,false,0.99,0.02,0.94,0.09,78804.43848486495,78801.6,15.336172136847,23.311709406915224,2,83
1787926164500,1787925900000,35.5,okxUP+pmDOWN,0.027583000000000024,-0.1434979999999999,0.027583000000000024,-0.1434979999999999,0.027583000000000024,0.0,false,0.99,0.02,0.95,0.15,78804.43848486495,78801.6,10.818235202946793,9.898276177133459,6,89
1787927036001,1787926800000,63.999,pmUP+okxDOWN,0.001546200000000053,0.001546200000000053,-0.07868980000000003,0.001546200000000053,-0.07868980000000003,0.0,true,0.1,0.91,0.16,0.89,78886.28874529387,78886.3,-14.026955388969908,-14.400472578889595,6,85
1787927038021,1787926800000,61.979,pmUP+okxDOWN,0.02505579999999996,0.02505579999999996,-0.1053367999999999,0.02505579999999996,-0.1053367999999999,0.0,true,0.05,0.96,0.14,0.92,78886.28874529387,78886.3,-13.620595653353199,-15.414590366135288,0,105
1787927040500,1787926800000,59.5,pmUP+okxDOWN,0.0079878000000001,0.0079878000000001,-0.1231812000000001,0.0079878000000001,-0.1231812000000001,0.0,true,0.02,0.99,0.13,0.97,78886.28874529387,78886.3,-14.481365489088411,-17.556914191691078,1,85
1787927041000,1787926800000,59.0,pmUP+okxDOWN,0.0079878000000001,0.0079878000000001,-0.11301620000000012,0.0079878000000001,-0.11301620000000012,0.0,true,0.02,0.99,0.12,0.97,78886.28874529387,78886.3,-14.38407278511426,-17.56959066403239,1,81
1787927041513,1787926800000,58.487,pmUP+okxDOWN,0.0079878000000001,0.0079878000000001,-0.11301620000000012,0.0079878000000001,-0.11301620000000012,0.0,true,0.02,0.99,0.12,0.97,78886.28874529387,78886.3,-14.455078665554455,-18.380884893828206,0,57
1787927042181,1787926800000,57.819,pmUP+okxDOWN,0.0079878000000001,0.0079878000000001,-0.11301620000000012,0.0079878000000001,-0.11301620000000012,0.0,true,0.02,0.99,0.12,0.97,78886.28874529387,78886.3,-14.455078665554455,-18.67244375766171,88,8
1787927042561,1787926800000,57.439,pmUP+okxDOWN,0.0079878000000001,0.0079878000000001,-0.10284680000000002,0.0079878000000001,-0.10284680000000002,0.0,true,0.02,0.99,0.11,0.97,78886.28874529387,78886.3,-14.455078665554455,-18.799208481067424,39,0
1787927130000,1787927100000,270.0,okxUP+pmDOWN,0.018841200000000113,-0.21096820000000016,0.018841200000000113,-0.21096820000000016,0.018841200000000113,0.0,false,0.67,0.35,0.61,0.52,78809.48772470834,78808.5,1.1455754787576269,0.12688986594085663,1,94
1787927130500,1787927100000,269.5,okxUP+pmDOWN,0.039289200000000024,-0.22072320000000012,0.039289200000000024,-0.22072320000000012,0.039289200000000024,0.0,false,0.68,0.33,0.61,0.52,78809.48772470834,78808.5,0.35329437207099496,0.12688986594085663,16,94
1787927131005,1787927100000,268.995,okxUP+pmDOWN,0.029339800000000027,-0.23071220000000014,0.029339800000000027,-0.23071220000000014,0.029339800000000027,0.0,false,0.68,0.33,0.62,0.53,78809.48772470834,78808.5,0.35329437207099496,0.8247841286155682,0,97
1787927136000,1787927100000,264.0,okxUP+pmDOWN,0.10060800000000003,-0.25929480000000016,0.10060800000000003,-0.25929480000000016,0.10060800000000003,0.0,false,0.73,0.28,0.6,0.51,78809.48772470834,78808.5,1.943380038315148,2.981911849610131,0,93
1787927136500,1787927100000,263.5,okxUP+pmDOWN,0.10060800000000003,-0.25929480000000016,0.10060800000000003,-0.25929480000000016,0.10060800000000003,0.0,false,0.73,0.28,0.6,0.51,78809.48772470834,78808.5,1.8600366935344117,2.981911849610131,0,93
1787927137001,1787927100000,262.999,okxUP+pmDOWN,0.1109230000000001,-0.26896580000000014,0.1109230000000001,-0.26896580000000014,0.1109230000000001,0.0,false,0.74,0.27,0.6,0.51,78809.48772470834,78808.5,1.8600366935344117,2.981911849610131,15,93
1787927139000,1787927100000,261.0,okxUP+pmDOWN,0.09222699999999995,-0.18767699999999987,0.09222699999999995,-0.18767699999999987,0.09222699999999995,0.0,false,0.77,0.24,0.65,0.4,78809.48772470834,78808.5,3.84406283576195,6.090713565161119,0,94
1787927139500,1787927100000,260.5,okxUP+pmDOWN,0.11298299999999994,-0.206893,0.11298299999999994,-0.206893,0.11298299999999994,0.0,false,0.79,0.22,0.65,0.4,78809.48772470834,78808.5,3.84406283576195,6.090713565161119,3,94
1787927140000,1787927100000,260.0,okxUP+pmDOWN,0.10305120000000001,-0.1968468000000001,0.10305120000000001,-0.1968468000000001,0.10305120000000001,0.0,false,0.79,0.22,0.66,0.39,78809.48772470834,78808.5,3.7027124994984524,6.331804310448008,2,294
1787927140501,1787927100000,259.499,okxUP+pmDOWN,0.10305120000000001,-0.24703380000000008,0.10305120000000001,-0.24703380000000008,0.10305120000000001,0.0,false,0.79,0.22,0.66,0.44,78809.48772470834,78808.5,4.110300164846273,6.331804310448008,5,491
1787927141000,1787927100000,259.0,okxUP+pmDOWN,0.11298299999999994,-0.3171108,0.11298299999999994,-0.3171108,0.11298299999999994,0.0,false,0.79,0.22,0.65,0.51,78809.48772470834,78808.5,4.110300164846273,6.230292417696799,0,93
1787927141501,1787927100000,258.499,okxUP+pmDOWN,0.052087799999999906,-0.228213,0.052087799999999906,-0.228213,0.052087799999999906,0.0,false,0.76,0.25,0.68,0.45,78809.48772470834,78808.5,4.110300164846273,5.6846659941507465,0,94
1787927142000,1787927100000,258.0,okxUP+pmDOWN,0.032255000000000034,-0.228213,0.032255000000000034,-0.228213,0.032255000000000034,0.0,false,0.76,0.25,0.7,0.45,78809.48772470834,78808.5,4.110300164846273,5.316685382921154,5,93
1787927142500,1787927100000,257.5,okxUP+pmDOWN,0.06159519999999996,-0.25862280000000015,0.06159519999999996,-0.25862280000000015,0.06159519999999996,0.0,false,0.75,0.26,0.66,0.49,78809.48772470834,78808.5,6.75903589522065,4.047786723512588,2,92
1787927143000,1787927100000,257.0,okxUP+pmDOWN,0.06159519999999996,-0.25862280000000015,0.06159519999999996,-0.25862280000000015,0.06159519999999996,0.0,false,0.75,0.26,0.66,0.49,78809.48772470834,78808.5,6.75903589522065,4.047786723512588,1,92
1787927143500,1787927100000,256.5,okxUP+pmDOWN,0.03182620000000003,-0.15835880000000024,0.03182620000000003,-0.15835880000000024,0.03182620000000003,0.0,false,0.75,0.26,0.69,0.39,78809.48772470834,78808.5,6.75903589522065,5.329374369515979,2,93
1787927144000,1787927100000,256.0,okxUP+pmDOWN,0.05252620000000008,-0.1776308000000002,0.05252620000000008,-0.1776308000000002,0.05252620000000008,0.0,false,0.77,0.24,0.69,0.39,78809.48772470834,78808.5,6.203567080783572,5.329374369515979,0,93
1787927144500,1787927100000,255.5,okxUP+pmDOWN,0.05298300000000011,-0.24745700000000004,0.05298300000000011,-0.24745700000000004,0.05298300000000011,0.0,false,0.78,0.23,0.7,0.45,78809.48772470834,78808.5,6.203567080783572,5.329374369515979,0,94
1787927145000,1787927100000,255.0,okxUP+pmDOWN,0.043073200000000034,-0.1771952000000001,0.043073200000000034,-0.1771952000000001,0.043073200000000034,0.0,false,0.78,0.23,0.71,0.38,78809.48772470834,78808.5,5.266642509783696,5.405508289081231,0,94
1787927145500,1787927100000,254.5,okxUP+pmDOWN,0.013862999999999959,-0.14654980000000006,0.013862999999999959,-0.14654980000000006,0.013862999999999959,0.0,false,0.79,0.22,0.75,0.34,78809.48772470834,78808.5,5.266642509783696,5.989201672408064,0,93
1787927146001,1787927100000,253.999,okxUP+pmDOWN,0.024262000000000006,-0.21648,0.024262000000000006,-0.21648,0.024262000000000006,0.0,false,0.8,0.21,0.75,0.4,78809.48772470834,78808.5,5.266642509783696,6.572895055736743,0,94
1787927146500,1787927100000,253.5,okxUP+pmDOWN,0.013862999999999959,-0.206893,0.013862999999999959,-0.206893,0.013862999999999959,0.0,false,0.79,0.22,0.75,0.4,78809.48772470834,78808.5,5.311705037075458,6.572895055736743,0,94
1787927147000,1787927100000,253.0,okxUP+pmDOWN,0.023755199999999976,-0.1968468000000001,0.023755199999999976,-0.1968468000000001,0.023755199999999976,0.0,false,0.79,0.22,0.74,0.39,78809.48772470834,78808.5,5.311705037075458,6.458694176388865,2,94
1787927147501,1787927100000,252.499,okxUP+pmDOWN,0.013370199999999999,-0.18724580000000013,0.013370199999999999,-0.18724580000000013,0.013370199999999999,0.0,false,0.78,0.23,0.74,0.39,78809.48772470834,78808.5,5.840587737987189,6.458694176388865,2,94
1787927148500,1787927100000,251.5,okxUP+pmDOWN,0.003477999999999981,-0.19729200000000002,0.003477999999999981,-0.19729200000000002,0.003477999999999981,0.0,false,0.78,0.23,0.75,0.4,78809.48772470834,78808.5,6.930096053385287,6.166847484726371,2,93
1787927149500,1787927100000,250.5,okxUP+pmDOWN,0.013370199999999999,-0.2173712000000001,0.013370199999999999,-0.2173712000000001,0.013370199999999999,0.0,false,0.78,0.23,0.74,0.42,78809.48772470834,78808.5,6.787199622050559,6.1541584981315465,3,93
1787927150001,1787927100000,249.999,okxUP+pmDOWN,0.023755199999999976,-0.22697220000000007,0.023755199999999976,-0.22697220000000007,0.023755199999999976,0.0,false,0.79,0.22,0.74,0.42,78809.48772470834,78808.5,6.787199622050559,6.1541584981315465,4,93
1787927150502,1787927100000,249.49800000000002,okxUP+pmDOWN,0.013370199999999999,-0.2073338,0.013370199999999999,-0.2073338,0.013370199999999999,0.0,false,0.78,0.23,0.74,0.41,78809.48772470834,78808.5,6.787199622050559,6.192225457914173,4,94
1787927151000,1787927100000,249.0,okxUP+pmDOWN,0.013370199999999999,-0.2073338,0.013370199999999999,-0.2073338,0.013370199999999999,0.0,false,0.78,0.23,0.74,0.41,78809.48772470834,78808.5,6.471218733859006,6.192225457914173,2,94
1787927151500,1787927100000,248.5,okxUP+pmDOWN,0.013370199999999999,-0.2073338,0.013370199999999999,-0.2073338,0.013370199999999999,0.0,false,0.78,0.23,0.74,0.41,78809.48772470834,78808.5,6.471218733859006,6.1795364713193495,5,94
1787927152000,1787927100000,248.0,okxUP+pmDOWN,0.043073200000000034,-0.2173712000000001,0.043073200000000034,-0.2173712000000001,0.043073200000000034,0.0,false,0.78,0.23,0.71,0.42,78809.48772470834,78808.5,6.549604667234014,6.090713565161119,24,94
1787927152500,1787927100000,247.5,okxUP+pmDOWN,0.043073200000000034,-0.2173712000000001,0.043073200000000034,-0.2173712000000001,0.043073200000000034,0.0,false,0.78,0.23,0.71,0.42,78809.48772470834,78808.5,6.549604667234014,6.090713565161119,2,94
1787927153001,1787927100000,246.999,okxUP+pmDOWN,0.012895800000000013,-0.20775619999999995,0.012895800000000013,-0.20775619999999995,0.012895800000000013,0.0,false,0.77,0.24,0.73,0.42,78809.48772470834,78808.5,6.549604667234014,5.760799913714153,30,93
1787927153500,1787927100000,246.5,okxUP+pmDOWN,0.023755199999999976,-0.21693479999999998,0.023755199999999976,-0.21693479999999998,0.023755199999999976,0.0,false,0.79,0.22,0.74,0.41,78809.48772470834,78808.5,6.514247953579068,5.773488900308977,0,94
1787927154000,1787927100000,246.0,okxUP+pmDOWN,0.023755199999999976,-0.21693479999999998,0.023755199999999976,-0.21693479999999998,0.023755199999999976,0.0,false,0.79,0.22,0.74,0.41,78809.48772470834,78808.5,6.514247953579068,5.773488900308977,11,94
1787927154501,1787927100000,245.499,okxUP+pmDOWN,0.02279680000000006,-0.2177891999999999,0.02279680000000006,-0.2177891999999999,0.02279680000000006,0.0,false,0.77,0.24,0.72,0.43,78809.48772470834,78808.5,6.3497576205093065,5.164417543792496,0,93
1787927155000,1787927100000,245.0,okxUP+pmDOWN,0.0124398,-0.20816020000000002,0.0124398,-0.20816020000000002,0.0124398,0.0,false,0.76,0.25,0.72,0.43,78809.48772470834,78808.5,6.3497576205093065,5.164417543792496,4,93
1787927155500,1787927100000,244.5,okxUP+pmDOWN,0.039584799999999976,-0.24045320000000014,0.039584799999999976,-0.24045320000000014,0.039584799999999976,0.0,false,0.69,0.32,0.62,0.53,78809.48772470834,78808.5,6.144380214641746,0.7232722358625134,4,93
1787927156000,1787927100000,244.0,okxUP+pmDOWN,0.039584799999999976,-0.24045320000000014,0.039584799999999976,-0.24045320000000014,0.039584799999999976,0.0,false,0.69,0.32,0.62,0.53,78809.48772470834,78808.5,6.144380214641746,0.7232722358625134,4,93
1787927156500,1787927100000,243.5,okxUP+pmDOWN,0.029339800000000027,-0.23071220000000014,0.029339800000000027,-0.23071220000000014,0.029339800000000027,0.0,false,0.68,0.33,0.62,0.53,78809.48772470834,78808.5,6.144380214641746,0.7232722358625134,0,93
1787927158000,1787927100000,242.0,okxUP+pmDOWN,0.08861019999999997,-0.33071300000000003,0.08861019999999997,-0.33071300000000003,0.08861019999999997,0.0,false,0.66,0.35,0.54,0.65,78809.48772470834,78808.5,4.040133499503321,-1.1166308202799078,1,93
1787927158500,1787927100000,241.5,okxUP+pmDOWN,0.0784071999999999,-0.32092999999999994,0.0784071999999999,-0.32092999999999994,0.0784071999999999,0.0,false,0.65,0.36,0.54,0.65,78809.48772470834,78808.5,4.040133499503321,-1.1166308202799078,2,93
1787927159001,1787927100000,240.999,okxUP+pmDOWN,0.0782027999999999,-0.25144980000000006,0.0782027999999999,-0.25144980000000006,0.0782027999999999,0.0,false,0.64,0.37,0.53,0.59,78809.48772470834,78808.5,1.2293457765964004,-1.7383911633893665,3,94
1787927159501,1787927100000,240.499,okxUP+pmDOWN,0.0782027999999999,-0.25144980000000006,0.0782027999999999,-0.25144980000000006,0.0782027999999999,0.0,false,0.64,0.37,0.53,0.59,78809.48772470834,78808.5,1.2293457765964004,-1.7383911633893665,2,94
1787927160000,1787927100000,240.0,okxUP+pmDOWN,0.06770219999999993,-0.24188680000000007,0.06770219999999993,-0.24188680000000007,0.06770219999999993,0.0,false,0.61,0.4,0.51,0.61,78809.48772470834,78808.5,1.2293457765964004,-3.438715366997953,0,92
1787927160500,1787927100000,239.5,okxUP+pmDOWN,0.05756919999999999,-0.23203379999999996,0.05756919999999999,-0.23203379999999996,0.05756919999999999,0.0,false,0.6,0.41,0.51,0.61,78809.48772470834,78808.5,0.4654604146526424,-3.438715366997953,1,92
1787927161000,1787927100000,239.0,okxUP+pmDOWN,0.03758680000000003,-0.24198320000000018,0.03758680000000003,-0.24198320000000018,0.03758680000000003,0.0,false,0.6,0.41,0.53,0.62,78809.48772470834,78808.5,0.4654604146526424,-3.438715366997953,2,93
1787927161500,1787927100000,238.5,okxUP+pmDOWN,0.03773519999999986,-0.24188680000000007,0.03773519999999986,-0.24188680000000007,0.03773519999999986,0.0,false,0.61,0.4,0.54,0.61,78809.48772470834,78808.5,-0.5859256369423017,-3.60367219271959,8,61
1787927162245,1787927100000,237.755,okxUP+pmDOWN,0.027467800000000042,-0.23211619999999988,0.027467800000000042,-0.23211619999999988,0.027467800000000042,0.0,false,0.59,0.42,0.53,0.62,78809.48772470834,78808.5,-0.5859256369423017,-4.073164696702237,0,310
1787927162501,1787927100000,237.499,okxUP+pmDOWN,0.027467800000000042,-0.23211619999999988,0.027467800000000042,-0.23211619999999988,0.027467800000000042,0.0,false,0.59,0.42,0.53,0.62,78809.48772470834,78808.5,-0.5859256369423017,-4.009719763731808,0,148
1787927163000,1787927100000,237.0,okxUP+pmDOWN,0.027467800000000042,-0.23211619999999988,0.027467800000000042,-0.23211619999999988,0.027467800000000042,0.0,false,0.59,0.42,0.53,0.62,78809.48772470834,78808.5,-2.904759524904949,-4.009719763731808,4,148
1787927163502,1787927100000,236.49800000000002,okxUP+pmDOWN,0.0279261999999999,-0.21188419999999986,0.0279261999999999,-0.21188419999999986,0.0279261999999999,0.0,false,0.62,0.39,0.56,0.57,78809.48772470834,78808.5,-2.904759524904949,-3.2103136083040424,0,95
1787927164000,1787927100000,236.0,okxUP+pmDOWN,0.03829080000000007,-0.2414871999999999,0.03829080000000007,-0.2414871999999999,0.03829080000000007,0.0,false,0.64,0.37,0.57,0.58,78809.48772470834,78808.5,-2.904759524904949,-2.37284049309365,3,193
1787927164500,1787927100000,235.5,okxUP+pmDOWN,0.028115800000000135,-0.17180820000000008,0.028115800000000135,-0.17180820000000008,0.028115800000000135,0.0,false,0.63,0.38,0.57,0.52,78809.48772470834,78808.5,-3.165965809277226,-2.3093955601232214,1,193
1787927165001,1787927100000,234.999,okxUP+pmDOWN,0.03829080000000007,-0.2414871999999999,0.03829080000000007,-0.2414871999999999,0.03829080000000007,0.0,false,0.64,0.37,0.57,0.58,78809.48772470834,78808.5,-3.165965809277226,-2.3474625199058474,9,95
1787927165501,1787927100000,234.499,okxUP+pmDOWN,0.02832380000000001,-0.2414871999999999,0.02832380000000001,-0.2414871999999999,0.02832380000000001,0.0,false,0.64,0.37,0.58,0.58,78809.48772470834,78808.5,-3.4130537717203646,-2.271328600340595,12,94
1787927166000,1787927100000,234.0,okxUP+pmDOWN,0.03829080000000007,-0.2414871999999999,0.03829080000000007,-0.2414871999999999,0.03829080000000007,0.0,false,0.64,0.37,0.57,0.58,78809.48772470834,78808.5,-3.4130537717203646,-2.2586396137476172,10,93
1787927166500,1787927100000,233.5,okxUP+pmDOWN,0.03745680000000007,-0.27186979999999994,0.03745680000000007,-0.27186979999999994,0.03745680000000007,0.0,false,0.59,0.42,0.52,0.66,78809.48772470834,78808.5,-3.4130537717203646,-4.568035173870839,4,90
1787927167000,1787927100000,233.0,okxUP+pmDOWN,0.017260799999999965,-0.22228519999999974,0.017260799999999965,-0.22228519999999974,0.017260799999999965,0.0,false,0.57,0.44,0.52,0.63,78809.48772470834,78808.5,-1.9887603310503126,-4.847192878940354,0,188
1787927167500,1787927100000,232.5,okxUP+pmDOWN,0.03725199999999995,-0.24216199999999977,0.03725199999999995,-0.24216199999999977,0.03725199999999995,0.0,false,0.57,0.44,0.5,0.65,78809.48772470834,78808.5,-1.9887603310503126,-4.948704771693408,4,94
1787927168000,1787927100000,232.0,okxUP+pmDOWN,0.047343000000000024,-0.252057,0.047343000000000024,-0.252057,0.047343000000000024,0.0,false,0.58,0.43,0.5,0.65,78809.48772470834,78808.5,-1.6983456276177604,-4.948704771693408,0,94
1787927168500,1787927100000,231.5,okxUP+pmDOWN,0.07717079999999998,-0.29176020000000014,0.07717079999999998,-0.29176020000000014,0.07717079999999998,0.0,false,0.55,0.47,0.43,0.72,78809.48772470834,78808.5,-1.6983456276177604,-8.133640406809649,35,92
1787927169000,1787927100000,231.0,okxUP+pmDOWN,0.01717079999999993,-0.22190719999999997,0.01717079999999993,-0.22190719999999997,0.01717079999999993,0.0,false,0.48,0.53,0.43,0.72,78809.48772470834,78808.5,-1.6983456276177604,-8.133640406809649,2,92
1787927171000,1787927100000,229.0,okxUP+pmDOWN,0.007430199999999942,-0.19176020000000005,0.007430199999999942,-0.19176020000000005,0.007430199999999942,0.0,false,0.45,0.56,0.41,0.72,78809.48772470834,78808.5,-4.5159301097368365,-9.92278751657462,0,189
1787927184000,1787927100000,216.0,okxUP+pmDOWN,0.057247999999999855,-0.2616179999999999,0.057247999999999855,-0.2616179999999999,0.057247999999999855,0.0,false,0.49,0.52,0.4,0.75,78809.48772470834,78808.5,-12.15706679593176,-9.846653597011214,2,92
1787927184501,1787927100000,215.499,okxUP+pmDOWN,0.03733199999999992,-0.24156199999999983,0.03733199999999992,-0.24156199999999983,0.03733199999999992,0.0,false,0.47,0.54,0.4,0.75,78809.48772470834,78808.5,-11.68387022040786,-9.846653597011214,36,92
1787927185000,1787927100000,215.0,okxUP+pmDOWN,0.07754320000000003,-0.2909569999999999,0.07754320000000003,-0.2909569999999999,0.07754320000000003,0.0,false,0.47,0.54,0.36,0.8,78809.48772470834,78808.5,-11.68387022040786,-11.81344651909449,382,192
1787927185500,1787927100000,214.5,okxUP+pmDOWN,0.07754320000000003,-0.26133319999999993,0.07754320000000003,-0.26133319999999993,0.07754320000000003,0.0,false,0.47,0.54,0.36,0.77,78809.48772470834,78808.5,-11.68387022040786,-11.9149584118457,882,93
1787927186000,1787927100000,214.0,okxUP+pmDOWN,0.09767519999999996,-0.30082279999999995,0.09767519999999996,-0.30082279999999995,0.09767519999999996,0.0,false,0.47,0.54,0.34,0.81,78809.48772470834,78808.5,-9.813504305280038,-12.942766325967376,1382,94
1787927186500,1787927100000,213.5,okxUP+pmDOWN,0.09767519999999996,-0.30082279999999995,0.09767519999999996,-0.30082279999999995,0.09767519999999996,0.0,false,0.47,0.54,0.34,0.81,78809.48772470834,78808.5,-9.767331363192605,-12.942766325967376,1882,94
1787927187001,1787927100000,212.999,okxUP+pmDOWN,0.09767519999999996,-0.30082279999999995,0.09767519999999996,-0.30082279999999995,0.09767519999999996,0.0,false,0.47,0.54,0.34,0.81,78809.48772470834,78808.5,-9.767331363192605,-12.942766325967376,2383,94
1787927187501,1787927100000,212.499,okxUP+pmDOWN,0.09767519999999996,-0.2712121999999999,0.09767519999999996,-0.2712121999999999,0.09767519999999996,0.0,false,0.47,0.54,0.34,0.78,78809.48772470834,78808.5,-11.68358371138902,-13.01890024553263,2883,95
1787927188001,1787927100000,211.999,okxUP+pmDOWN,0.09767519999999996,-0.2712121999999999,0.09767519999999996,-0.2712121999999999,0.09767519999999996,0.0,false,0.47,0.54,0.34,0.78,78809.48772470834,78808.5,-11.68358371138902,-13.01890024553263,3383,95
1787927188500,1787927100000,211.5,okxUP+pmDOWN,0.01857120000000001,-0.2003028,0.01857120000000001,-0.2003028,0.01857120000000001,0.0,false,0.39,0.62,0.34,0.79,78809.48772470834,78808.5,-11.68358371138902,-13.01890024553263,119,92
1787927189000,1787927100000,211.0,okxUP+pmDOWN,0.00850300000000015,-0.22003879999999998,0.00850300000000015,-0.22003879999999998,0.00850300000000015,0.0,false,0.39,0.62,0.35,0.81,78809.48772470834,78808.5,-12.331491720019427,-12.99352227234298,151,93
1787927189500,1787927100000,210.5,okxUP+pmDOWN,0.00850300000000015,-0.19042820000000016,0.00850300000000015,-0.19042820000000016,0.00850300000000015,0.0,false,0.39,0.62,0.35,0.78,78809.48772470834,78808.5,-12.331491720019427,-12.99352227234298,3,390
1787927190000,1787927100000,210.0,okxUP+pmDOWN,0.02819500000000008,-0.20082920000000004,0.02819500000000008,-0.20082920000000004,0.02819500000000008,0.0,false,0.41,0.6,0.35,0.77,78809.48772470834,78808.5,-12.433646338212155,-12.99352227234298,1,92
1787927190501,1787927100000,209.499,okxUP+pmDOWN,0.02819500000000008,-0.18105799999999994,0.02819500000000008,-0.18105799999999994,0.02819500000000008,0.0,false,0.41,0.6,0.35,0.75,78809.48772470834,78808.5,-12.458128961811092,-12.99352227234298,2,94
1787927191001,1787927100000,208.999,okxUP+pmDOWN,0.01834200000000008,-0.2301858000000001,0.01834200000000008,-0.2301858000000001,0.01834200000000008,0.0,false,0.4,0.61,0.35,0.81,78809.48772470834,78808.5,-12.458128961811092,-12.968144299155178,1,94
1787927191500,1787927100000,208.5,okxUP+pmDOWN,0.01857120000000001,-0.22003879999999998,0.01857120000000001,-0.22003879999999998,0.01857120000000001,0.0,false,0.39,0.62,0.34,0.81,78809.48772470834,78808.5,-12.458128961811092,-12.980833285750004,0,94
1787927192000,1787927100000,208.0,okxUP+pmDOWN,0.00850300000000015,-0.22003879999999998,0.00850300000000015,-0.22003879999999998,0.00850300000000015,0.0,false,0.39,0.62,0.35,0.81,78809.48772470834,78808.5,-12.458128961811092,-13.107723151690859,0,92
1787927192500,1787927100000,207.5,okxUP+pmDOWN,0.02819500000000008,-0.24031880000000005,0.02819500000000008,-0.24031880000000005,0.02819500000000008,0.0,false,0.41,0.6,0.35,0.81,78809.48772470834,78808.5,-12.458128961811092,-13.107723151690859,1,92
1787927193000,1787927100000,207.0,okxUP+pmDOWN,0.018131200000000014,-0.23045300000000002,0.018131200000000014,-0.23045300000000002,0.018131200000000014,0.0,false,0.41,0.6,0.36,0.8,78809.48772470834,78808.5,-12.649904884302892,-12.688986594085662,1,92
1787927193500,1787927100000,206.5,okxUP+pmDOWN,0.01834200000000008,-0.22032000000000007,0.01834200000000008,-0.22032000000000007,0.01834200000000008,0.0,false,0.4,0.61,0.35,0.8,78809.48772470834,78808.5,-12.649904884302892,-12.892010379591772,0,191
1787927194000,1787927100000,206.0,okxUP+pmDOWN,0.01834200000000008,-0.22032000000000007,0.01834200000000008,-0.22032000000000007,0.01834200000000008,0.0,false,0.4,0.61,0.35,0.8,78809.48772470834,78808.5,-12.649904884302892,-12.866632406402124,0,94
1787927194501,1787927100000,205.499,okxUP+pmDOWN,0.01834200000000008,-0.2301858000000001,0.01834200000000008,-0.2301858000000001,0.01834200000000008,0.0,false,0.4,0.61,0.35,0.81,78809.48772470834,78808.5,-12.447886423654143,-12.892010379591772,3,91
1787927195000,1787927100000,205.0,okxUP+pmDOWN,0.01834200000000008,-0.2301858000000001,0.01834200000000008,-0.2301858000000001,0.01834200000000008,0.0,false,0.4,0.61,0.35,0.81,78809.48772470834,78808.5,-12.413527532334914,-12.892010379591772,0,91
1787927195500,1787927100000,204.5,okxUP+pmDOWN,0.0090077999999999,-0.21942119999999998,0.0090077999999999,-0.21942119999999998,0.0090077999999999,0.0,false,0.37,0.64,0.33,0.83,78809.48772470834,78808.5,-12.413527532334914,-14.237042958563746,0,91
1787927196000,1787927100000,204.0,okxUP+pmDOWN,0.019369200000000086,-0.21908479999999986,0.019369200000000086,-0.21908479999999986,0.019369200000000086,0.0,false,0.36,0.65,0.31,0.84,78809.48772470834,78808.5,-12.413527532334914,-14.376621811099426,0,92
1787927196501,1787927100000,203.499,okxUP+pmDOWN,0.039251999999999954,-0.2489657999999999,0.039251999999999954,-0.2489657999999999,0.039251999999999954,0.0,false,0.37,0.64,0.3,0.86,78809.48772470834,78808.5,-12.192093021356754,-13.424947816543002,7,94
1787927197000,1787927100000,203.0,okxUP+pmDOWN,0.019369200000000086,-0.1697778000000001,0.019369200000000086,-0.1697778000000001,0.019369200000000086,0.0,false,0.36,0.65,0.31,0.79,78809.48772470834,78808.5,-12.192093021356754,-13.69141653501769,3,93
1787927197500,1787927100000,202.5,okxUP+pmDOWN,0.019369200000000086,-0.1697778000000001,0.019369200000000086,-0.1697778000000001,0.019369200000000086,0.0,false,0.36,0.65,0.31,0.79,78809.48772470834,78808.5,-12.42574368974274,-14.046708159652459,1,593
1787927198000,1787927100000,202.0,okxUP+pmDOWN,0.009287800000000068,-0.1697778000000001,0.009287800000000068,-0.1697778000000001,0.009287800000000068,0.0,false,0.36,0.65,0.32,0.79,78809.48772470834,78808.5,-12.42574368974274,-14.237042958563746,0,94
1787927198500,1787927100000,201.5,okxUP+pmDOWN,0.019084800000000013,-0.1799668000000001,0.019084800000000013,-0.1799668000000001,0.019084800000000013,0.0,false,0.37,0.64,0.32,0.79,78809.48772470834,78808.5,-13.192911941109427,-14.237042958563746,1,94
1787927199000,1787927100000,201.0,okxUP+pmDOWN,0.019084800000000013,-0.17009220000000003,0.019084800000000013,-0.17009220000000003,0.019084800000000013,0.0,false,0.37,0.64,0.32,0.78,78809.48772470834,78808.5,-13.192911941109427,-14.249731945158569,1,394
1787927199500,1787927100000,200.5,okxUP+pmDOWN,0.019084800000000013,-0.17009220000000003,0.019084800000000013,-0.17009220000000003,0.019084800000000013,0.0,false,0.37,0.64,0.32,0.78,78809.48772470834,78808.5,-13.809745470876345,-14.249731945158569,5,894
1787927200000,1787927100000,200.0,okxUP+pmDOWN,0.028895800000000027,-0.1703882000000001,0.028895800000000027,-0.1703882000000001,0.028895800000000027,0.0,false,0.38,0.63,0.32,0.77,78809.48772470834,78808.5,-13.809745470876345,-13.805617414365571,1,94
1787927200501,1787927100000,199.499,okxUP+pmDOWN,0.018818799999999913,-0.1703882000000001,0.018818799999999913,-0.1703882000000001,0.018818799999999913,0.0,false,0.38,0.63,0.33,0.77,78809.48772470834,78808.5,-13.809745470876345,-13.66603856182989,0,94
1787927201000,1787927100000,199.0,okxUP+pmDOWN,0.028643799999999997,-0.18054919999999997,0.028643799999999997,-0.18054919999999997,0.028643799999999997,0.0,false,0.39,0.62,0.33,0.77,78809.48772470834,78808.5,-13.584426870215102,-13.704105521612517,2,94
1787927201500,1787927100000,198.5,okxUP+pmDOWN,0.028643799999999997,-0.18054919999999997,0.028643799999999997,-0.18054919999999997,0.028643799999999997,0.0,false,0.39,0.62,0.33,0.77,78809.48772470834,78808.5,-13.584426870215102,-13.602593628859463,0,594
1787927202000,1787927100000,198.0,okxUP+pmDOWN,0.028643799999999997,-0.1706658000000001,0.028643799999999997,-0.1706658000000001,0.028643799999999997,0.0,false,0.39,0.62,0.33,0.76,78809.48772470834,78808.5,-13.498741071921263,-13.564526669076836,12,193
1787927202500,1787927100000,197.5,okxUP+pmDOWN,0.028643799999999997,-0.1706658000000001,0.028643799999999997,-0.1706658000000001,0.028643799999999997,0.0,false,0.39,0.62,0.33,0.76,78809.48772470834,78808.5,-13.498741071921263,-13.564526669076836,3,193
1787927203069,1787927100000,196.931,okxUP+pmDOWN,0.03848279999999993,-0.1808128,0.03848279999999993,-0.1808128,0.03848279999999993,0.0,false,0.4,0.61,0.33,0.76,78809.48772470834,78808.5,-13.498741071921263,-13.564526669076836,2,193
1787927209000,1787927100000,191.0,okxUP+pmDOWN,0.017938800000000032,-0.18128480000000002,0.017938800000000032,-0.18128480000000002,0.017938800000000032,0.0,false,0.42,0.59,0.37,0.74,78809.48772470834,78808.5,-11.629554812060787,-11.394709961489294,3,93
1787927209500,1787927100000,190.5,okxUP+pmDOWN,0.03771480000000005,-0.20148080000000013,0.03771480000000005,-0.20148080000000013,0.03771480000000005,0.0,false,0.44,0.57,0.37,0.74,78809.48772470834,78808.5,-11.629554812060787,-11.394709961489294,3,93
1787927210000,1787927100000,190.0,okxUP+pmDOWN,0.03744119999999995,-0.16217520000000007,0.03744119999999995,-0.16217520000000007,0.03744119999999995,0.0,false,0.46,0.55,0.39,0.68,78809.48772470834,78808.5,-11.814052053572945,-10.493791913308474,1,191
1787927210502,1787927100000,189.498,okxUP+pmDOWN,0.037241199999999974,-0.24170479999999994,0.037241199999999974,-0.24170479999999994,0.037241199999999974,0.0,false,0.48,0.53,0.41,0.74,78809.48772470834,78808.5,-11.814052053572945,-10.024299409327675,17,89
1787927211005,1787927100000,188.995,okxUP+pmDOWN,0.017764800000000025,-0.23093220000000003,0.017764800000000025,-0.23093220000000003,0.017764800000000025,0.0,false,0.43,0.58,0.38,0.78,78809.48772470834,78808.5,-11.94900952633205,-10.341524074179816,1,96
1787927211500,1787927100000,188.5,okxUP+pmDOWN,0.017764800000000025,-0.23093220000000003,0.017764800000000025,-0.23093220000000003,0.017764800000000025,0.0,false,0.43,0.58,0.38,0.78,78809.48772470834,78808.5,-11.94900952633205,-10.341524074179816,1,96
1787927212002,1787927100000,187.998,okxUP+pmDOWN,0.03826319999999994,-0.25018019999999974,0.03826319999999994,-0.25018019999999974,0.03826319999999994,0.0,false,0.41,0.6,0.34,0.82,78809.48772470834,78808.5,-11.090686158584456,-11.267820095548439,17,94
1787927212500,1787927100000,187.5,okxUP+pmDOWN,0.03826319999999994,-0.25018019999999974,0.03826319999999994,-0.25018019999999974,0.03826319999999994,0.0,false,0.41,0.6,0.34,0.82,78809.48772470834,78808.5,-11.090686158584456,-11.267820095548439,0,94
1787927213000,1787927100000,187.0,okxUP+pmDOWN,0.04833579999999993,-0.26003719999999997,0.04833579999999993,-0.26003719999999997,0.04833579999999993,0.0,false,0.41,0.6,0.33,0.83,78809.48772470834,78808.5,-10.061442002187398,-11.572355773805755,9,93
1787927213500,1787927100000,186.5,okxUP+pmDOWN,0.0582028,-0.25043780000000004,0.0582028,-0.25043780000000004,0.0582028,0.0,false,0.42,0.59,0.33,0.81,78809.48772470834,78808.5,-10.061442002187398,-11.572355773805755,3,192
1787927214000,1787927100000,186.0,okxUP+pmDOWN,0.0582028,-0.26029919999999973,0.0582028,-0.26029919999999973,0.0582028,0.0,false,0.42,0.59,0.33,0.82,78809.48772470834,78808.5,-10.061442002187398,-11.597733746993558,1,491
1787927214501,1787927100000,185.499,okxUP+pmDOWN,0.05783800000000017,-0.17177779999999987,0.05783800000000017,-0.17177779999999987,0.05783800000000017,0.0,false,0.44,0.57,0.35,0.71,78809.48772470834,78808.5,-11.12800884708188,-11.305887055331064,0,94
1787927215000,1787927100000,185.0,okxUP+pmDOWN,0.057683199999999935,-0.270845,0.057683199999999935,-0.270845,0.057683199999999935,0.0,false,0.45,0.56,0.36,0.8,78809.48772470834,78808.5,-11.12800884708188,-11.001351377071902,0,90
1787927215500,1787927100000,184.5,okxUP+pmDOWN,0.0371688,-0.2517258,0.0371688,-0.2517258,0.0371688,0.0,false,0.49,0.52,0.42,0.74,78809.48772470834,78808.5,-11.437397667384465,-9.504050958969422,0,90
1787927216000,1787927100000,184.0,okxUP+pmDOWN,0.02708620000000006,-0.1725049999999999,0.02708620000000006,-0.1725049999999999,0.02708620000000006,0.0,false,0.5,0.51,0.44,0.65,78809.48772470834,78808.5,-11.437397667384465,-9.339094133247787,1,92
1787927217000,1787927100000,183.0,okxUP+pmDOWN,0.017112000000000016,-0.23226180000000007,0.017112000000000016,-0.23226180000000007,0.017112000000000016,0.0,false,0.55,0.46,0.5,0.66,78809.48772470834,78808.5,-11.494090617284849,-7.46112411732274,18,92
1787927217501,1787927100000,182.499,okxUP+pmDOWN,0.027254199999999895,-0.24216199999999977,0.027254199999999895,-0.24216199999999977,0.027254199999999895,0.0,false,0.57,0.44,0.51,0.65,78809.48772470834,78808.5,-10.198558675803179,-6.7505408680532035,2,84
1787927218001,1787927100000,181.999,okxUP+pmDOWN,0.027351800000000037,-0.16247279999999997,0.027351800000000037,-0.16247279999999997,0.027351800000000037,0.0,false,0.58,0.43,0.52,0.56,78809.48772470834,78808.5,-10.198558675803179,-6.6490289753001495,2,94
1787927218501,1787927100000,181.499,okxUP+pmDOWN,0.027351800000000037,-0.16247279999999997,0.027351800000000037,-0.16247279999999997,0.027351800000000037,0.0,false,0.58,0.43,0.52,0.56,78809.48772470834,78808.5,-9.1223293532199,-6.6490289753001495,4,94
1787927219001,1787927100000,180.999,okxUP+pmDOWN,0.027467800000000042,-0.25200179999999994,0.027467800000000042,-0.25200179999999994,0.027467800000000042,0.0,false,0.59,0.42,0.53,0.64,78809.48772470834,78808.5,-9.1223293532199,-6.052646605378492,2,193
1787927219500,1787927100000,180.5,okxUP+pmDOWN,0.03758680000000003,-0.26186880000000023,0.03758680000000003,-0.26186880000000023,0.03758680000000003,0.0,false,0.6,0.41,0.53,0.64,78809.48772470834,78808.5,-9.1223293532199,-6.052646605378492,1,193
1787927220025,1787927100000,179.975,okxUP+pmDOWN,0.02717499999999995,-0.19248180000000015,0.02717499999999995,-0.19248180000000015,0.02717499999999995,0.0,false,0.56,0.45,0.5,0.61,78809.48772470834,78808.5,-7.94781368849059,-5.836933833279405,6,85
1787927220500,1787927100000,179.5,okxUP+pmDOWN,0.017112000000000016,-0.18255880000000024,0.017112000000000016,-0.18255880000000024,0.017112000000000016,0.0,false,0.55,0.46,0.5,0.61,78809.48772470834,78808.5,-7.94781368849059,-5.836933833279405,0,85
1787927221000,1787927100000,179.0,okxUP+pmDOWN,0.05756919999999999,-0.27180499999999985,0.05756919999999999,-0.27180499999999985,0.05756919999999999,0.0,false,0.6,0.41,0.51,0.65,78809.48772470834,78808.5,-6.4437547620267255,-5.82424484668458,3,93
1787927221501,1787927100000,178.499,okxUP+pmDOWN,0.06745020000000002,-0.2817972000000002,0.06745020000000002,-0.2817972000000002,0.06745020000000002,0.0,false,0.59,0.42,0.49,0.67,78809.48772470834,78808.5,-6.4437547620267255,-5.760799913714153,4,193
1787927222180,1787927100000,177.82,okxUP+pmDOWN,0.04725419999999991,-0.2123402000000001,0.04725419999999991,-0.2123402000000001,0.04725419999999991,0.0,false,0.57,0.44,0.49,0.62,78809.48772470834,78808.5,-5.730196028333004,-5.329374369515979,58,257
1787927222508,1787927100000,177.492,okxUP+pmDOWN,0.06716699999999998,-0.28185480000000007,0.06716699999999998,-0.28185480000000007,0.06716699999999998,0.0,false,0.55,0.46,0.45,0.71,78809.48772470834,78808.5,-5.730196028333004,-6.6236510021123465,0,83
1787927223000,1787927100000,177.0,okxUP+pmDOWN,0.03706200000000004,-0.25200180000000016,0.03706200000000004,-0.25200180000000016,0.03706200000000004,0.0,false,0.52,0.49,0.45,0.71,78809.48772470834,78808.5,-5.730196028333004,-6.6236510021123465,1,83
1787927223572,1787927100000,176.428,okxUP+pmDOWN,0.08720380000000005,-0.3016208,0.08720380000000005,-0.3016208,0.08720380000000005,0.0,false,0.54,0.47,0.42,0.74,78809.48772470834,78808.5,-5.664231143310602,-7.435746144134937,7,1
1787927224000,1787927100000,176.0,okxUP+pmDOWN,0.09724120000000003,-0.31151299999999993,0.09724120000000003,-0.31151299999999993,0.09724120000000003,0.0,false,0.54,0.47,0.41,0.75,78809.48772470834,78808.5,-5.650464953393008,-7.270789318411454,0,193
1787927224500,1787927100000,175.5,okxUP+pmDOWN,0.07718520000000006,-0.2915970000000001,0.07718520000000006,-0.2915970000000001,0.07718520000000006,0.0,false,0.52,0.49,0.41,0.75,78809.48772470834,78808.5,-5.650464953393008,-7.270789318411454,4,77
1787927225076,1787927100000,174.924,okxUP+pmDOWN,0.06717820000000008,-0.2816179999999999,0.06717820000000008,-0.2816179999999999,0.06717820000000008,0.0,false,0.51,0.5,0.41,0.75,78809.48772470834,78808.5,-6.375810526093275,-8.044817500649572,1,165
1787927225501,1787927100000,174.499,okxUP+pmDOWN,0.06748379999999998,-0.2909569999999999,0.06748379999999998,-0.2909569999999999,0.06748379999999998,0.0,false,0.47,0.54,0.37,0.8,78809.48772470834,78808.5,-6.963946594308367,-9.16144832092948,0,93
1787927226000,1787927100000,174.0,okxUP+pmDOWN,0.06748379999999998,-0.28108679999999997,0.06748379999999998,-0.28108679999999997,0.06748379999999998,0.0,false,0.47,0.54,0.37,0.79,78809.48772470834,78808.5,-6.963946594308367,-9.377161093028567,4,293
1787927226501,1787927100000,173.499,okxUP+pmDOWN,0.11743120000000007,-0.331013,0.11743120000000007,-0.331013,0.11743120000000007,0.0,false,0.51,0.5,0.36,0.8,78809.48772470834,78808.5,-6.963946594308367,-10.15118927526853,1,94
1787927227000,1787927100000,173.0,okxUP+pmDOWN,0.06760619999999995,-0.28090800000000016,0.06760619999999995,-0.28090800000000016,0.06760619999999995,0.0,false,0.46,0.55,0.36,0.8,78809.48772470834,78808.5,-7.541369172792545,-10.15118927526853,1,94
1787927227500,1787927100000,172.5,okxUP+pmDOWN,0.07754320000000003,-0.2909569999999999,0.07754320000000003,-0.2909569999999999,0.07754320000000003,0.0,false,0.47,0.54,0.36,0.8,78809.48772470834,78808.5,-7.541369172792545,-10.075055355703277,0,92
1787927228000,1787927100000,172.0,okxUP+pmDOWN,0.05742880000000006,-0.2712121999999999,0.05742880000000006,-0.2712121999999999,0.05742880000000006,0.0,false,0.47,0.54,0.38,0.78,78809.48772470834,78808.5,-8.812078332615414,-10.15118927526853,1,193
1787927228500,1787927100000,171.5,okxUP+pmDOWN,0.05742880000000006,-0.2712121999999999,0.05742880000000006,-0.2712121999999999,0.05742880000000006,0.0,false,0.47,0.54,0.38,0.78,78809.48772470834,78808.5,-8.812078332615414,-10.15118927526853,1,193
1787927229000,1787927100000,171.0,okxUP+pmDOWN,0.06774699999999989,-0.28071080000000004,0.06774699999999989,-0.28071080000000004,0.06774699999999989,0.0,false,0.45,0.56,0.35,0.81,78809.48772470834,78808.5,-8.812078332615414,-10.036988395922497,10,191
1787927229500,1787927100000,170.5,okxUP+pmDOWN,0.06774699999999989,-0.28071080000000004,0.06774699999999989,-0.28071080000000004,0.06774699999999989,0.0,false,0.45,0.56,0.35,0.81,78809.48772470834,78808.5,-8.844558225791966,-10.036988395922497,0,191
1787927230006,1787927100000,169.994,okxUP+pmDOWN,0.07857999999999998,-0.30925619999999987,0.07857999999999998,-0.30925619999999987,0.07857999999999998,0.0,false,0.41,0.6,0.3,0.88,78809.48772470834,78808.5,-9.101495620634893,-11.762690572717041,0,94
1787927230502,1787927100000,169.498,okxUP+pmDOWN,0.06872699999999998,-0.2991231999999999,0.06872699999999998,-0.2991231999999999,0.06872699999999998,0.0,false,0.4,0.61,0.3,0.88,78809.48772470834,78808.5,-9.102448791192973,-11.762690572717041,1,94
1787927231000,1787927100000,169.0,okxUP+pmDOWN,0.05888800000000005,-0.2889762,0.05888800000000005,-0.2889762,0.05888800000000005,0.0,false,0.39,0.62,0.3,0.88,78809.48772470834,78808.5,-9.102448791192973,-11.762690572717041,1,94
1787927231500,1787927100000,168.5,okxUP+pmDOWN,0.05029020000000006,-0.25768800000000014,0.05029020000000006,-0.25768800000000014,0.05029020000000006,0.0,false,0.34,0.67,0.26,0.9,78809.48772470834,78808.5,-9.102448791192973,-13.69141653501769,0,93
1787927232000,1787927100000,168.0,okxUP+pmDOWN,0.05064299999999988,-0.2572787999999999,0.05064299999999988,-0.2572787999999999,0.05064299999999988,0.0,false,0.33,0.68,0.25,0.91,78809.48772470834,78808.5,-10.636484876936295,-14.389310797692403,0,93
1787927232539,1787927100000,167.461,okxUP+pmDOWN,0.05064299999999988,-0.2572787999999999,0.05064299999999988,-0.2572787999999999,0.05064299999999988,0.0,false,0.33,0.68,0.25,0.91,78809.48772470834,78808.5,-10.636484876936295,-14.376621811099426,1,1
1787927233000,1787927100000,167.0,okxUP+pmDOWN,0.04053519999999999,-0.24745700000000026,0.04053519999999999,-0.24745700000000026,0.04053519999999999,0.0,false,0.33,0.68,0.26,0.9,78809.48772470834,78808.5,-11.183200257563424,-14.363932824504602,1,93
1787927233500,1787927100000,166.5,okxUP+pmDOWN,0.04053519999999999,-0.24745700000000026,0.04053519999999999,-0.24745700000000026,0.04053519999999999,0.0,false,0.33,0.68,0.26,0.9,78809.48772470834,78808.5,-12.036999810431276,-14.211664985375942,0,94
1787927234000,1787927100000,166.0,okxUP+pmDOWN,0.04053519999999999,-0.24745700000000026,0.04053519999999999,-0.24745700000000026,0.04053519999999999,0.0,false,0.33,0.68,0.26,0.9,78809.48772470834,78808.5,-12.036999810431276,-14.211664985375942,0,94
1787927234500,1787927100000,165.5,okxUP+pmDOWN,0.030431799999999898,-0.23763080000000003,0.030431799999999898,-0.23763080000000003,0.030431799999999898,0.0,false,0.33,0.68,0.27,0.89,78809.48772470834,78808.5,-12.036999810431276,-14.18628701218814,7,91
1787927235001,1787927100000,164.999,okxUP+pmDOWN,0.030431799999999898,-0.23763080000000003,0.030431799999999898,-0.23763080000000003,0.030431799999999898,0.0,false,0.33,0.68,0.27,0.89,78809.48772470834,78808.5,-13.605063577308036,-14.18628701218814,10,92
1787927235500,1787927100000,164.5,okxUP+pmDOWN,0.030431799999999898,-0.23763080000000003,0.030431799999999898,-0.23763080000000003,0.030431799999999898,0.0,false,0.33,0.68,0.27,0.89,78809.48772470834,78808.5,-13.590068227950917,-14.18628701218814,12,93
1787927236000,1787927100000,164.0,okxUP+pmDOWN,0.030431799999999898,-0.22780020000000012,0.030431799999999898,-0.22780020000000012,0.030431799999999898,0.0,false,0.33,0.68,0.27,0.88,78809.48772470834,78808.5,-13.590068227950917,-14.211664985375942,0,92
1787927236510,1787927100000,163.49,okxUP+pmDOWN,0.02069080000000001,-0.2273858000000002,0.02069080000000001,-0.2273858000000002,0.02069080000000001,0.0,false,0.32,0.69,0.27,0.89,78809.48772470834,78808.5,-13.590068227950917,-14.3385548513168,0,0
1787927237000,1787927100000,163.0,okxUP+pmDOWN,0.02069080000000001,-0.2273858000000002,0.02069080000000001,-0.2273858000000002,0.02069080000000001,0.0,false,0.32,0.69,0.27,0.89,78809.48772470834,78808.5,-13.596454681504557,-14.3385548513168,0,293
1787927237500,1787927100000,162.5,okxUP+pmDOWN,0.02069080000000001,-0.2273858000000002,0.02069080000000001,-0.2273858000000002,0.02069080000000001,0.0,false,0.32,0.69,0.27,0.89,78809.48772470834,78808.5,-13.619020306770047,-14.3385548513168,10,93
1787927238001,1787927100000,161.999,okxUP+pmDOWN,0.02069080000000001,-0.2273858000000002,0.02069080000000001,-0.2273858000000002,0.02069080000000001,0.0,false,0.32,0.69,0.27,0.89,78809.48772470834,78808.5,-13.619020306770047,-14.363932824504602,13,94
1787927238500,1787927100000,161.5,okxUP+pmDOWN,0.02069080000000001,-0.2372120000000002,0.02069080000000001,-0.2372120000000002,0.02069080000000001,0.0,false,0.32,0.69,0.27,0.9,78809.48772470834,78808.5,-13.619020306770047,-14.351243837911623,4,170
1787927239000,1787927100000,161.0,okxUP+pmDOWN,0.030431799999999898,-0.1391268000000001,0.030431799999999898,-0.1391268000000001,0.030431799999999898,0.0,false,0.33,0.68,0.27,0.79,78809.48772470834,78808.5,-13.619020306770047,-14.389310797692403,2,92
1787927239502,1787927100000,160.498,okxUP+pmDOWN,0.039856799999999915,-0.21872999999999987,0.039856799999999915,-0.21872999999999987,0.039856799999999915,0.0,false,0.35,0.66,0.28,0.85,78809.48772470834,78808.5,-13.875653833350027,-13.907129307118625,0,96
1787927240000,1787927100000,160.0,okxUP+pmDOWN,0.039856799999999915,-0.1398212000000001,0.039856799999999915,-0.1398212000000001,0.039856799999999915,0.0,false,0.35,0.66,0.28,0.77,78809.48772470834,78808.5,-13.875653833350027,-13.869062347336,1,91
1787927240507,1787927100000,159.493,okxUP+pmDOWN,0.021875199999999984,-0.17690119999999987,0.021875199999999984,-0.17690119999999987,0.021875199999999984,0.0,false,0.29,0.72,0.24,0.87,78809.48772470834,78808.5,-13.860463026725935,-15.988123108547935,1,99
1787927241000,1787927100000,159.0,okxUP+pmDOWN,0.04211280000000006,-0.25545799999999996,0.04211280000000006,-0.25545799999999996,0.04211280000000006,0.0,false,0.29,0.72,0.22,0.95,78809.48772470834,78808.5,-13.79060794868485,-16.30534777340008,8,93
1787927241500,1787927100000,158.5,okxUP+pmDOWN,0.03335499999999991,-0.22451299999999996,0.03335499999999991,-0.22451299999999996,0.03335499999999991,0.0,false,0.26,0.75,0.2,0.95,78809.48772470834,78808.5,-13.79060794868485,-17.46004555346261,2,93
1787927242000,1787927100000,158.0,okxUP+pmDOWN,0.043489200000000006,-0.22451299999999996,0.043489200000000006,-0.22451299999999996,0.043489200000000006,0.0,false,0.26,0.75,0.19,0.95,78809.48772470834,78808.5,-13.79060794868485,-17.853404137878158,0,92
1787927242500,1787927100000,157.5,okxUP+pmDOWN,0.02421720000000005,-0.2038129999999998,0.02421720000000005,-0.2038129999999998,0.02421720000000005,0.0,false,0.24,0.77,0.19,0.95,78809.48772470834,78808.5,-13.44227821625453,-18.246762722295554,8,83
1787927243001,1787927100000,156.999,okxUP+pmDOWN,0.043489200000000006,-0.22451299999999996,0.043489200000000006,-0.22451299999999996,0.043489200000000006,0.0,false,0.26,0.75,0.19,0.95,78809.48772470834,78808.5,-14.840958697797927,-18.246762722295554,1,83
1787927243500,1787927100000,156.5,okxUP+pmDOWN,0.034355799999999936,-0.2038129999999998,0.034355799999999936,-0.2038129999999998,0.034355799999999936,0.0,false,0.24,0.77,0.18,0.95,78809.48772470834,78808.5,-14.840958697797927,-18.22138474910775,1,45
1787927244003,1787927100000,155.997,okxUP+pmDOWN,0.043984799999999935,-0.21416999999999997,0.043984799999999935,-0.21416999999999997,0.043984799999999935,0.0,false,0.25,0.76,0.18,0.95,78809.48772470834,78808.5,-16.62406267428211,-18.22138474910775,0,45
1787927244500,1787927100000,155.5,okxUP+pmDOWN,0.014082999999999957,-0.2038129999999998,0.014082999999999957,-0.2038129999999998,0.014082999999999957,0.0,false,0.24,0.77,0.2,0.95,78809.48772470834,78808.5,-16.62406267428211,-18.01836096360164,5,190
1787927245000,1787927100000,155.0,okxUP+pmDOWN,0.014082999999999957,-0.2038129999999998,0.014082999999999957,-0.2038129999999998,0.014082999999999957,0.0,false,0.24,0.77,0.2,0.95,78809.48772470834,78808.5,-17.015150936742696,-18.22138474910775,6,93
1787927245503,1787927100000,154.497,okxUP+pmDOWN,0.01460220000000001,-0.1934419999999999,0.01460220000000001,-0.1934419999999999,0.01460220000000001,0.0,false,0.23,0.78,0.19,0.95,78809.48772470834,78808.5,-17.015150936742696,-18.424408534612013,1,96
1787927247501,1787927100000,152.499,okxUP+pmDOWN,0.0044679999999999165,-0.11488520000000002,0.0044679999999999165,-0.11488520000000002,0.0044679999999999165,0.0,false,0.23,0.78,0.2,0.87,78809.48772470834,78808.5,-17.235018102348395,-18.602054346930323,0,79
1787927248002,1787927100000,151.998,okxUP+pmDOWN,0.014082999999999957,-0.1449218000000001,0.014082999999999957,-0.1449218000000001,0.014082999999999957,0.0,false,0.24,0.77,0.2,0.89,78809.48772470834,78808.5,-17.73908450337597,-18.678188266493727,12,196
1787927248500,1787927100000,151.5,okxUP+pmDOWN,0.014082999999999957,-0.18420020000000004,0.014082999999999957,-0.18420020000000004,0.014082999999999957,0.0,false,0.24,0.77,0.2,0.93,78809.48772470834,78808.5,-18.064547086288854,-18.614743333523297,2,94
1787927249000,1787927100000,151.0,okxUP+pmDOWN,0.0044679999999999165,-0.1934419999999999,0.0044679999999999165,-0.1934419999999999,0.0044679999999999165,0.0,false,0.23,0.78,0.2,0.95,78809.48772470834,78808.5,-18.064547086288854,-18.627432320118125,0,193
1787927249500,1787927100000,150.5,okxUP+pmDOWN,0.01219020000000004,-0.2157312,0.01219020000000004,-0.2157312,0.01219020000000004,0.0,false,0.28,0.73,0.24,0.92,78809.48772470834,78808.5,-18.064547086288854,-17.09206494223302,34,93
1787927250000,1787927100000,150.0,okxUP+pmDOWN,0.01219020000000004,-0.2157312,0.01219020000000004,-0.2157312,0.01219020000000004,0.0,false,0.28,0.73,0.24,0.92,78809.48772470834,78808.5,-18.064547086288854,-17.09206494223302,1,93
1787927250501,1787927100000,149.499,okxUP+pmDOWN,0.0025191999999999437,-0.11690119999999982,0.0025191999999999437,-0.11690119999999982,0.0025191999999999437,0.0,false,0.27,0.74,0.24,0.83,78809.48772470834,78808.5,-18.064757505486956,-17.00324203607479,3,93
1787927251000,1787927100000,149.0,okxUP+pmDOWN,0.002978799999999948,-0.22451299999999996,0.002978799999999948,-0.22451299999999996,0.002978799999999948,0.0,false,0.26,0.75,0.23,0.95,78809.48772470834,78808.5,-18.06921118217949,-16.990553049479963,0,67
1787927252000,1787927100000,148.0,okxUP+pmDOWN,0.005001200000000039,-0.1830569999999998,0.005001200000000039,-0.1830569999999998,0.005001200000000039,0.0,false,0.22,0.79,0.19,0.95,78809.48772470834,78808.5,-16.436169333457904,-18.6401213067111,0,93
1787927252500,1787927100000,147.5,okxUP+pmDOWN,0.015139799999999926,-0.1830569999999998,0.015139799999999926,-0.1830569999999998,0.015139799999999926,0.0,false,0.22,0.79,0.18,0.95,78809.48772470834,78808.5,-16.587935681080097,-18.728944212871177,1,94
1787927253000,1787927100000,147.0,okxUP+pmDOWN,0.015139799999999926,-0.1830569999999998,0.015139799999999926,-0.1830569999999998,0.015139799999999926,0.0,false,0.22,0.79,0.18,0.95,78809.48772470834,78808.5,-16.587935681080097,-18.66549927990075,14,92
1787927253500,1787927100000,146.5,okxUP+pmDOWN,0.03384620000000005,-0.14544819999999992,0.03384620000000005,-0.14544819999999992,0.03384620000000005,0.0,false,0.25,0.76,0.19,0.88,78809.48772470834,78808.5,-16.587935681080097,-18.297518668671156,1,93
1787927254001,1787927100000,145.999,okxUP+pmDOWN,0.03384620000000005,-0.21416999999999997,0.03384620000000005,-0.21416999999999997,0.03384620000000005,0.0,false,0.25,0.76,0.19,0.95,78809.48772470834,78808.5,-16.587935681080097,-17.929538057443413,4,195
1787927254501,1787927100000,145.499,okxUP+pmDOWN,0.01460220000000001,-0.1934419999999999,0.01460220000000001,-0.1934419999999999,0.01460220000000001,0.0,false,0.23,0.78,0.19,0.95,78809.48772470834,78808.5,-17.63047906202822,-18.208695762512928,12,95
1787927255001,1787927100000,144.999,okxUP+pmDOWN,0.005552799999999913,-0.17265799999999998,0.005552799999999913,-0.17265799999999998,0.005552799999999913,0.0,false,0.21,0.8,0.18,0.95,78809.48772470834,78808.5,-17.898788784014382,-18.399030561424212,0,94
1787927256000,1787927100000,144.0,okxUP+pmDOWN,0.013582199999999989,-0.21416999999999997,0.013582199999999989,-0.21416999999999997,0.013582199999999989,0.0,false,0.25,0.76,0.21,0.95,78809.48772470834,78808.5,-17.5093079706792,-17.84071515128518,3,92
1787927256500,1787927100000,143.5,okxUP+pmDOWN,0.015139799999999926,-0.1830569999999998,0.015139799999999926,-0.1830569999999998,0.015139799999999926,0.0,false,0.22,0.79,0.18,0.95,78809.48772470834,78808.5,-17.5093079706792,-19.008101917940692,1,93
1787927257000,1787927100000,143.0,okxUP+pmDOWN,0.005552799999999913,-0.17265799999999998,0.005552799999999913,-0.17265799999999998,0.005552799999999913,0.0,false,0.21,0.8,0.18,0.95,78809.48772470834,78808.5,-17.910506038489594,-19.008101917940692,3,93
1787927257501,1787927100000,142.499,okxUP+pmDOWN,0.005552799999999913,-0.17265799999999998,0.005552799999999913,-0.17265799999999998,0.005552799999999913,0.0,false,0.21,0.8,0.18,0.95,78809.48772470834,78808.5,-17.910506038489594,-19.109613810693748,0,74
1787927260001,1787927100000,139.999,okxUP+pmDOWN,0.05223820000000001,-0.25545799999999996,0.05223820000000001,-0.25545799999999996,0.05223820000000001,0.0,false,0.29,0.72,0.21,0.95,78809.48772470834,78808.5,-18.885182069562383,-16.977864062886987,12,92
1787927260501,1787927100000,139.499,okxUP+pmDOWN,0.011763000000000079,-0.21621479999999993,0.011763000000000079,-0.21621479999999993,0.011763000000000079,0.0,false,0.29,0.72,0.25,0.91,78809.48772470834,78808.5,-18.885182069562383,-16.30534777340008,0,94
1787927261501,1787927100000,138.499,okxUP+pmDOWN,0.0025191999999999437,-0.20541619999999994,0.0025191999999999437,-0.20541619999999994,0.0025191999999999437,0.0,false,0.27,0.74,0.24,0.92,78809.48772470834,78808.5,-19.361813879738193,-16.3180367599949,12,94
1787927262000,1787927100000,138.0,okxUP+pmDOWN,0.0025191999999999437,-0.20541619999999994,0.0025191999999999437,-0.20541619999999994,0.0025191999999999437,0.0,false,0.27,0.74,0.24,0.92,78809.48772470834,78808.5,-19.39678871037639,-16.622572438252217,1,94
1787927263000,1787927100000,137.0,okxUP+pmDOWN,0.013582199999999989,-0.21416999999999997,0.013582199999999989,-0.21416999999999997,0.013582199999999989,0.0,false,0.25,0.76,0.21,0.95,78809.48772470834,78808.5,-16.195383173062257,-16.901730143321732,15,91
1787927263500,1787927100000,136.5,okxUP+pmDOWN,0.00395319999999999,-0.2038129999999998,0.00395319999999999,-0.2038129999999998,0.00395319999999999,0.0,false,0.24,0.77,0.21,0.95,78809.48772470834,78808.5,-16.195383173062257,-16.901730143321732,0,91
1787927264001,1787927100000,135.999,okxUP+pmDOWN,0.014082999999999957,-0.2038129999999998,0.014082999999999957,-0.2038129999999998,0.014082999999999957,0.0,false,0.24,0.77,0.2,0.95,78809.48772470834,78808.5,-16.21632705312768,-17.16819886179827,0,95
1787927264500,1787927100000,135.5,okxUP+pmDOWN,0.034355799999999936,-0.2038129999999998,0.034355799999999936,-0.2038129999999998,0.034355799999999936,0.0,false,0.24,0.77,0.18,0.95,78809.48772470834,78808.5,-16.21632705312768,-17.47273454005559,1,92
1787927266000,1787927100000,134.0,okxUP+pmDOWN,0.02528279999999994,-0.1241658000000001,0.02528279999999994,-0.1241658000000001,0.02528279999999994,0.0,false,0.22,0.79,0.17,0.89,78809.48772470834,78808.5,-16.674735902025027,-19.363393542575462,1,192
1787927266500,1787927100000,133.5,okxUP+pmDOWN,0.015139799999999926,-0.11433519999999997,0.015139799999999926,-0.11433519999999997,0.015139799999999926,0.0,false,0.22,0.79,0.18,0.88,78809.48772470834,78808.5,-16.674735902025027,-19.13499178388155,0,93
1787927269500,1787927100000,130.5,okxUP+pmDOWN,0.013099799999999995,-0.21470879999999992,0.013099799999999995,-0.21470879999999992,0.013099799999999995,0.0,false,0.26,0.75,0.22,0.94,78809.48772470834,78808.5,-18.488741684302536,-16.673328384627823,2,193
1787927270000,1787927100000,130.0,okxUP+pmDOWN,0.0034568000000000376,-0.19455719999999999,0.0034568000000000376,-0.19455719999999999,0.0034568000000000376,0.0,false,0.25,0.76,0.22,0.93,78809.48772470834,78808.5,-18.656287243478413,-16.93979710310436,0,84
1787927274002,1787927100000,125.998,okxUP+pmDOWN,0.005001200000000039,-0.1339920000000001,0.005001200000000039,-0.1339920000000001,0.005001200000000039,0.0,false,0.22,0.79,0.19,0.9,78809.48772470834,78808.5,-17.198662028080488,-18.627432320118125,0,95
1787927278000,1787927100000,122.0,okxUP+pmDOWN,0.005552799999999913,-0.17265799999999998,0.005552799999999913,-0.17265799999999998,0.005552799999999913,0.0,false,0.21,0.8,0.18,0.95,78809.48772470834,78808.5,-17.828083006159286,-18.462475494394642,0,93
1787927278585,1787927100000,121.415,okxUP+pmDOWN,0.005552799999999913,-0.17265799999999998,0.005552799999999913,-0.17265799999999998,0.005552799999999913,0.0,false,0.21,0.8,0.18,0.95,78809.48772470834,78808.5,-17.828083006159286,-18.399030561424212,2,0
1787927281000,1787927100000,119.0,okxUP+pmDOWN,0.00395319999999999,-0.2038129999999998,0.00395319999999999,-0.2038129999999998,0.00395319999999999,0.0,false,0.24,0.77,0.21,0.95,78809.48772470834,78808.5,-17.90266182105548,-16.660639398034846,2,92
1787927283500,1787927100000,116.5,okxUP+pmDOWN,0.0044679999999999165,-0.1934419999999999,0.0044679999999999165,-0.1934419999999999,0.0044679999999999165,0.0,false,0.23,0.78,0.2,0.95,78809.48772470834,78808.5,-17.457574579598468,-16.85097419694613,2,92
1787927284000,1787927100000,116.0,okxUP+pmDOWN,0.01460220000000001,-0.1934419999999999,0.01460220000000001,-0.1934419999999999,0.01460220000000001,0.0,false,0.23,0.78,0.19,0.95,78809.48772470834,78808.5,-16.620250627644506,-16.86366318353911,42,93
1787927284542,1787927100000,115.458,okxUP+pmDOWN,0.005001200000000039,-0.1830569999999998,0.005001200000000039,-0.1830569999999998,0.005001200000000039,0.0,false,0.22,0.79,0.19,0.95,78809.48772470834,78808.5,-16.620250627644506,-16.901730143321732,1,1
1787927285511,1787927100000,114.489,okxUP+pmDOWN,0.014082999999999957,-0.21361280000000016,0.014082999999999957,-0.21361280000000016,0.014082999999999957,0.0,false,0.24,0.77,0.2,0.96,78809.48772470834,78808.5,-16.535595529217026,-16.686017371222647,5,103
1787927286022,1787927100000,113.97800000000001,okxUP+pmDOWN,0.00395319999999999,-0.21416999999999997,0.00395319999999999,-0.21416999999999997,0.00395319999999999,0.0,false,0.25,0.77,0.21,0.95,78809.48772470834,78808.5,-16.535595529217026,-16.470304599123562,1,0
1787927286501,1787927100000,113.49900000000001,okxUP+pmDOWN,0.03288219999999997,-0.234842,0.03288219999999997,-0.234842,0.03288219999999997,0.0,false,0.27,0.74,0.21,0.95,78809.48772470834,78808.5,-16.535595529217026,-16.470304599123562,2,0
1787927287063,1787927100000,112.937,okxUP+pmDOWN,0.023711999999999955,-0.2239698000000001,0.023711999999999955,-0.2239698000000001,0.023711999999999955,0.0,false,0.25,0.76,0.2,0.96,78809.48772470834,78808.5,-16.535595529217026,-15.607453510725366,2,0
1787927289000,1787927100000,111.0,okxUP+pmDOWN,0.007318000000000047,-0.167826362,0.007318000000000047,-0.167826362,0.007318000000000047,0.0,false,0.18,0.83,0.15,0.977,78809.48772470834,78808.5,-15.625323274902652,-18.741633199464157,0,70
1787927317500,1787927100000,82.5,okxUP+pmDOWN,0.0004542000000000712,-0.10855720000000013,0.0004542000000000712,-0.10855720000000013,0.0004542000000000712,0.0,false,0.13,0.88,0.11,0.97,78809.48772470834,78808.5,-17.73634668040126,-17.47273454005559,2,94
1787927318000,1787927100000,82.0,okxUP+pmDOWN,0.019418200000000052,-0.09035720000000014,0.019418200000000052,-0.09035720000000014,0.019418200000000052,0.0,false,0.15,0.86,0.11,0.93,78809.48772470834,78808.5,-17.435958258953278,-17.015931022669612,1,93
1787927318500,1787927100000,81.5,okxUP+pmDOWN,0.0004542000000000712,-0.08896199999999999,0.0004542000000000712,-0.08896199999999999,0.0004542000000000712,0.0,false,0.13,0.88,0.11,0.95,78809.48772470834,78808.5,-17.36074879097221,-17.130131902015645,0,94
1787927320000,1787927100000,80.0,okxUP+pmDOWN,0.0004542000000000712,-0.04971879999999995,0.0004542000000000712,-0.04971879999999995,0.0004542000000000712,0.0,false,0.13,0.88,0.11,0.91,78809.48772470834,78808.5,-16.67506200702196,-16.91441912991656,1,92
1787927320500,1787927100000,79.5,okxUP+pmDOWN,0.02892120000000009,-0.14690236200000006,0.02892120000000009,-0.14690236200000006,0.02892120000000009,0.0,false,0.16,0.85,0.11,0.977,78809.48772470834,78808.5,-16.67506200702196,-16.495682572311363,0,191
1787927321000,1787927100000,79.0,okxUP+pmDOWN,0.019418200000000052,-0.13641936199999982,0.019418200000000052,-0.13641936199999982,0.019418200000000052,0.0,false,0.15,0.86,0.11,0.977,78809.48772470834,78808.5,-16.658818955687334,-16.064257028113186,1,92
1787927321500,1787927100000,78.5,okxUP+pmDOWN,0.009929200000000082,-0.12592236199999984,0.009929200000000082,-0.12592236199999984,0.009929200000000082,0.0,false,0.14,0.87,0.11,0.977,78809.48772470834,78808.5,-16.585192572527742,-16.051568041518365,1,91
1787927322000,1787927100000,78.0,okxUP+pmDOWN,0.06707319999999994,-0.1886943619999999,0.06707319999999994,-0.1886943619999999,0.06707319999999994,0.0,false,0.2,0.81,0.11,0.977,78809.48772470834,78808.5,-16.585192572527742,-15.087205060367115,3,92
1787927322500,1787927100000,77.5,okxUP+pmDOWN,0.05751420000000007,-0.17826736199999993,0.05751420000000007,-0.17826736199999993,0.05751420000000007,0.0,false,0.19,0.82,0.11,0.977,78809.48772470834,78808.5,-16.585192572527742,-14.96031519442626,2,93
1787927323000,1787927100000,77.0,okxUP+pmDOWN,0.10544920000000002,-0.23026236199999994,0.10544920000000002,-0.23026236199999994,0.10544920000000002,0.0,false,0.24,0.77,0.11,0.977,78809.48772470834,78808.5,-15.853732644884749,-14.110153092622888,3,91
1787927323500,1787927100000,76.5,okxUP+pmDOWN,0.09583419999999998,-0.21989136200000003,0.09583419999999998,-0.21989136200000003,0.09583419999999998,0.0,false,0.23,0.78,0.11,0.977,78809.48772470834,78808.5,-15.560084333194343,-13.869062347336,8,93
1787927324001,1787927100000,75.999,okxUP+pmDOWN,0.08623320000000001,-0.19775505000000004,0.08623320000000001,-0.19775505000000004,0.08623320000000001,0.0,false,0.22,0.79,0.11,0.965,78809.48772470834,78808.5,-15.560084333194343,-13.869062347336,8,94
1787927324500,1787927100000,75.5,okxUP+pmDOWN,0.12472119999999998,-0.2509623619999999,0.12472119999999998,-0.2509623619999999,0.12472119999999998,0.0,false,0.26,0.75,0.11,0.977,78809.48772470834,78808.5,-15.560084333194343,-13.310746937195121,1,70
1787927325000,1787927100000,75.0,okxUP+pmDOWN,0.13055499999999998,-0.35362236199999986,0.13055499999999998,-0.35362236199999986,0.13055499999999998,0.0,false,0.36,0.65,0.2,0.977,78809.48772470834,78808.5,-13.903331265074653,-11.775379559311864,0,92
1787927325500,1787927100000,74.5,okxUP+pmDOWN,0.15016299999999994,-0.32860179999999994,0.15016299999999994,-0.32860179999999994,0.15016299999999994,0.0,false,0.4,0.63,0.2,0.91,78809.48772470834,78808.5,-13.764745160160626,-11.17899718939021,6,92
1787927326001,1787927100000,73.999,okxUP+pmDOWN,0.17967999999999995,-0.24031880000000005,0.17967999999999995,-0.24031880000000005,0.17967999999999995,0.0,false,0.41,0.6,0.2,0.81,78809.48772470834,78808.5,-13.764745160160626,-9.821275623821565,20,93
1787927326500,1787927100000,73.5,okxUP+pmDOWN,0.23909199999999997,-0.30082279999999995,0.23909199999999997,-0.30082279999999995,0.23909199999999997,0.0,false,0.47,0.54,0.2,0.81,78809.48772470834,78808.5,-13.764745160160626,-9.821275623821565,1,93
1787927328500,1787927100000,71.5,okxUP+pmDOWN,0.11769879999999999,-0.3799811999999998,0.11769879999999999,-0.3799811999999998,0.11769879999999999,0.0,false,0.49,0.53,0.33,0.87,78809.48772470834,78808.5,-10.142468038185035,-7.283478305004432,0,92
1787927329000,1787927100000,71.0,okxUP+pmDOWN,0.19781079999999995,-0.44973620000000003,0.19781079999999995,-0.44973620000000003,0.19781079999999995,0.0,false,0.56,0.45,0.33,0.87,78809.48772470834,78808.5,-8.995986310902676,-7.283478305004432,3,92
1787927329500,1787927100000,70.5,okxUP+pmDOWN,0.19781079999999995,-0.44973620000000003,0.19781079999999995,-0.44973620000000003,0.19781079999999995,0.0,false,0.56,0.45,0.33,0.87,78809.48772470834,78808.5,-8.995986310902676,-7.283478305004432,1,92
1787927334500,1787927100000,65.5,okxUP+pmDOWN,0.1907118,-0.45755520000000005,0.1907118,-0.45755520000000005,0.1907118,0.0,false,0.76,0.27,0.52,0.68,78809.48772470834,78808.5,-7.411794376022759,-3.641739152502216,0,92
1787927335000,1787927100000,65.0,okxUP+pmDOWN,0.2113837999999999,-0.45755520000000005,0.2113837999999999,-0.45755520000000005,0.2113837999999999,0.0,false,0.76,0.25,0.52,0.68,78809.48772470834,78808.5,-7.336320178839238,-3.641739152502216,1,92
1787927335500,1787927100000,64.5,okxUP+pmDOWN,0.2113837999999999,-0.45755520000000005,0.2113837999999999,-0.45755520000000005,0.2113837999999999,0.0,false,0.76,0.25,0.52,0.68,78809.48772470834,78808.5,-7.336320178839238,-3.641739152502216,4,92
1787927337000,1787927100000,63.0,okxUP+pmDOWN,0.3497622,-0.6070338,0.3497622,-0.6070338,0.3497622,0.0,false,0.68,0.34,0.29,0.91,78809.48772470834,78808.5,-4.293610539195528,-5.468953222051659,4,94
1787927337501,1787927100000,62.499,okxUP+pmDOWN,0.2886702,-0.5384548,0.2886702,-0.5384548,0.2886702,0.0,false,0.61,0.4,0.29,0.91,78809.48772470834,78808.5,-4.293610539195528,-5.468953222051659,1,94
1787927338000,1787927100000,62.0,okxUP+pmDOWN,0.2583132,-0.5088537999999998,0.2583132,-0.5088537999999998,0.2583132,0.0,false,0.58,0.43,0.29,0.91,78809.48772470834,78808.5,-4.293610539195528,-5.468953222051659,3,94
1787927341500,1787927100000,58.5,okxUP+pmDOWN,0.29888800000000004,-0.5188051999999999,0.29888800000000004,-0.5188051999999999,0.29888800000000004,0.0,false,0.63,0.38,0.3,0.87,78809.48772470834,78808.5,-5.914469105414256,-6.433316203201062,0,0
1787927342084,1787927100000,57.916000000000004,okxUP+pmDOWN,0.319252,-0.5384131999999999,0.319252,-0.5384131999999999,0.319252,0.0,false,0.65,0.36,0.3,0.87,78809.48772470834,78808.5,-5.914469105414256,-6.433316203201062,1,0
1787927342515,1787927100000,57.485,okxUP+pmDOWN,0.339672,-0.5579651999999999,0.339672,-0.5579651999999999,0.339672,0.0,false,0.67,0.34,0.3,0.87,78809.48772470834,78808.5,-6.1220873077041125,-6.433316203201062,0,0
1787927343000,1787927100000,57.0,okxUP+pmDOWN,0.4102998,-0.653202362,0.4102998,-0.653202362,0.4102998,0.0,false,0.66,0.35,0.22,0.977,78809.48772470834,78808.5,-6.026961194299177,-7.3215452647870585,0,194
1787927343501,1787927100000,56.499,okxUP+pmDOWN,0.24873180000000006,-0.4949943619999999,0.24873180000000006,-0.4949943619999999,0.24873180000000006,0.0,false,0.5,0.51,0.22,0.977,78809.48772470834,78808.5,-5.959138446932191,-7.3215452647870585,1,194
1787927344000,1787927100000,56.0,okxUP+pmDOWN,0.24873180000000006,-0.4949943619999999,0.24873180000000006,-0.4949943619999999,0.24873180000000006,0.0,false,0.5,0.51,0.22,0.977,78809.48772470834,78808.5,-5.959138446932191,-7.3215452647870585,1,194
1787927344500,1787927100000,55.5,okxUP+pmDOWN,0.2788572,-0.514966362,0.2788572,-0.514966362,0.2788572,0.0,false,0.52,0.49,0.21,0.977,78809.48772470834,78808.5,-5.959138446932191,-7.54994702348097,1,93
1787927345000,1787927100000,55.0,okxUP+pmDOWN,0.2989132,-0.5448193620000001,0.2989132,-0.5448193620000001,0.2989132,0.0,false,0.55,0.47,0.21,0.977,78809.48772470834,78808.5,-5.959138446932191,-7.54994702348097,22,93
1787927345501,1787927100000,54.499,okxUP+pmDOWN,0.369807,-0.5646513619999998,0.369807,-0.5646513619999998,0.369807,0.0,false,0.57,0.46,0.15,0.977,78809.48772470834,78808.5,-6.199162331821935,-8.818845682889537,9,94
1787927346000,1787927100000,54.0,okxUP+pmDOWN,0.191067,-0.36381136199999986,0.191067,-0.36381136199999986,0.191067,0.0,false,0.37,0.64,0.15,0.977,78809.48772470834,78808.5,-7.255026313036271,-8.818845682889537,0,94
1787927346500,1787927100000,53.5,okxUP+pmDOWN,0.17148699999999995,-0.3434193619999999,0.17148699999999995,-0.3434193619999999,0.17148699999999995,0.0,false,0.35,0.66,0.15,0.977,78809.48772470834,78808.5,-7.255026313036271,-9.605562851722478,0,193
1787927347000,1787927100000,53.0,okxUP+pmDOWN,0.19009980000000004,-0.3942943619999999,0.19009980000000004,-0.3942943619999999,0.19009980000000004,0.0,false,0.4,0.61,0.18,0.977,78809.48772470834,78808.5,-7.276273223295544,-9.339094133247787,0,94
1787927347500,1787927100000,52.5,okxUP+pmDOWN,0.2693157999999999,-0.474966362,0.2693157999999999,-0.474966362,0.2693157999999999,0.0,false,0.48,0.53,0.18,0.977,78809.48772470834,78808.5,-7.352564070148521,-9.339094133247787,4,94
1787927348000,1787927100000,52.0,okxUP+pmDOWN,0.25936479999999995,-0.46493136199999996,0.25936479999999995,-0.46493136199999996,0.25936479999999995,0.0,false,0.47,0.54,0.18,0.977,78809.48772470834,78808.5,-7.352564070148521,-9.339094133247787,1,93
1787927348500,1787927100000,51.5,okxUP+pmDOWN,0.23973880000000003,-0.43474236199999994,0.23973880000000003,-0.43474236199999994,0.23973880000000003,0.0,false,0.44,0.57,0.17,0.977,78809.48772470834,78808.5,-7.352564070148521,-9.364472106435588,1,94
1787927349000,1787927100000,51.0,okxUP+pmDOWN,0.22959580000000013,-0.43474236199999994,0.22959580000000013,-0.43474236199999994,0.22959580000000013,0.0,false,0.44,0.57,0.18,0.977,78809.48772470834,78808.5,-8.732189362905192,-9.364472106435588,2,152
1787927349500,1787927100000,50.5,okxUP+pmDOWN,0.22959580000000013,-0.43474236199999994,0.22959580000000013,-0.43474236199999994,0.22959580000000013,0.0,false,0.44,0.57,0.18,0.977,78809.48772470834,78808.5,-8.732189362905192,-9.364472106435588,1,152
1787927350000,1787927100000,50.0,okxUP+pmDOWN,0.23950479999999985,-0.44481936200000005,0.23950479999999985,-0.44481936200000005,0.23950479999999985,0.0,false,0.45,0.56,0.18,0.977,78809.48772470834,78808.5,-8.74879041961314,-9.38985007962339,2,93
1787927351000,1787927100000,49.0,okxUP+pmDOWN,0.2199628,-0.41454636199999984,0.2199628,-0.41454636199999984,0.2199628,0.0,false,0.42,0.59,0.17,0.977,78809.48772470834,78808.5,-8.644903529261331,-9.427917039406017,2,94
1787927351500,1787927100000,48.5,okxUP+pmDOWN,0.19072619999999996,-0.3739863619999999,0.19072619999999996,-0.3739863619999999,0.19072619999999996,0.0,false,0.38,0.63,0.16,0.977,78809.48772470834,78808.5,-8.644903529261331,-9.478672985781621,2,93
1787927352000,1787927100000,48.0,okxUP+pmDOWN,0.191067,-0.3739863619999999,0.191067,-0.3739863619999999,0.191067,0.0,false,0.38,0.64,0.15,0.977,78809.48772470834,78808.5,-8.813244028555749,-9.643629811505104,0,194
1787927352501,1787927100000,47.499,okxUP+pmDOWN,0.200878,-0.3739863619999999,0.200878,-0.3739863619999999,0.200878,0.0,false,0.38,0.63,0.15,0.977,78809.48772470834,78808.5,-8.84489870270167,-9.643629811505104,3,295
1787927353000,1787927100000,47.0,okxUP+pmDOWN,0.21070300000000008,-0.384147362,0.21070300000000008,-0.384147362,0.21070300000000008,0.0,false,0.39,0.62,0.15,0.977,78809.48772470834,78808.5,-8.84489870270167,-9.5928738651295,0,93
1787927353500,1787927100000,46.5,okxUP+pmDOWN,0.21070300000000008,-0.384147362,0.21070300000000008,-0.384147362,0.21070300000000008,0.0,false,0.39,0.62,0.15,0.977,78809.48772470834,78808.5,-8.84489870270167,-9.554806905346874,13,93
1787927354000,1787927100000,46.0,okxUP+pmDOWN,0.200878,-0.3739863619999999,0.200878,-0.3739863619999999,0.200878,0.0,false,0.38,0.63,0.15,0.977,78809.48772470834,78808.5,-9.069861702982031,-9.554806905346874,1,93
1787927354500,1787927100000,45.5,okxUP+pmDOWN,0.21070300000000008,-0.384147362,0.21070300000000008,-0.384147362,0.21070300000000008,0.0,false,0.39,0.62,0.15,0.977,78809.48772470834,78808.5,-9.069861702982031,-9.567495891939851,26,93
1787927355000,1787927100000,45.0,okxUP+pmDOWN,0.29940279999999997,-0.4949943619999999,0.29940279999999997,-0.4949943619999999,0.29940279999999997,0.0,false,0.5,0.51,0.17,0.977,78809.48772470834,78808.5,-9.138489630322276,-8.806156696294712,0,94
1787927355500,1787927100000,44.5,okxUP+pmDOWN,0.2995711999999999,-0.48498736200000003,0.2995711999999999,-0.48498736200000003,0.2995711999999999,0.0,false,0.49,0.52,0.16,0.977,78809.48772470834,78808.5,-9.138489630322276,-8.730022776731305,1,92
1787927356500,1787927100000,43.5,okxUP+pmDOWN,0.2532822,-0.333202362,0.2532822,-0.333202362,0.2532822,0.0,false,0.34,0.67,0.06,0.977,78809.48772470834,78808.5,-9.131148407884343,-9.618251838317303,0,92
1787927357000,1787927100000,43.0,okxUP+pmDOWN,0.39132219999999995,-0.4730082499999999,0.39132219999999995,-0.4730082499999999,0.39132219999999995,0.0,false,0.48,0.53,0.06,0.975,78809.48772470834,78808.5,-8.333117093171012,-8.831534669484359,4,93
1787927357500,1787927100000,42.5,okxUP+pmDOWN,0.39132219999999995,-0.474966362,0.39132219999999995,-0.474966362,0.39132219999999995,0.0,false,0.48,0.53,0.06,0.977,78809.48772470834,78808.5,-8.333117093171012,-8.856912642672162,6,193
1787927358000,1787927100000,42.0,okxUP+pmDOWN,0.39132219999999995,-0.474966362,0.39132219999999995,-0.474966362,0.39132219999999995,0.0,false,0.48,0.53,0.06,0.977,78809.48772470834,78808.5,-8.333117093171012,-8.831534669484359,3,293
1787927358501,1787927100000,41.499,okxUP+pmDOWN,0.39132219999999995,-0.474966362,0.39132219999999995,-0.474966362,0.39132219999999995,0.0,false,0.48,0.53,0.06,0.977,78809.48772470834,78808.5,-8.913627242021079,-8.831534669484359,4,794
1787927359000,1787927100000,41.0,okxUP+pmDOWN,0.40128719999999996,-0.482050128,0.40128719999999996,-0.482050128,0.40128719999999996,0.0,false,0.49,0.52,0.06,0.974,78809.48772470834,78808.5,-8.913627242021079,-8.793467709701734,3,93
1787927359500,1787927100000,40.5,okxUP+pmDOWN,0.37143419999999994,-0.454882362,0.37143419999999994,-0.454882362,0.37143419999999994,0.0,false,0.46,0.55,0.06,0.977,78809.48772470834,78808.5,-8.585952102121162,-8.730022776731305,0,93
1787927360000,1787927100000,40.0,okxUP+pmDOWN,0.3615111999999999,-0.44481936200000005,0.3615111999999999,-0.44481936200000005,0.3615111999999999,0.0,false,0.45,0.56,0.06,0.977,78809.48772470834,78808.5,-8.585952102121162,-8.780778723106911,0,94
1787927361000,1787927100000,39.0,okxUP+pmDOWN,0.4718118,-0.6850377999999997,0.4718118,-0.6850377999999997,0.4718118,0.0,false,0.73,0.29,0.22,0.94,78809.48772470834,78808.5,-8.530943062471211,-6.940875666964489,1,93
1787927361500,1787927100000,38.5,okxUP+pmDOWN,0.4718118,-0.6753528,0.4718118,-0.6753528,0.4718118,0.0,false,0.72,0.29,0.22,0.94,78809.48772470834,78808.5,-8.43568760788744,-6.509450122766315,2,94
1787927362000,1787927100000,38.0,okxUP+pmDOWN,0.48193719999999995,-0.6753528,0.48193719999999995,-0.6753528,0.48193719999999995,0.0,false,0.72,0.29,0.21,0.94,78809.48772470834,78808.5,-8.43568760788744,-6.369871270230634,0,94
1787927362500,1787927100000,37.5,okxUP+pmDOWN,0.49206700000000003,-0.6753528,0.49206700000000003,-0.6753528,0.49206700000000003,0.0,false,0.72,0.29,0.2,0.94,78809.48772470834,78808.5,-8.43568760788744,-6.331804310448008,3,93
1787927363512,1787927100000,36.488,okxUP+pmDOWN,0.5650248,-0.7811177999999999,0.5650248,-0.7811177999999999,0.5650248,0.0,false,0.83,0.2,0.22,0.94,78809.48772470834,78808.5,-6.228456748703155,-6.255670390884601,0,94
1787927430000,1787927400000,270.0,okxUP+pmDOWN,0.1878198000000001,-0.39070819999999995,0.1878198000000001,-0.39070819999999995,0.1878198000000001,0.0,false,0.59,0.42,0.37,0.78,78948.26250044207,78944.2,-7.629384129595602,-9.209036255988039,0,94
1787927430501,1787927400000,269.499,okxUP+pmDOWN,0.1575468,-0.3610232000000002,0.1575468,-0.3610232000000002,0.1575468,0.0,false,0.56,0.45,0.37,0.78,78948.26250044207,78944.2,-7.629384129595602,-9.209036255988039,5,94
1787927431000,1787927400000,269.0,okxUP+pmDOWN,0.1676238,-0.3808068,0.1676238,-0.3808068,0.1676238,0.0,false,0.57,0.44,0.37,0.79,78948.26250044207,78944.2,-7.789595172119963,-9.437045406755658,2,93
1787927431500,1787927400000,268.5,okxUP+pmDOWN,0.15756879999999995,-0.37093219999999993,0.15756879999999995,-0.37093219999999993,0.15756879999999995,0.0,false,0.57,0.44,0.38,0.78,78948.26250044207,78944.2,-7.789595172119963,-9.46237975684054,3,92
1787927432000,1787927400000,268.0,okxUP+pmDOWN,0.17776480000000006,-0.39070819999999995,0.17776480000000006,-0.39070819999999995,0.17776480000000006,0.0,false,0.59,0.42,0.38,0.78,78948.26250044207,78944.2,-7.949365540830077,-9.46237975684054,0,92
1787927432502,1787927400000,267.498,okxUP+pmDOWN,0.17776480000000006,-0.3709457999999999,0.17776480000000006,-0.3709457999999999,0.17776480000000006,0.0,false,0.59,0.42,0.38,0.76,78948.26250044207,78944.2,-7.949365540830077,-9.019028630348663,137,96
1787927433003,1787927400000,266.997,okxUP+pmDOWN,0.17771480000000006,-0.3808271999999999,0.17771480000000006,-0.3808271999999999,0.17771480000000006,0.0,false,0.58,0.43,0.37,0.78,78948.26250044207,78944.2,-7.949365540830077,-8.993694280263782,6,97
1787927433500,1787927400000,266.5,okxUP+pmDOWN,0.17767,-0.3807680000000002,0.17767,-0.3807680000000002,0.17767,0.0,false,0.56,0.45,0.35,0.8,78948.26250044207,78944.2,-9.111347603913687,-9.677721732564796,2,93
1787927434000,1787927400000,266.0,okxUP+pmDOWN,0.17767,-0.3807680000000002,0.17767,-0.3807680000000002,0.17767,0.0,false,0.56,0.45,0.35,0.8,78948.26250044207,78944.2,-8.622680122334721,-9.677721732564796,2,93
1787927442501,1787927400000,257.499,okxUP+pmDOWN,0.12802780000000014,-0.3608468,0.12802780000000014,-0.3608468,0.12802780000000014,0.0,false,0.63,0.38,0.47,0.71,78948.26250044207,78944.2,-7.956583576268859,-5.70022876918127,3,93
1787927443001,1787927400000,256.999,okxUP+pmDOWN,0.15859480000000015,-0.39023779999999997,0.15859480000000015,-0.39023779999999997,0.15859480000000015,0.0,false,0.66,0.35,0.47,0.71,78948.26250044207,78944.2,-7.948870225179773,-5.70022876918127,4,93
1787927443500,1787927400000,256.5,okxUP+pmDOWN,0.1283742,-0.3308618000000001,0.1283742,-0.3308618000000001,0.1283742,0.0,false,0.65,0.36,0.49,0.66,78948.26250044207,78944.2,-7.948870225179773,-5.738230294309513,0,93
1787927444000,1787927400000,256.0,okxUP+pmDOWN,0.13838080000000008,-0.3308618000000001,0.13838080000000008,-0.3308618000000001,0.13838080000000008,0.0,false,0.65,0.36,0.48,0.66,78948.26250044207,78944.2,-7.338667591377799,-5.852234869692402,0,92
1787927444500,1787927400000,255.5,okxUP+pmDOWN,0.13838080000000008,-0.3308618000000001,0.13838080000000008,-0.3308618000000001,0.13838080000000008,0.0,false,0.65,0.36,0.48,0.66,78948.26250044207,78944.2,-6.937575190751616,-5.852234869692402,3,92
1787927445000,1787927400000,255.0,okxUP+pmDOWN,0.12802780000000014,-0.33110419999999996,0.12802780000000014,-0.33110419999999996,0.12802780000000014,0.0,false,0.63,0.38,0.47,0.68,78948.26250044207,78944.2,-6.937575190751616,-6.194248595842909,0,192
1787927445500,1787927400000,254.5,okxUP+pmDOWN,0.13820280000000007,-0.3409152,0.13820280000000007,-0.3409152,0.13820280000000007,0.0,false,0.64,0.37,0.47,0.68,78948.26250044207,78944.2,-6.937575190751616,-6.194248595842909,0,192
1787927446000,1787927400000,254.0,okxUP+pmDOWN,0.20827419999999996,-0.41032979999999997,0.20827419999999996,-0.41032979999999997,0.20827419999999996,0.0,false,0.63,0.38,0.39,0.76,78948.26250044207,78944.2,-6.937575190751616,-7.929651576682172,0,193
1787927446500,1787927400000,253.5,okxUP+pmDOWN,0.17783320000000002,-0.38081279999999995,0.17783320000000002,-0.38081279999999995,0.17783320000000002,0.0,false,0.6,0.41,0.39,0.76,78948.26250044207,78944.2,-5.867426083725678,-7.929651576682172,0,193
1787927447000,1787927400000,253.0,okxUP+pmDOWN,0.16771420000000004,-0.3709457999999999,0.16771420000000004,-0.3709457999999999,0.16771420000000004,0.0,false,0.59,0.42,0.39,0.76,78948.26250044207,78944.2,-6.0345513650827405,-7.929651576682172,0,193
1787927452000,1787927400000,248.0,okxUP+pmDOWN,0.07718520000000006,-0.25200180000000016,0.07718520000000006,-0.25200180000000016,0.07718520000000006,0.0,false,0.52,0.49,0.41,0.71,78948.26250044207,78944.2,-10.072890741784711,-11.945146065195786,0,92
1787927452500,1787927400000,247.5,okxUP+pmDOWN,0.09724120000000003,-0.2719178,0.09724120000000003,-0.2719178,0.09724120000000003,0.0,false,0.54,0.47,0.41,0.71,78948.26250044207,78944.2,-10.62201153908832,-11.945146065195786,1,92
1787927453000,1787927400000,247.0,okxUP+pmDOWN,0.1375212,-0.32146279999999994,0.1375212,-0.32146279999999994,0.1375212,0.0,false,0.59,0.43,0.41,0.71,78948.26250044207,78944.2,-10.62201153908832,-11.945146065195786,20,92
1787927453501,1787927400000,246.499,okxUP+pmDOWN,0.0775692,-0.2519281999999998,0.0775692,-0.2519281999999998,0.0775692,0.0,false,0.6,0.41,0.49,0.63,78948.26250044207,78944.2,-11.64034576714766,-8.639013379069912,31,94
1787927454000,1787927400000,246.0,okxUP+pmDOWN,0.06756700000000004,-0.27180499999999985,0.06756700000000004,-0.27180499999999985,0.06756700000000004,0.0,false,0.6,0.41,0.5,0.65,78948.26250044207,78944.2,-11.64034576714766,-8.588344678900148,1,93
1787927454500,1787927400000,245.5,okxUP+pmDOWN,0.06756700000000004,-0.27180499999999985,0.06756700000000004,-0.27180499999999985,0.06756700000000004,0.0,false,0.6,0.41,0.5,0.65,78948.26250044207,78944.2,-12.086247998874583,-8.588344678900148,9,93
1787927455000,1787927400000,245.0,okxUP+pmDOWN,0.0775692,-0.28173680000000023,0.0775692,-0.28173680000000023,0.0775692,0.0,false,0.6,0.41,0.49,0.66,78948.26250044207,78944.2,-12.086247998874583,-8.727683604367918,0,94
1787927455500,1787927400000,244.5,okxUP+pmDOWN,0.09784919999999997,-0.30142880000000005,0.09784919999999997,-0.30142880000000005,0.09784919999999997,0.0,false,0.62,0.39,0.49,0.66,78948.26250044207,78944.2,-10.072811990153266,-8.727683604367918,0,94
1787927456001,1787927400000,243.999,okxUP+pmDOWN,0.08784700000000001,-0.2914969999999999,0.08784700000000001,-0.2914969999999999,0.08784700000000001,0.0,false,0.62,0.39,0.5,0.65,78948.26250044207,78944.2,-10.072811990153266,-8.423671403345654,0,94
1787927456500,1787927400000,243.5,okxUP+pmDOWN,0.08784700000000001,-0.2914969999999999,0.08784700000000001,-0.2914969999999999,0.08784700000000001,0.0,false,0.62,0.39,0.5,0.65,78948.26250044207,78944.2,-8.714150174082077,-8.423671403345654,0,94
1787927457000,1787927400000,243.0,okxUP+pmDOWN,0.13838080000000008,-0.28115880000000004,0.13838080000000008,-0.28115880000000004,0.13838080000000008,0.0,false,0.65,0.36,0.48,0.61,78948.26250044207,78944.2,-8.714150174082077,-6.523595146951898,0,93
1787927457500,1787927400000,242.5,okxUP+pmDOWN,0.13838080000000008,-0.28115880000000004,0.13838080000000008,-0.28115880000000004,0.13838080000000008,0.0,false,0.65,0.36,0.48,0.61,78948.26250044207,78944.2,-8.714150174082077,-6.523595146951898,16,93
1787927458003,1787927400000,241.997,okxUP+pmDOWN,0.10785580000000006,-0.2517258,0.10785580000000006,-0.2517258,0.10785580000000006,0.0,false,0.62,0.39,0.48,0.61,78948.26250044207,78944.2,-8.581339444929746,-6.523595146951898,0,93
1787927458500,1787927400000,241.5,okxUP+pmDOWN,0.03875320000000004,-0.2511002,0.03875320000000004,-0.2511002,0.03875320000000004,0.0,false,0.66,0.35,0.59,0.57,78948.26250044207,78944.2,-8.581339444929746,-5.142873067304662,7,117
1787927459023,1787927400000,240.977,okxUP+pmDOWN,0.059201199999999954,-0.2706242000000001,0.059201199999999954,-0.2706242000000001,0.059201199999999954,0.0,false,0.68,0.33,0.59,0.57,78948.26250044207,78944.2,-7.656169864026248,-5.142873067304662,0,117
1787927459501,1787927400000,240.499,okxUP+pmDOWN,0.0694461999999999,-0.28036519999999987,0.0694461999999999,-0.28036519999999987,0.0694461999999999,0.0,false,0.69,0.32,0.59,0.57,78948.26250044207,78944.2,-7.656169864026248,-5.142873067304662,4,117
1787927460013,1787927400000,239.987,okxUP+pmDOWN,0.11930319999999994,-0.29033219999999993,0.11930319999999994,-0.29033219999999993,0.11930319999999994,0.0,false,0.69,0.32,0.54,0.58,78948.26250044207,78944.2,-6.6044589567818255,-4.446178439960285,1,93
1787927460500,1787927400000,239.5,okxUP+pmDOWN,0.11930319999999994,-0.29033219999999993,0.11930319999999994,-0.29033219999999993,0.11930319999999994,0.0,false,0.69,0.32,0.54,0.58,78948.26250044207,78944.2,-6.6044589567818255,-4.446178439960285,0,93
1787927461001,1787927400000,238.999,okxUP+pmDOWN,0.12956219999999996,-0.2900921999999999,0.12956219999999996,-0.2900921999999999,0.12956219999999996,0.0,false,0.7,0.31,0.54,0.57,78948.26250044207,78944.2,-6.69269712024088,-4.192834939107784,0,94
1787927461542,1787927400000,238.458,okxUP+pmDOWN,0.059201199999999954,-0.2706242000000001,0.059201199999999954,-0.2706242000000001,0.059201199999999954,0.0,false,0.68,0.33,0.59,0.57,78948.26250044207,78944.2,-6.69269712024088,-4.0788303637248955,2,1
1787927462606,1787927400000,237.394,okxUP+pmDOWN,0.11987919999999985,-0.28983380000000003,0.11987919999999985,-0.28983380000000003,0.11987919999999985,0.0,false,0.71,0.3,0.56,0.56,78948.26250044207,78944.2,-5.039598344518093,-2.7107754591210225,41,40
1787927463000,1787927400000,237.0,okxUP+pmDOWN,0.1998088,-0.2998052,0.1998088,-0.2998052,0.1998088,0.0,false,0.71,0.3,0.48,0.57,78948.26250044207,78944.2,-4.550922126877342,-2.7107754591210225,0,193
1787927463500,1787927400000,236.5,okxUP+pmDOWN,0.09994080000000005,-0.2998052,0.09994080000000005,-0.2998052,0.09994080000000005,0.0,false,0.71,0.3,0.58,0.57,78948.26250044207,78944.2,-4.550922126877342,-2.9261174348452794,2,193
1787927464500,1787927400000,235.5,okxUP+pmDOWN,0.14839180000000007,-0.32092999999999994,0.14839180000000007,-0.32092999999999994,0.14839180000000007,0.0,false,0.65,0.36,0.47,0.65,78948.26250044207,78944.2,-4.550922126877342,-5.320213517902519,1,93
1787927465000,1787927400000,235.0,okxUP+pmDOWN,0.13820280000000007,-0.3111330000000001,0.13820280000000007,-0.3111330000000001,0.13820280000000007,0.0,false,0.64,0.37,0.47,0.65,78948.26250044207,78944.2,-3.354926539464085,-5.320213517902519,0,93
1787927465500,1787927400000,234.5,okxUP+pmDOWN,0.13820280000000007,-0.3409152,0.13820280000000007,-0.3409152,0.13820280000000007,0.0,false,0.64,0.37,0.47,0.68,78948.26250044207,78944.2,-3.354926539464085,-5.877569219777284,6,93
1787927466000,1787927400000,234.0,okxUP+pmDOWN,0.13820280000000007,-0.3409152,0.13820280000000007,-0.3409152,0.13820280000000007,0.0,false,0.64,0.37,0.47,0.68,78948.26250044207,78944.2,-3.354926539464085,-5.877569219777284,21,93
1787927466500,1787927400000,233.5,okxUP+pmDOWN,0.11818519999999999,-0.32106480000000004,0.11818519999999999,-0.32106480000000004,0.11818519999999999,0.0,false,0.64,0.37,0.49,0.66,78948.26250044207,78944.2,-4.559902458167239,-5.801566169522639,2,92
1787927467000,1787927400000,233.0,okxUP+pmDOWN,0.12819180000000008,-0.32106480000000004,0.12819180000000008,-0.32106480000000004,0.12819180000000008,0.0,false,0.64,0.37,0.48,0.66,78948.26250044207,78944.2,-4.559902458167239,-5.966239445075289,0,90
1787927467500,1787927400000,232.5,okxUP+pmDOWN,0.17845119999999992,-0.39036019999999994,0.17845119999999992,-0.39036019999999994,0.17845119999999992,0.0,false,0.65,0.36,0.44,0.72,78948.26250044207,78944.2,-5.15132324223415,-7.77764547617104,0,92
1787927468000,1787927400000,232.0,okxUP+pmDOWN,0.12764620000000004,-0.34123520000000007,0.12764620000000004,-0.34123520000000007,0.12764620000000004,0.0,false,0.6,0.41,0.44,0.72,78948.26250044207,78944.2,-5.653711599090039,-7.77764547617104,1,92
1787927468501,1787927400000,231.499,okxUP+pmDOWN,0.12775499999999995,-0.2915898000000001,0.12775499999999995,-0.2915898000000001,0.12775499999999995,0.0,false,0.61,0.4,0.45,0.66,78948.26250044207,78944.2,-5.653711599090039,-7.739643951042797,16,74
1787927469000,1787927400000,231.0,okxUP+pmDOWN,0.13790199999999997,-0.30142880000000005,0.13790199999999997,-0.30142880000000005,0.13790199999999997,0.0,false,0.62,0.39,0.45,0.66,78948.26250044207,78944.2,-5.677497637494627,-7.739643951042797,1,74
1787927469500,1787927400000,230.5,okxUP+pmDOWN,0.13804320000000003,-0.34102279999999996,0.13804320000000003,-0.34102279999999996,0.13804320000000003,0.0,false,0.63,0.38,0.46,0.69,78948.26250044207,78944.2,-6.0747066272424055,-7.600305025575026,6,94
1787927470000,1787927400000,230.0,okxUP+pmDOWN,0.13804320000000003,-0.34102279999999996,0.13804320000000003,-0.34102279999999996,0.13804320000000003,0.0,false,0.63,0.38,0.46,0.69,78948.26250044207,78944.2,-6.0747066272424055,-7.600305025575026,0,94
1787927470500,1787927400000,229.5,okxUP+pmDOWN,0.13804320000000003,-0.3211812000000003,0.13804320000000003,-0.3211812000000003,0.13804320000000003,0.0,false,0.63,0.38,0.46,0.67,78948.26250044207,78944.2,-7.5603966874557935,-7.207622599252913,0,394
1787927471000,1787927400000,229.0,okxUP+pmDOWN,0.13804320000000003,-0.3211812000000003,0.13804320000000003,-0.3211812000000003,0.13804320000000003,0.0,false,0.63,0.38,0.46,0.67,78948.26250044207,78944.2,-7.5603966874557935,-7.207622599252913,5,394
1787927471500,1787927400000,228.5,okxUP+pmDOWN,0.10801020000000006,-0.3211812000000003,0.10801020000000006,-0.3211812000000003,0.10801020000000006,0.0,false,0.63,0.38,0.49,0.67,78948.26250044207,78944.2,-7.5603966874557935,-7.258291299424519,0,93
1787927472000,1787927400000,228.0,okxUP+pmDOWN,0.12819180000000008,-0.3309922000000003,0.12819180000000008,-0.3309922000000003,0.12819180000000008,0.0,false,0.64,0.37,0.48,0.67,78948.26250044207,78944.2,-7.5603966874557935,-7.182288249168032,0,94
1787927472500,1787927400000,227.5,okxUP+pmDOWN,0.12819180000000008,-0.3309922000000003,0.12819180000000008,-0.3309922000000003,0.12819180000000008,0.0,false,0.64,0.37,0.48,0.67,78948.26250044207,78944.2,-7.110087222756945,-7.093618023870024,9,89
1787927473005,1787927400000,226.995,okxUP+pmDOWN,0.12748380000000004,-0.3115817999999999,0.12748380000000004,-0.3115817999999999,0.12748380000000004,0.0,false,0.58,0.43,0.42,0.71,78948.26250044207,78944.2,-7.110087222756945,-8.550343153771905,1,195
1787927473513,1787927400000,226.487,okxUP+pmDOWN,0.17771480000000006,-0.34128479999999994,0.17771480000000006,-0.34128479999999994,0.17771480000000006,0.0,false,0.58,0.43,0.37,0.74,78948.26250044207,78944.2,-7.148328113146845,-9.145700380774914,2,103
1787927474000,1787927400000,226.0,okxUP+pmDOWN,0.1375212,-0.35117699999999985,0.1375212,-0.35117699999999985,0.1375212,0.0,false,0.58,0.43,0.41,0.75,78948.26250044207,78944.2,-7.091567789744541,-9.81706065803441,1,93
1787927474500,1787927400000,225.5,okxUP+pmDOWN,0.1375212,-0.34128479999999994,0.1375212,-0.34128479999999994,0.1375212,0.0,false,0.58,0.43,0.41,0.74,78948.26250044207,78944.2,-7.091567789744541,-9.614385857351673,0,93
1787927475000,1787927400000,225.0,okxUP+pmDOWN,0.12748380000000004,-0.34128479999999994,0.12748380000000004,-0.34128479999999994,0.12748380000000004,0.0,false,0.58,0.43,0.42,0.74,78948.26250044207,78944.2,-7.091567789744541,-9.690388907608158,20,92
1787927475500,1787927400000,224.5,okxUP+pmDOWN,0.1375212,-0.35117699999999985,0.1375212,-0.35117699999999985,0.1375212,0.0,false,0.58,0.43,0.41,0.75,78948.26250044207,78944.2,-7.091567789744541,-9.779059132906166,2,92
1787927476000,1787927400000,224.0,okxUP+pmDOWN,0.10731579999999996,-0.3115842,0.10731579999999996,-0.3115842,0.10731579999999996,0.0,false,0.56,0.45,0.42,0.73,78948.26250044207,78944.2,-9.144595156335654,-9.84239500811929,4,193
1787927476500,1787927400000,223.5,okxUP+pmDOWN,0.10731579999999996,-0.3115842,0.10731579999999996,-0.3115842,0.10731579999999996,0.0,false,0.56,0.45,0.42,0.73,78948.26250044207,78944.2,-9.144595156335654,-9.84239500811929,2,193
1787927477000,1787927400000,223.0,okxUP+pmDOWN,0.10731579999999996,-0.3115842,0.10731579999999996,-0.3115842,0.10731579999999996,0.0,false,0.56,0.45,0.42,0.73,78948.26250044207,78944.2,-9.144595156335654,-10.019735458715305,14,93
1787927477501,1787927400000,222.499,okxUP+pmDOWN,0.10731579999999996,-0.3115842,0.10731579999999996,-0.3115842,0.10731579999999996,0.0,false,0.56,0.45,0.42,0.73,78948.26250044207,78944.2,-9.173412833710898,-9.931065233417296,1,394
1787927478000,1787927400000,222.0,okxUP+pmDOWN,0.10731579999999996,-0.32148080000000023,0.10731579999999996,-0.32148080000000023,0.10731579999999996,0.0,false,0.56,0.45,0.42,0.74,78948.26250044207,78944.2,-9.173412833710898,-9.931065233417296,18,93
1787927478500,1787927400000,221.5,okxUP+pmDOWN,0.11735319999999994,-0.32148080000000023,0.11735319999999994,-0.32148080000000023,0.11735319999999994,0.0,false,0.56,0.45,0.41,0.74,78948.26250044207,78944.2,-9.571687466868031,-10.108405684015153,0,93
1787927479000,1787927400000,221.0,okxUP+pmDOWN,0.11735319999999994,-0.32148080000000023,0.11735319999999994,-0.32148080000000023,0.11735319999999994,0.0,false,0.56,0.45,0.41,0.74,78948.26250044207,78944.2,-9.571687466868031,-10.108405684015153,12,93
1787927480000,1787927400000,220.0,okxUP+pmDOWN,0.11739279999999996,-0.33138979999999996,0.11739279999999996,-0.33138979999999996,0.11739279999999996,0.0,false,0.57,0.44,0.42,0.74,78948.26250044207,78944.2,-9.760145379217972,-10.222410259398043,3,94
1787927480500,1787927400000,219.5,okxUP+pmDOWN,0.12743019999999994,-0.33138979999999996,0.12743019999999994,-0.33138979999999996,0.12743019999999994,0.0,false,0.57,0.44,0.41,0.74,78948.26250044207,78944.2,-9.760145379217972,-10.171741559228279,3,94
1787927481000,1787927400000,219.0,okxUP+pmDOWN,0.11733199999999999,-0.32145,0.11733199999999999,-0.32145,0.11733199999999999,0.0,false,0.55,0.46,0.4,0.75,78948.26250044207,78944.2,-9.799279574278339,-10.741764436146408,0,93
1787927481500,1787927400000,218.5,okxUP+pmDOWN,0.14748380000000005,-0.3511002000000001,0.14748380000000005,-0.3511002000000001,0.14748380000000005,0.0,false,0.55,0.46,0.37,0.78,78948.26250044207,78944.2,-9.913983865663115,-11.235784262808046,1,292
1787927482001,1787927400000,217.999,okxUP+pmDOWN,0.13742880000000002,-0.3511002000000001,0.13742880000000002,-0.3511002000000001,0.13742880000000002,0.0,false,0.55,0.46,0.38,0.78,78948.26250044207,78944.2,-9.913983865663115,-11.29912013802117,3,95
1787927482500,1787927400000,217.5,okxUP+pmDOWN,0.13742880000000002,-0.3511002000000001,0.13742880000000002,-0.3511002000000001,0.13742880000000002,0.0,false,0.55,0.46,0.38,0.78,78948.26250044207,78944.2,-9.913983865663115,-11.29912013802117,0,95
1787927483000,1787927400000,217.0,okxUP+pmDOWN,0.1575432000000001,-0.3511002000000001,0.1575432000000001,-0.3511002000000001,0.1575432000000001,0.0,false,0.55,0.46,0.36,0.78,78948.26250044207,78944.2,-10.1084097731904,-11.324454488106051,1,93
1787927483501,1787927400000,216.499,okxUP+pmDOWN,0.13742880000000002,-0.3511002000000001,0.13742880000000002,-0.3511002000000001,0.13742880000000002,0.0,false,0.55,0.46,0.38,0.78,78948.26250044207,78944.2,-10.1084097731904,-11.28645296297781,2,94
1787927484001,1787927400000,215.999,okxUP+pmDOWN,0.1273782,-0.3313378,0.1273782,-0.3313378,0.1273782,0.0,false,0.55,0.46,0.39,0.76,78948.26250044207,78944.2,-10.795645308536038,-11.121779687425157,6,95
1787927484500,1787927400000,215.5,okxUP+pmDOWN,0.13744119999999993,-0.34126080000000014,0.13744119999999993,-0.34126080000000014,0.13744119999999993,0.0,false,0.56,0.45,0.39,0.76,78948.26250044207,78944.2,-10.795645308536038,-11.121779687425157,1,95
1787927485001,1787927400000,214.999,okxUP+pmDOWN,0.04757580000000006,-0.28156080000000006,0.04757580000000006,-0.28156080000000006,0.04757580000000006,0.0,false,0.62,0.41,0.52,0.64,78948.26250044207,78944.2,-10.93447476840806,-7.650973725744789,8,194
1787927485501,1787927400000,214.499,okxUP+pmDOWN,0.0780168,-0.3109938000000001,0.0780168,-0.3109938000000001,0.0780168,0.0,false,0.65,0.38,0.52,0.64,78948.26250044207,78944.2,-10.93447476840806,-7.650973725744789,15,194
1787927486001,1787927400000,213.999,okxUP+pmDOWN,0.0784071999999999,-0.29110820000000004,0.0784071999999999,-0.29110820000000004,0.0784071999999999,0.0,false,0.65,0.36,0.54,0.62,78948.26250044207,78944.2,-11.04039606405633,-7.232956949337795,0,94
1787927486500,1787927400000,213.5,okxUP+pmDOWN,0.0784071999999999,-0.29110820000000004,0.0784071999999999,-0.29110820000000004,0.0784071999999999,0.0,false,0.65,0.36,0.54,0.62,78948.26250044207,78944.2,-11.04039606405633,-7.232956949337795,2,94
1787927487500,1787927400000,212.5,okxUP+pmDOWN,0.029339800000000027,-0.23071220000000014,0.029339800000000027,-0.23071220000000014,0.029339800000000027,0.0,false,0.68,0.33,0.62,0.53,78948.26250044207,78944.2,-7.855234074875781,-3.0654563603148923,0,92
1787927488001,1787927400000,211.999,okxUP+pmDOWN,0.08070479999999991,-0.2792772000000001,0.08070479999999991,-0.2792772000000001,0.08070479999999991,0.0,false,0.73,0.28,0.62,0.53,78948.26250044207,78944.2,-7.855234074875781,-3.0654563603148923,1,92
1787927488500,1787927400000,211.5,okxUP+pmDOWN,0.07075979999999993,-0.25929480000000016,0.07075979999999993,-0.25929480000000016,0.07075979999999993,0.0,false,0.73,0.28,0.63,0.51,78948.26250044207,78944.2,-7.855234074875781,-3.040122010230011,1,293
1787927489000,1787927400000,211.0,okxUP+pmDOWN,0.060458799999999924,-0.2496098,0.060458799999999924,-0.2496098,0.060458799999999924,0.0,false,0.72,0.29,0.63,0.51,78948.26250044207,78944.2,-7.855234074875781,-3.040122010230011,1,293
1787927490000,1787927400000,210.0,okxUP+pmDOWN,0.12052879999999999,-0.31918919999999984,0.12052879999999999,-0.31918919999999984,0.12052879999999999,0.0,false,0.73,0.28,0.58,0.57,78948.26250044207,78944.2,-5.9723015144009075,-2.8754487346755164,0,93
1787927490500,1787927400000,209.5,okxUP+pmDOWN,0.1102278000000001,-0.3095041999999999,0.1102278000000001,-0.3095041999999999,0.1102278000000001,0.0,false,0.72,0.29,0.58,0.57,78948.26250044207,78944.2,-3.546798807276371,-2.8754487346755164,1,93
1787927491000,1787927400000,209.0,okxUP+pmDOWN,0.1102278000000001,-0.3095041999999999,0.1102278000000001,-0.3095041999999999,0.1102278000000001,0.0,false,0.72,0.29,0.58,0.57,78948.26250044207,78944.2,-3.3541144522760216,-2.8754487346755164,6,93
1787927491500,1787927400000,208.5,okxUP+pmDOWN,0.14081080000000012,-0.3188888000000001,0.14081080000000012,-0.3188888000000001,0.14081080000000012,0.0,false,0.74,0.27,0.57,0.56,78948.26250044207,78944.2,-3.1558834897676014,-2.634772408866378,0,93
1787927492000,1787927400000,208.0,okxUP+pmDOWN,0.1013487999999999,-0.3085898,0.1013487999999999,-0.3085898,0.1013487999999999,0.0,false,0.75,0.26,0.62,0.54,78948.26250044207,78944.2,-3.1558834897676014,-2.0900838820331327,2,93
1787927492501,1787927400000,207.499,okxUP+pmDOWN,0.15980879999999986,-0.3197348,0.15980879999999986,-0.3197348,0.15980879999999986,0.0,false,0.71,0.3,0.52,0.59,78948.26250044207,78944.2,-3.1558834897676014,-3.9648257883420075,2,92
1787927493001,1787927400000,206.999,okxUP+pmDOWN,0.15012219999999998,-0.31947119999999996,0.15012219999999998,-0.31947119999999996,0.15012219999999998,0.0,false,0.72,0.29,0.54,0.58,78948.26250044207,78944.2,-2.8909855626983525,-3.850821212957276,1,93
1787927493500,1787927400000,206.5,okxUP+pmDOWN,0.16042319999999988,-0.3590308,0.16042319999999988,-0.3590308,0.16042319999999988,0.0,false,0.73,0.28,0.54,0.61,78948.26250044207,78944.2,-2.8909855626983525,-3.1921281107411428,0,93
1787927494000,1787927400000,206.0,okxUP+pmDOWN,0.15044299999999988,-0.3590308,0.15044299999999988,-0.3590308,0.15044299999999988,0.0,false,0.73,0.28,0.55,0.61,78948.26250044207,78944.2,-2.4842480780032243,-3.1921281107411428,16,93
1787927494500,1787927400000,205.5,okxUP+pmDOWN,0.15044299999999988,-0.3590308,0.15044299999999988,-0.3590308,0.15044299999999988,0.0,false,0.73,0.28,0.55,0.61,78948.26250044207,78944.2,-2.8469112821758933,-3.1921281107411428,10,94
1787927495000,1787927400000,205.0,okxUP+pmDOWN,0.1404671999999999,-0.34907699999999986,0.1404671999999999,-0.34907699999999986,0.1404671999999999,0.0,false,0.73,0.28,0.56,0.6,78948.26250044207,78944.2,-2.8469112821758933,-3.002120485101767,0,94
1787927495501,1787927400000,204.499,okxUP+pmDOWN,0.1404671999999999,-0.34907699999999986,0.1404671999999999,-0.34907699999999986,0.1404671999999999,0.0,false,0.73,0.28,0.56,0.6,78948.26250044207,78944.2,-2.8469112821758933,-3.002120485101767,0,94
1787927497500,1787927400000,202.5,okxUP+pmDOWN,0.06489080000000003,-0.26572419999999997,0.06489080000000003,-0.26572419999999997,0.06489080000000003,0.0,false,0.82,0.19,0.73,0.43,78948.26250044207,78944.2,-2.78727954604317,2.1787541073311387,4,92
1787927498000,1787927400000,202.0,okxUP+pmDOWN,0.06489080000000003,-0.26572419999999997,0.06489080000000003,-0.26572419999999997,0.06489080000000003,0.0,false,0.82,0.19,0.73,0.43,78948.26250044207,78944.2,-0.9846041984337112,2.1787541073311387,2,92
1787927498522,1787927400000,201.478,okxUP+pmDOWN,0.11393580000000003,-0.3062642,0.11393580000000003,-0.3062642,0.11393580000000003,0.0,false,0.81,0.2,0.67,0.48,78948.26250044207,78944.2,0.8730981662933143,1.659399930584618,1,0
1787927499019,1787927400000,200.981,okxUP+pmDOWN,0.10352280000000003,-0.29669119999999993,0.10352280000000003,-0.29669119999999993,0.10352280000000003,0.0,false,0.8,0.21,0.67,0.48,78948.26250044207,78944.2,0.8730981662933143,1.659399930584618,2,0
1787927499504,1787927400000,200.496,okxUP+pmDOWN,0.10259799999999997,-0.30750980000000006,0.10259799999999997,-0.30750980000000006,0.10259799999999997,0.0,false,0.78,0.23,0.65,0.51,78948.26250044207,78944.2,1.7980140594303173,0.36734807623723226,0,96
1787927500000,1787927400000,200.0,okxUP+pmDOWN,0.11253420000000003,-0.30750980000000006,0.11253420000000003,-0.30750980000000006,0.11253420000000003,0.0,false,0.78,0.23,0.64,0.51,78948.26250044207,78944.2,1.7980140594303173,0.40534960136363274,2,92
1787927500500,1787927400000,199.5,okxUP+pmDOWN,0.11253420000000003,-0.30750980000000006,0.11253420000000003,-0.30750980000000006,0.11253420000000003,0.0,false,0.78,0.23,0.64,0.51,78948.26250044207,78944.2,1.7980140594303173,0.40534960136363274,1,93
1787927501000,1787927400000,199.0,okxUP+pmDOWN,0.10259799999999997,-0.30750980000000006,0.10259799999999997,-0.30750980000000006,0.10259799999999997,0.0,false,0.78,0.23,0.65,0.51,78948.26250044207,78944.2,0.9330959117152295,0.41801677640699514,1,91
1787927501500,1787927400000,198.5,okxUP+pmDOWN,0.11253420000000003,-0.30750980000000006,0.11253420000000003,-0.30750980000000006,0.11253420000000003,0.0,false,0.78,0.23,0.64,0.51,78948.26250044207,78944.2,0.9330959117152295,-0.11400457538288807,0,93
1787927502000,1787927400000,198.0,okxUP+pmDOWN,0.10216320000000001,-0.2978948000000001,0.10216320000000001,-0.2978948000000001,0.10216320000000001,0.0,false,0.77,0.24,0.64,0.51,78948.26250044207,78944.2,0.5360262673951148,-0.11400457538288807,12,93
1787927502500,1787927400000,197.5,okxUP+pmDOWN,0.11253420000000003,-0.30750980000000006,0.11253420000000003,-0.30750980000000006,0.11253420000000003,0.0,false,0.78,0.23,0.64,0.51,78948.26250044207,78944.2,0.4678031196303071,-0.012667175041519055,6,94
1787927503000,1787927400000,197.0,okxUP+pmDOWN,0.10216320000000001,-0.2978948000000001,0.10216320000000001,-0.2978948000000001,0.10216320000000001,0.0,false,0.77,0.24,0.64,0.51,78948.26250044207,78944.2,0.4678031196303071,-0.012667175041519055,2,94
1787927503510,1787927400000,196.49,okxUP+pmDOWN,0.13084380000000007,-0.32886020000000005,0.13084380000000007,-0.32886020000000005,0.13084380000000007,0.0,false,0.74,0.27,0.58,0.57,78948.26250044207,78944.2,0.4678031196303071,-1.773404505967506,1,102
1787927504000,1787927400000,196.0,okxUP+pmDOWN,0.14236920000000008,-0.33747680000000013,0.14236920000000008,-0.33747680000000013,0.14236920000000008,0.0,false,0.78,0.23,0.61,0.54,78948.26250044207,78944.2,0.013864642547413996,-1.1780472789644978,3,92
1787927504500,1787927400000,195.5,okxUP+pmDOWN,0.07479179999999996,-0.26572419999999997,0.07479179999999996,-0.26572419999999997,0.07479179999999996,0.0,false,0.82,0.19,0.72,0.43,78948.26250044207,78944.2,0.007981446088503421,1.6467327555412559,2,93
1787927505000,1787927400000,195.0,okxUP+pmDOWN,0.07479179999999996,-0.26572419999999997,0.07479179999999996,-0.26572419999999997,0.07479179999999996,0.0,false,0.82,0.19,0.72,0.43,78948.26250044207,78944.2,0.007981446088503421,2.267424332630989,7,93
1787927505500,1787927400000,194.5,okxUP+pmDOWN,0.07589019999999991,-0.2546879999999998,0.07589019999999991,-0.2546879999999998,0.07589019999999991,0.0,false,0.84,0.17,0.74,0.4,78948.26250044207,78944.2,0.007981446088503421,2.8121128594623914,5,91
1787927506001,1787927400000,193.999,okxUP+pmDOWN,0.026473199999999864,-0.22453619999999996,0.026473199999999864,-0.22453619999999996,0.026473199999999864,0.0,false,0.84,0.17,0.79,0.37,78948.26250044207,78944.2,-0.8705068641671274,4.357508214664121,10,93
1787927506500,1787927400000,193.5,okxUP+pmDOWN,0.036942199999999925,-0.23405319999999974,0.036942199999999925,-0.23405319999999974,0.036942199999999925,0.0,false,0.85,0.16,0.79,0.37,78948.26250044207,78944.2,1.948306279198163,4.357508214664121,1,93
1787927507000,1787927400000,193.0,okxUP+pmDOWN,0.07646699999999995,-0.264205,0.07646699999999995,-0.264205,0.07646699999999995,0.0,false,0.85,0.16,0.75,0.4,78948.26250044207,78944.2,1.948306279198163,4.294172339450996,5,93
1787927507501,1787927400000,192.499,okxUP+pmDOWN,0.06657919999999995,-0.264205,0.06657919999999995,-0.264205,0.06657919999999995,0.0,false,0.85,0.16,0.76,0.4,78948.26250044207,78944.2,2.59536934699687,4.218169289194509,0,94
1787927508000,1787927400000,192.0,okxUP+pmDOWN,0.06657919999999995,-0.264205,0.06657919999999995,-0.264205,0.06657919999999995,0.0,false,0.85,0.16,0.76,0.4,78948.26250044207,78944.2,2.59536934699687,4.154833413981383,6,93
1787927508500,1787927400000,191.5,okxUP+pmDOWN,0.06657919999999995,-0.264205,0.06657919999999995,-0.264205,0.06657919999999995,0.0,false,0.85,0.16,0.76,0.4,78948.26250044207,78944.2,2.59536934699687,4.142166238938021,3,92
1787927509000,1787927400000,191.0,okxUP+pmDOWN,0.09684219999999999,-0.28374979999999983,0.09684219999999999,-0.28374979999999983,0.09684219999999999,0.0,false,0.86,0.15,0.74,0.41,78948.26250044207,78944.2,4.321501002982035,4.610851715516622,7,93
1787927509500,1787927400000,190.5,okxUP+pmDOWN,0.09684219999999999,-0.28374979999999983,0.09684219999999999,-0.28374979999999983,0.09684219999999999,0.0,false,0.86,0.15,0.74,0.41,78948.26250044207,78944.2,4.119280288114158,4.610851715516622,0,93
1787927510000,1787927400000,190.0,okxUP+pmDOWN,0.12597200000000008,-0.2742467999999998,0.12597200000000008,-0.2742467999999998,0.12597200000000008,0.0,false,0.85,0.16,0.7,0.41,78948.26250044207,78944.2,4.119280288114158,4.851528041325761,0,93
1787927510500,1787927400000,189.5,okxUP+pmDOWN,0.12597200000000008,-0.2742467999999998,0.12597200000000008,-0.2742467999999998,0.12597200000000008,0.0,false,0.85,0.16,0.7,0.41,78948.26250044207,78944.2,4.119280288114158,4.851528041325761,7,93
1787927511000,1787927400000,189.0,okxUP+pmDOWN,0.1353357999999999,-0.2647297999999998,0.1353357999999999,-0.2647297999999998,0.1353357999999999,0.0,false,0.84,0.17,0.68,0.41,78948.26250044207,78944.2,4.323867222120823,4.737523465942872,0,93
1787927511500,1787927400000,188.5,okxUP+pmDOWN,0.11550300000000002,-0.2747671999999999,0.11550300000000002,-0.2747671999999999,0.11550300000000002,0.0,false,0.84,0.17,0.7,0.42,78948.26250044207,78944.2,4.323867222120823,4.471512790047009,3,93
1787927512000,1787927400000,188.0,okxUP+pmDOWN,0.13588620000000007,-0.2842841999999999,0.13588620000000007,-0.2842841999999999,0.13588620000000007,0.0,false,0.85,0.16,0.69,0.42,78948.26250044207,78944.2,4.693759360604621,4.471512790047009,6,293
1787927512500,1787927400000,187.5,okxUP+pmDOWN,0.0962558,-0.29431719999999983,0.0962558,-0.29431719999999983,0.0962558,0.0,false,0.85,0.16,0.73,0.43,78948.26250044207,78944.2,4.879096172346472,4.509514315175253,6,93
1787927513000,1787927400000,187.0,okxUP+pmDOWN,0.08635919999999997,-0.2842841999999999,0.08635919999999997,-0.2842841999999999,0.08635919999999997,0.0,false,0.85,0.16,0.74,0.42,78948.26250044207,78944.2,4.879096172346472,4.560183015345016,11,93
1787927513501,1787927400000,186.499,okxUP+pmDOWN,0.08635919999999997,-0.2842841999999999,0.08635919999999997,-0.2842841999999999,0.08635919999999997,0.0,false,0.85,0.16,0.74,0.42,78948.26250044207,78944.2,4.879096172346472,4.59818454047326,5,94
1787927514000,1787927400000,186.0,okxUP+pmDOWN,0.09684219999999999,-0.2937871999999999,0.09684219999999999,-0.2937871999999999,0.09684219999999999,0.0,false,0.86,0.15,0.74,0.42,78948.26250044207,78944.2,4.448660243109556,4.59818454047326,0,94
1787927514500,1787927400000,185.5,okxUP+pmDOWN,0.057922199999999924,-0.25304519999999986,0.057922199999999924,-0.25304519999999986,0.057922199999999924,0.0,false,0.87,0.14,0.79,0.37,78948.26250044207,78944.2,4.448660243109556,6.181581420801391,0,93
1787927515001,1787927400000,184.999,okxUP+pmDOWN,0.06843319999999997,-0.26252019999999976,0.06843319999999997,-0.26252019999999976,0.06843319999999997,0.0,false,0.88,0.13,0.79,0.37,78948.26250044207,78944.2,4.448660243109556,6.662934072421511,0,94
1787927515500,1787927400000,184.5,okxUP+pmDOWN,0.06843319999999997,-0.26252019999999976,0.06843319999999997,-0.26252019999999976,0.06843319999999997,0.0,false,0.88,0.13,0.79,0.37,78948.26250044207,78944.2,4.531436405107011,6.662934072421511,2,94
1787927519500,1787927400000,180.5,okxUP+pmDOWN,0.031051200000000057,-0.22035300000000002,0.031051200000000057,-0.22035300000000002,0.031051200000000057,0.0,false,0.91,0.1,0.86,0.3,78948.26250044207,78944.2,7.910001676330567,9.57638433222527,5,92
1787927520000,1787927400000,180.0,okxUP+pmDOWN,0.031051200000000057,-0.22035300000000002,0.031051200000000057,-0.22035300000000002,0.031051200000000057,0.0,false,0.91,0.1,0.86,0.3,78948.26250044207,78944.2,8.198593593460846,9.57638433222527,0,92
1787927520500,1787927400000,179.5,okxUP+pmDOWN,0.021211800000000003,-0.21026279999999997,0.021211800000000003,-0.21026279999999997,0.021211800000000003,0.0,false,0.91,0.1,0.87,0.29,78948.26250044207,78944.2,8.198593593460846,9.601718682310151,3,90
1787927521000,1787927400000,179.0,okxUP+pmDOWN,0.011376800000000076,-0.20016820000000024,0.011376800000000076,-0.20016820000000024,0.011376800000000076,0.0,false,0.91,0.1,0.88,0.28,78948.26250044207,78944.2,8.198593593460846,9.665054557523279,1,91
1787927521500,1787927400000,178.5,okxUP+pmDOWN,0.011376800000000076,-0.20016820000000024,0.011376800000000076,-0.20016820000000024,0.011376800000000076,0.0,false,0.91,0.1,0.88,0.28,78948.26250044207,78944.2,8.946220218831183,9.665054557523279,3,91
1787927522004,1787927400000,177.996,okxUP+pmDOWN,0.001546200000000053,-0.19006919999999994,0.001546200000000053,-0.19006919999999994,0.001546200000000053,0.0,false,0.91,0.1,0.89,0.27,78948.26250044207,78944.2,8.946220218831183,10.450419410165662,13,93
1787927522501,1787927400000,177.499,okxUP+pmDOWN,0.001546200000000053,-0.19006919999999994,0.001546200000000053,-0.19006919999999994,0.001546200000000053,0.0,false,0.91,0.1,0.89,0.27,78948.26250044207,78944.2,9.51731046360645,10.450419410165662,0,93
1787927524500,1787927400000,175.5,okxUP+pmDOWN,0.002287000000000039,-0.18938480000000002,0.002287000000000039,-0.18938480000000002,0.002287000000000039,0.0,false,0.92,0.09,0.9,0.26,78948.26250044207,78944.2,9.878141699182837,10.982440761955546,2,92
1787927525000,1787927400000,175.0,okxUP+pmDOWN,0.03252480000000002,-0.2189922000000002,0.03252480000000002,-0.2189922000000002,0.03252480000000002,0.0,false,0.93,0.08,0.88,0.28,78948.26250044207,78944.2,10.66515707739912,10.969773586914027,7,92
1787927525501,1787927400000,174.499,okxUP+pmDOWN,0.022694199999999998,-0.2088932000000001,0.022694199999999998,-0.2088932000000001,0.022694199999999998,0.0,false,0.93,0.08,0.89,0.27,78948.26250044207,78944.2,10.66515707739912,10.919104886742419,6,93
1787927526000,1787927400000,174.0,okxUP+pmDOWN,0.03252480000000002,-0.2189922000000002,0.03252480000000002,-0.2189922000000002,0.03252480000000002,0.0,false,0.93,0.08,0.88,0.28,78948.26250044207,78944.2,11.123768345485376,11.020442287083787,10,93
1787927526500,1787927400000,173.5,okxUP+pmDOWN,0.03252480000000002,-0.2189922000000002,0.03252480000000002,-0.2189922000000002,0.03252480000000002,0.0,false,0.93,0.08,0.88,0.28,78948.26250044207,78944.2,11.123768345485376,11.020442287083787,0,93
1787927530000,1787927400000,170.0,okxUP+pmDOWN,0.0062670000000000226,-0.15528419999999987,0.0062670000000000226,-0.15528419999999987,0.0062670000000000226,0.0,false,0.97,0.04,0.95,0.18,78948.26250044207,78944.2,11.53103437339892,20.305481593328313,1,91
1787927530500,1787927400000,169.5,okxUP+pmDOWN,0.025879799999999897,-0.11468579999999995,0.025879799999999897,-0.11468579999999995,0.025879799999999897,0.0,false,0.97,0.04,0.93,0.14,78948.26250044207,78944.2,16.256168331532624,21.610200622719063,1,87
1787927531000,1787927400000,169.0,okxUP+pmDOWN,0.0062670000000000226,-0.11468579999999995,0.0062670000000000226,-0.11468579999999995,0.0062670000000000226,0.0,false,0.97,0.04,0.95,0.14,78948.26250044207,78944.2,17.63867553563364,20.55882509418082,17,91
1787927531500,1787927400000,168.5,okxUP+pmDOWN,0.016071199999999952,-0.1248419999999999,0.016071199999999952,-0.1248419999999999,0.016071199999999952,0.0,false,0.97,0.04,0.94,0.15,78948.26250044207,78944.2,17.63867553563364,20.216811368030307,0,93
1787927532000,1787927400000,168.0,okxUP+pmDOWN,0.0062670000000000226,-0.20593320000000004,0.0062670000000000226,-0.20593320000000004,0.0062670000000000226,0.0,false,0.97,0.04,0.95,0.23,78948.26250044207,78944.2,18.92794986054183,18.874090813511316,1,92
1787927533000,1787927400000,167.0,okxUP+pmDOWN,0.0062670000000000226,-0.16542279999999998,0.0062670000000000226,-0.16542279999999998,0.0062670000000000226,0.0,false,0.97,0.04,0.95,0.19,78948.26250044207,78944.2,20.23548847157212,20.457487693839447,0,92
1787927533500,1787927400000,166.5,okxUP+pmDOWN,0.0062670000000000226,-0.14514119999999986,0.0062670000000000226,-0.14514119999999986,0.0062670000000000226,0.0,false,0.97,0.04,0.95,0.17,78948.26250044207,78944.2,20.23548847157212,21.42019299707969,13,93
1787927534000,1787927400000,166.0,okxUP+pmDOWN,0.0062670000000000226,-0.15528419999999987,0.0062670000000000226,-0.15528419999999987,0.0062670000000000226,0.0,false,0.97,0.04,0.95,0.18,78948.26250044207,78944.2,20.561855331825463,20.698164019650427,0,93
1787927534500,1787927400000,165.5,okxUP+pmDOWN,0.03569279999999986,-0.1248419999999999,0.03569279999999986,-0.1248419999999999,0.03569279999999986,0.0,false,0.97,0.04,0.92,0.15,78948.26250044207,78944.2,20.561855331825463,21.15418232118382,1,93
1787927535000,1787927400000,165.0,okxUP+pmDOWN,0.03569279999999986,-0.1248419999999999,0.03569279999999986,-0.1248419999999999,0.03569279999999986,0.0,false,0.97,0.04,0.92,0.15,78948.26250044207,78944.2,19.568648694715208,21.15418232118382,0,93
1787927535501,1787927400000,164.499,okxUP+pmDOWN,0.10450700000000002,-0.13499379999999994,0.10450700000000002,-0.13499379999999994,0.10450700000000002,0.0,false,0.97,0.04,0.85,0.16,78948.26250044207,78944.2,19.568648694715208,21.559531922547453,3,94
1787927536000,1787927400000,164.0,okxUP+pmDOWN,0.10450700000000002,-0.13499379999999994,0.10450700000000002,-0.13499379999999994,0.10450700000000002,0.0,false,0.97,0.04,0.85,0.16,78948.26250044207,78944.2,20.669863287949973,21.559531922547453,0,94
1787927537500,1787927400000,162.5,okxUP+pmDOWN,0.15302519999999986,-0.32775679999999996,0.15302519999999986,-0.32775679999999996,0.15302519999999986,0.0,false,0.96,0.05,0.79,0.36,78948.26250044207,78944.2,21.126404823717486,14.807927624829784,0,92
1787927538000,1787927400000,162.0,okxUP+pmDOWN,0.13179319999999983,-0.3090168,0.13179319999999983,-0.3090168,0.13179319999999983,0.0,false,0.94,0.07,0.79,0.36,78948.26250044207,78944.2,21.126404823717486,14.807927624829784,3,92
1787927538500,1787927400000,161.5,okxUP+pmDOWN,0.12192299999999989,-0.3090168,0.12192299999999989,-0.3090168,0.12192299999999989,0.0,false,0.94,0.07,0.8,0.36,78948.26250044207,78944.2,20.85058878660994,14.465913898677432,4,93
1787927539001,1787927400000,160.999,okxUP+pmDOWN,0.08324700000000018,-0.2680308,0.08324700000000018,-0.2680308,0.08324700000000018,0.0,false,0.95,0.06,0.85,0.31,78948.26250044207,78944.2,19.65907033330185,14.617919999190406,0,93
1787927539500,1787927400000,160.5,okxUP+pmDOWN,0.07263800000000009,-0.2586537999999998,0.07263800000000009,-0.2586537999999998,0.07263800000000009,0.0,false,0.94,0.07,0.85,0.31,78948.26250044207,78944.2,19.65907033330185,14.617919999190406,1,93
1787927540000,1787927400000,160.0,okxUP+pmDOWN,0.12266619999999995,-0.2579450000000001,0.12266619999999995,-0.2579450000000001,0.12266619999999995,0.0,false,0.95,0.06,0.81,0.3,78948.26250044207,78944.2,17.024749397237215,14.630587174231927,1,93
1787927540500,1787927400000,159.5,okxUP+pmDOWN,0.12266619999999995,-0.21755780000000002,0.12266619999999995,-0.21755780000000002,0.12266619999999995,0.0,false,0.95,0.06,0.81,0.26,78948.26250044207,78944.2,17.024749397237215,14.959933725340914,5,93
1787927541000,1787927400000,159.0,okxUP+pmDOWN,0.12266619999999995,-0.2276612,0.12266619999999995,-0.2276612,0.12266619999999995,0.0,false,0.95,0.06,0.81,0.27,78948.26250044207,78944.2,17.024749397237215,15.213277226193416,0,92
1787927541501,1787927400000,158.499,okxUP+pmDOWN,0.12266619999999995,-0.21755780000000002,0.12266619999999995,-0.21755780000000002,0.12266619999999995,0.0,false,0.95,0.06,0.81,0.26,78948.26250044207,78944.2,15.611448673352276,14.402578023464308,0,90
1787927542000,1787927400000,158.0,okxUP+pmDOWN,0.14315499999999992,-0.1965842,0.14315499999999992,-0.1965842,0.14315499999999992,0.0,false,0.96,0.05,0.8,0.23,78948.26250044207,78944.2,15.439439228606474,15.783300103111543,1,93
1787927542500,1787927400000,157.5,okxUP+pmDOWN,0.13253199999999998,-0.18722119999999998,0.13253199999999998,-0.18722119999999998,0.13253199999999998,0.0,false,0.95,0.06,0.8,0.23,78948.26250044207,78944.2,15.152171973241888,15.783300103111543,0,93
1787927543500,1787927400000,156.5,okxUP+pmDOWN,0.11205719999999986,-0.28888479999999994,0.11205719999999986,-0.28888479999999994,0.11205719999999986,0.0,false,0.94,0.07,0.81,0.34,78948.26250044207,78944.2,15.152171973241888,14.250571922953174,0,96
1787927544003,1787927400000,155.997,okxUP+pmDOWN,0.12266619999999995,-0.29826180000000013,0.12266619999999995,-0.29826180000000013,0.12266619999999995,0.0,false,0.95,0.06,0.81,0.34,78948.26250044207,78944.2,15.70424374472498,14.250571922953174,2,96
1787927544500,1787927400000,155.5,okxUP+pmDOWN,0.13328919999999989,-0.28747520000000004,0.13328919999999989,-0.28747520000000004,0.13328919999999989,0.0,false,0.96,0.05,0.81,0.32,78948.26250044207,78944.2,14.98514698364308,14.833261974914665,3,93
1787927545000,1787927400000,155.0,okxUP+pmDOWN,0.13328919999999989,-0.28747520000000004,0.13328919999999989,-0.28747520000000004,0.13328919999999989,0.0,false,0.96,0.05,0.81,0.32,78948.26250044207,78944.2,14.98514698364308,14.833261974914665,5,93
1787927545501,1787927400000,154.499,okxUP+pmDOWN,0.13328919999999989,-0.25721780000000005,0.13328919999999989,-0.25721780000000005,0.13328919999999989,0.0,false,0.96,0.05,0.81,0.29,78948.26250044207,78944.2,14.98514698364308,14.681255874403533,13,194
1787927546000,1787927400000,154.0,okxUP+pmDOWN,0.13328919999999989,-0.32775679999999996,0.13328919999999989,-0.32775679999999996,0.13328919999999989,0.0,false,0.96,0.05,0.81,0.36,78948.26250044207,78944.2,13.678796404291056,15.28928027644806,3,92
1787927546529,1787927400000,153.471,okxUP+pmDOWN,0.12266619999999995,-0.2680308,0.12266619999999995,-0.2680308,0.12266619999999995,0.0,false,0.95,0.06,0.81,0.31,78948.26250044207,78944.2,13.678796404291056,14.073231472357163,0,0
1787927547000,1787927400000,153.0,okxUP+pmDOWN,0.12266619999999995,-0.2680308,0.12266619999999995,-0.2680308,0.12266619999999995,0.0,false,0.95,0.06,0.81,0.31,78948.26250044207,78944.2,14.879386402019069,14.073231472357163,4,0
1787927547500,1787927400000,152.5,okxUP+pmDOWN,0.12266619999999995,-0.29826180000000013,0.12266619999999995,-0.29826180000000013,0.12266619999999995,0.0,false,0.95,0.06,0.81,0.34,78948.26250044207,78944.2,14.879386402019069,13.363869669969421,2,93
1787927548000,1787927400000,152.0,okxUP+pmDOWN,0.12266619999999995,-0.29826180000000013,0.12266619999999995,-0.29826180000000013,0.12266619999999995,0.0,false,0.95,0.06,0.81,0.34,78948.26250044207,78944.2,14.904153883081506,13.363869669969421,1,93
1787927548500,1787927400000,151.5,okxUP+pmDOWN,0.12266619999999995,-0.2680308,0.12266619999999995,-0.2680308,0.12266619999999995,0.0,false,0.95,0.06,0.81,0.31,78948.26250044207,78944.2,14.904153883081506,13.287866619714778,1,94
1787927549000,1787927400000,151.0,okxUP+pmDOWN,0.12266619999999995,-0.2680308,0.12266619999999995,-0.2680308,0.12266619999999995,0.0,false,0.95,0.06,0.81,0.31,78948.26250044207,78944.2,13.865166863308461,13.287866619714778,0,94
1787927549500,1787927400000,150.5,okxUP+pmDOWN,0.12266619999999995,-0.2680308,0.12266619999999995,-0.2680308,0.12266619999999995,0.0,false,0.95,0.06,0.81,0.31,78948.26250044207,78944.2,13.320797241433025,13.363869669969421,0,92
1787927550000,1787927400000,150.0,okxUP+pmDOWN,0.12266619999999995,-0.2680308,0.12266619999999995,-0.2680308,0.12266619999999995,0.0,false,0.95,0.06,0.81,0.31,78948.26250044207,78944.2,13.320797241433025,13.363869669969421,1,92
1787927550501,1787927400000,149.499,okxUP+pmDOWN,0.13328919999999989,-0.23702420000000002,0.13328919999999989,-0.23702420000000002,0.13328919999999989,0.0,false,0.96,0.05,0.81,0.27,78948.26250044207,78944.2,13.320797241433025,13.92122537184603,2,92
1787927551014,1787927400000,148.986,okxUP+pmDOWN,0.13328919999999989,-0.22692080000000003,0.13328919999999989,-0.22692080000000003,0.13328919999999989,0.0,false,0.96,0.05,0.81,0.26,78948.26250044207,78944.2,13.483890588194637,14.757258924658176,1,0
1787927551500,1787927400000,148.5,okxUP+pmDOWN,0.13328919999999989,-0.22692080000000003,0.13328919999999989,-0.22692080000000003,0.13328919999999989,0.0,false,0.96,0.05,0.81,0.26,78948.26250044207,78944.2,13.51318141268748,15.327281801576305,2,293
1787927552000,1787927400000,148.0,okxUP+pmDOWN,0.1439261999999999,-0.23626980000000009,0.1439261999999999,-0.23626980000000009,0.1439261999999999,0.0,false,0.97,0.04,0.81,0.26,78948.26250044207,78944.2,13.51318141268748,15.238611576278297,1,193
1787927552500,1787927400000,147.5,okxUP+pmDOWN,0.1439261999999999,-0.22616199999999975,0.1439261999999999,-0.22616199999999975,0.1439261999999999,0.0,false,0.97,0.04,0.81,0.25,78948.26250044207,78944.2,13.51318141268748,15.745298577983299,3,93
1787927553000,1787927400000,147.0,okxUP+pmDOWN,0.1439261999999999,-0.20593320000000004,0.1439261999999999,-0.20593320000000004,0.1439261999999999,0.0,false,0.97,0.04,0.81,0.23,78948.26250044207,78944.2,14.377996459616806,15.846635978324667,5,93
1787927553500,1787927400000,146.5,okxUP+pmDOWN,0.1439261999999999,-0.21604979999999996,0.1439261999999999,-0.21604979999999996,0.1439261999999999,0.0,false,0.97,0.04,0.81,0.24,78948.26250044207,78944.2,15.466080180816862,16.264652754731664,23,83
1787927554000,1787927400000,146.0,okxUP+pmDOWN,0.1439261999999999,-0.22616199999999975,0.1439261999999999,-0.22616199999999975,0.1439261999999999,0.0,false,0.97,0.04,0.81,0.25,78948.26250044207,78944.2,15.466080180816862,16.49266190549744,30,93
1787927554500,1787927400000,145.5,okxUP+pmDOWN,0.1439261999999999,-0.22616199999999975,0.1439261999999999,-0.22616199999999975,0.1439261999999999,0.0,false,0.97,0.04,0.81,0.25,78948.26250044207,78944.2,15.466080180816862,16.391324505157915,7,93
1787927555000,1787927400000,145.0,okxUP+pmDOWN,0.15457719999999997,-0.21526820000000013,0.15457719999999997,-0.21526820000000013,0.15457719999999997,0.0,false,0.98,0.03,0.81,0.23,78948.26250044207,78944.2,15.826693744886112,16.35332298002967,16,75
1787927555500,1787927400000,144.5,okxUP+pmDOWN,0.15457719999999997,-0.22538480000000005,0.15457719999999997,-0.22538480000000005,0.15457719999999997,0.0,false,0.98,0.03,0.81,0.24,78948.26250044207,78944.2,15.826693744886112,15.821301628239786,1,93
1787927556000,1787927400000,144.0,okxUP+pmDOWN,0.15457719999999997,-0.21526820000000013,0.15457719999999997,-0.21526820000000013,0.15457719999999997,0.0,false,0.98,0.03,0.81,0.23,78948.26250044207,78944.2,15.826693744886112,15.97330772875092,13,92
1787927556500,1787927400000,143.5,okxUP+pmDOWN,0.15457719999999997,-0.22538480000000005,0.15457719999999997,-0.22538480000000005,0.15457719999999997,0.0,false,0.98,0.03,0.81,0.24,78948.26250044207,78944.2,16.434815913689246,15.947973378666036,5,93
1787927557001,1787927400000,142.999,okxUP+pmDOWN,0.15457719999999997,-0.22538480000000005,0.15457719999999997,-0.22538480000000005,0.15457719999999997,0.0,false,0.98,0.03,0.81,0.24,78948.26250044207,78944.2,16.149042020403567,16.201316879518536,0,88
1787927557500,1787927400000,142.5,okxUP+pmDOWN,0.15457719999999997,-0.22538480000000005,0.15457719999999997,-0.22538480000000005,0.15457719999999997,0.0,false,0.98,0.03,0.81,0.24,78948.26250044207,78944.2,16.149042020403567,16.201316879518536,1,88
1787927558000,1787927400000,142.0,okxUP+pmDOWN,0.15457719999999997,-0.29607779999999995,0.15457719999999997,-0.29607779999999995,0.15457719999999997,0.0,false,0.98,0.03,0.81,0.31,78948.26250044207,78944.2,16.149042020403567,16.46732755541256,0,93
1787927558500,1787927400000,141.5,okxUP+pmDOWN,0.15457719999999997,-0.21526820000000013,0.15457719999999997,-0.21526820000000013,0.15457719999999997,0.0,false,0.98,0.03,0.81,0.23,78948.26250044207,78944.2,15.78350928089553,16.5053290805408,4,94
1787927559009,1787927400000,140.991,okxUP+pmDOWN,0.15457719999999997,-0.29607779999999995,0.15457719999999997,-0.29607779999999995,0.15457719999999997,0.0,false,0.98,0.03,0.81,0.31,78948.26250044207,78944.2,16.133399024648146,16.289987104816543,1,0
1787927559500,1787927400000,140.5,okxUP+pmDOWN,0.036530799999999974,-0.21526820000000013,0.036530799999999974,-0.21526820000000013,0.036530799999999974,0.0,false,0.98,0.03,0.93,0.23,78948.26250044207,78944.2,16.133399024648146,16.365990155071188,6,93
1787927560000,1787927400000,140.0,okxUP+pmDOWN,0.06598300000000001,-0.21526820000000013,0.06598300000000001,-0.21526820000000013,0.06598300000000001,0.0,false,0.98,0.03,0.9,0.23,78948.26250044207,78944.2,16.214717815684505,16.809341281563064,3,92
1787927560500,1787927400000,139.5,okxUP+pmDOWN,0.06598300000000001,-0.21526820000000013,0.06598300000000001,-0.21526820000000013,0.06598300000000001,0.0,false,0.98,0.03,0.9,0.23,78948.26250044207,78944.2,16.388820026055026,16.809341281563064,4,92
1787927561002,1787927400000,138.998,okxUP+pmDOWN,0.07580920000000002,-0.22538480000000005,0.07580920000000002,-0.22538480000000005,0.07580920000000002,0.0,false,0.98,0.03,0.89,0.24,78948.26250044207,78944.2,16.388820026055026,16.15064817934693,15,93
1787927561500,1787927400000,138.5,okxUP+pmDOWN,0.046343799999999935,-0.22538480000000005,0.046343799999999935,-0.22538480000000005,0.046343799999999935,0.0,false,0.98,0.03,0.92,0.24,78948.26250044207,78944.2,16.388820026055026,16.35332298002967,0,90
1787927562000,1787927400000,138.0,okxUP+pmDOWN,0.0169180000000001,-0.22538480000000005,0.0169180000000001,-0.22538480000000005,0.0169180000000001,0.0,false,0.98,0.03,0.95,0.24,78948.26250044207,78944.2,16.388820026055026,16.543330605669045,20,93
1787927562500,1787927400000,137.5,okxUP+pmDOWN,0.0169180000000001,-0.20514720000000009,0.0169180000000001,-0.20514720000000009,0.0169180000000001,0.0,false,0.98,0.03,0.95,0.22,78948.26250044207,78944.2,16.681784856244313,17.56937178412057,1,92
1787927563000,1787927400000,137.0,okxUP+pmDOWN,0.027583000000000024,-0.15364979999999995,0.027583000000000024,-0.15364979999999995,0.027583000000000024,0.0,false,0.99,0.02,0.95,0.16,78948.26250044207,78944.2,16.326236801893156,20.1281411427323,16,93
1787927563500,1787927400000,136.5,okxUP+pmDOWN,0.027583000000000024,-0.15364979999999995,0.027583000000000024,-0.15364979999999995,0.027583000000000024,0.0,false,0.99,0.02,0.95,0.16,78948.26250044207,78944.2,16.326236801893156,20.1281411427323,10,93
1787927564001,1787927400000,135.999,okxUP+pmDOWN,0.06682619999999995,-0.15364979999999995,0.06682619999999995,-0.15364979999999995,0.06682619999999995,0.0,false,0.99,0.02,0.91,0.16,78948.26250044207,78944.2,16.605949799499665,20.026803742390936,6,194
1787927564524,1787927400000,135.476,okxUP+pmDOWN,0.07664799999999994,-0.16379719999999987,0.07664799999999994,-0.16379719999999987,0.07664799999999994,0.0,false,0.99,0.02,0.9,0.17,78948.26250044207,78944.2,17.120810499629606,20.115473967688942,1,217
1787927565000,1787927400000,135.0,okxUP+pmDOWN,0.027583000000000024,-0.16379719999999987,0.027583000000000024,-0.16379719999999987,0.027583000000000024,0.0,false,0.99,0.02,0.95,0.17,78948.26250044207,78944.2,17.120810499629606,20.039470917432453,16,93
1787927565500,1787927400000,134.5,okxUP+pmDOWN,0.027583000000000024,-0.15364979999999995,0.027583000000000024,-0.15364979999999995,0.027583000000000024,0.0,false,0.99,0.02,0.95,0.16,78948.26250044207,78944.2,17.120810499629606,20.052138092475815,8,93
1787927566000,1787927400000,134.0,okxUP+pmDOWN,0.027583000000000024,-0.15364979999999995,0.027583000000000024,-0.15364979999999995,0.027583000000000024,0.0,false,0.99,0.02,0.95,0.16,78948.26250044207,78944.2,19.998583268246723,20.736165544776828,30,89
1787927566501,1787927400000,133.499,okxUP+pmDOWN,0.027583000000000024,-0.1840788,0.027583000000000024,-0.1840788,0.027583000000000024,0.0,false,0.99,0.02,0.95,0.19,78948.26250044207,78944.2,19.998583268246723,20.736165544776828,0,93
1787927567000,1787927400000,133.0,okxUP+pmDOWN,0.07664799999999994,-0.1840788,0.07664799999999994,-0.1840788,0.07664799999999994,0.0,false,0.99,0.02,0.9,0.19,78948.26250044207,78944.2,19.983097396785958,20.8375029451182,20,93
1787927567500,1787927400000,132.5,okxUP+pmDOWN,0.027583000000000024,-0.1840788,0.027583000000000024,-0.1840788,0.027583000000000024,0.0,false,0.99,0.02,0.95,0.19,78948.26250044207,78944.2,19.983097396785958,20.888171645289805,3,93
1787927568000,1787927400000,132.0,okxUP+pmDOWN,0.027583000000000024,-0.1840788,0.027583000000000024,-0.1840788,0.027583000000000024,0.0,false,0.99,0.02,0.95,0.19,78948.26250044207,78944.2,20.102130579946927,19.938133517092925,10,92
1787927568500,1787927400000,131.5,okxUP+pmDOWN,0.0471957999999999,-0.1840788,0.0471957999999999,-0.1840788,0.0471957999999999,0.0,false,0.99,0.02,0.93,0.19,78948.26250044207,78944.2,20.102130579946927,20.026803742390936,0,93
1787927569000,1787927400000,131.0,okxUP+pmDOWN,0.0471957999999999,-0.2144682,0.0471957999999999,-0.2144682,0.0471957999999999,0.0,false,0.99,0.02,0.93,0.22,78948.26250044207,78944.2,20.615891909536547,18.78542058821331,16,92
1787927569500,1787927400000,130.5,okxUP+pmDOWN,0.0471957999999999,-0.2144682,0.0471957999999999,-0.2144682,0.0471957999999999,0.0,false,0.99,0.02,0.93,0.22,78948.26250044207,78944.2,20.615891909536547,18.78542058821331,0,92
1787927570000,1787927400000,130.0,okxUP+pmDOWN,0.0471957999999999,-0.22458920000000004,0.0471957999999999,-0.22458920000000004,0.0471957999999999,0.0,false,0.99,0.02,0.93,0.23,78948.26250044207,78944.2,20.182551108289694,17.6833763595053,2,93
1787927570500,1787927400000,129.5,okxUP+pmDOWN,0.05700879999999986,-0.23470579999999996,0.05700879999999986,-0.23470579999999996,0.05700879999999986,0.0,false,0.99,0.02,0.92,0.24,78948.26250044207,78944.2,19.820655747265242,17.34136263335479,1,91
1787927571000,1787927400000,129.0,okxUP+pmDOWN,0.05700879999999986,-0.23470579999999996,0.05700879999999986,-0.23470579999999996,0.05700879999999986,0.0,false,0.99,0.02,0.92,0.24,78948.26250044207,78944.2,19.820655747265242,17.316028283268068,5,193
1787927571500,1787927400000,128.5,okxUP+pmDOWN,0.14552379999999998,-0.24481799999999998,0.14552379999999998,-0.24481799999999998,0.14552379999999998,0.0,false,0.99,0.02,0.83,0.25,78948.26250044207,78944.2,19.820655747265242,17.075351957458928,1,93
1787927572000,1787927400000,128.0,okxUP+pmDOWN,0.08647419999999995,-0.2549258000000001,0.08647419999999995,-0.2549258000000001,0.08647419999999995,0.0,false,0.99,0.02,0.89,0.26,78948.26250044207,78944.2,19.820655747265242,16.049310779005562,9,92
1787927572500,1787927400000,127.5,okxUP+pmDOWN,0.07580920000000002,-0.24560480000000018,0.07580920000000002,-0.24560480000000018,0.07580920000000002,0.0,false,0.98,0.03,0.89,0.26,78948.26250044207,78944.2,17.82906199778718,16.049310779005562,1,92
1787927573001,1787927400000,126.99900000000001,okxUP+pmDOWN,0.07580920000000002,-0.25570819999999994,0.07580920000000002,-0.25570819999999994,0.07580920000000002,0.0,false,0.98,0.03,0.89,0.27,78948.26250044207,78944.2,17.383677384949593,15.846635978324667,0,95
1787927573500,1787927400000,126.5,okxUP+pmDOWN,0.07580920000000002,-0.25570819999999994,0.07580920000000002,-0.25570819999999994,0.07580920000000002,0.0,false,0.98,0.03,0.89,0.27,78948.26250044207,78944.2,17.383677384949593,15.846635978324667,9,95
1787927584500,1787927400000,115.5,okxUP+pmDOWN,0.0471957999999999,-0.1840788,0.0471957999999999,-0.1840788,0.0471957999999999,0.0,false,0.99,0.02,0.93,0.19,78948.26250044207,78944.2,17.051050296106244,18.139394661038697,3,92
1787927585000,1787927400000,115.0,okxUP+pmDOWN,0.0471957999999999,-0.1840788,0.0471957999999999,-0.1840788,0.0471957999999999,0.0,false,0.99,0.02,0.93,0.19,78948.26250044207,78944.2,17.051050296106244,18.139394661038697,0,92
1787927585500,1787927400000,114.5,okxUP+pmDOWN,0.0471957999999999,-0.1840788,0.0471957999999999,-0.1840788,0.0471957999999999,0.0,false,0.99,0.02,0.93,0.19,78948.26250044207,78944.2,17.051050296106244,19.228771714705186,0,93
1787927586000,1787927400000,114.0,okxUP+pmDOWN,0.0471957999999999,-0.1840788,0.0471957999999999,-0.1840788,0.0471957999999999,0.0,false,0.99,0.02,0.93,0.19,78948.26250044207,78944.2,17.051050296106244,19.228771714705186,18,93
1787927587000,1787927400000,113.0,okxUP+pmDOWN,0.0471957999999999,-0.1840788,0.0471957999999999,-0.1840788,0.0471957999999999,0.0,false,0.99,0.02,0.93,0.19,78948.26250044207,78944.2,17.192748355419646,19.203437364620303,9,93
1787927587500,1787927400000,112.5,okxUP+pmDOWN,0.0471957999999999,-0.1840788,0.0471957999999999,-0.1840788,0.0471957999999999,0.0,false,0.99,0.02,0.93,0.19,78948.26250044207,78944.2,17.192748355419646,19.203437364620303,24,93
1787927588001,1787927400000,111.99900000000001,okxUP+pmDOWN,0.0471957999999999,-0.1840788,0.0471957999999999,-0.1840788,0.0471957999999999,0.0,false,0.99,0.02,0.93,0.19,78948.26250044207,78944.2,18.68709644552647,19.203437364620303,2,93
1787927598502,1787927400000,101.498,okxUP+pmDOWN,0.0471957999999999,-0.15364979999999995,0.0471957999999999,-0.15364979999999995,0.0471957999999999,0.0,false,0.99,0.02,0.93,0.16,78948.26250044207,78944.2,16.517514800402125,16.188649704475175,9,91
1787927599000,1787927400000,101.0,okxUP+pmDOWN,0.0471957999999999,-0.15364979999999995,0.0471957999999999,-0.15364979999999995,0.0471957999999999,0.0,false,0.99,0.02,0.93,0.16,78948.26250044207,78944.2,16.44307805546479,16.188649704475175,4,91
1787927599500,1787927400000,100.5,okxUP+pmDOWN,0.0471957999999999,-0.1231812000000001,0.0471957999999999,-0.1231812000000001,0.0471957999999999,0.0,false,0.99,0.02,0.93,0.13,78948.26250044207,78944.2,16.44307805546479,17.34136263335479,3,191
1787927600000,1787927400000,100.0,okxUP+pmDOWN,0.0471957999999999,-0.1231812000000001,0.0471957999999999,-0.1231812000000001,0.0471957999999999,0.0,false,0.99,0.02,0.93,0.13,78948.26250044207,78944.2,15.520669030936745,17.34136263335479,5,191
1787927600500,1787927400000,99.5,okxUP+pmDOWN,0.0471957999999999,-0.1840788,0.0471957999999999,-0.1840788,0.0471957999999999,0.0,false,0.99,0.02,0.93,0.19,78948.26250044207,78944.2,15.520669030936745,18.20273053625182,3,192
1787927601001,1787927400000,98.999,okxUP+pmDOWN,0.0471957999999999,-0.1840788,0.0471957999999999,-0.1840788,0.0471957999999999,0.0,false,0.99,0.02,0.93,0.19,78948.26250044207,78944.2,15.592240012817303,18.468741212147684,4,194
1787927601500,1787927400000,98.5,okxUP+pmDOWN,0.0471957999999999,-0.1840788,0.0471957999999999,-0.1840788,0.0471957999999999,0.0,false,0.99,0.02,0.93,0.19,78948.26250044207,78944.2,15.592240012817303,18.582745787530573,0,91
1787927602000,1787927400000,98.0,okxUP+pmDOWN,0.0471957999999999,-0.1840788,0.0471957999999999,-0.1840788,0.0471957999999999,0.0,false,0.99,0.02,0.93,0.19,78948.26250044207,78944.2,17.425543690976795,18.582745787530573,1,91
1787927605502,1787927400000,94.498,okxUP+pmDOWN,0.0471957999999999,-0.1840788,0.0471957999999999,-0.1840788,0.0471957999999999,0.0,false,0.99,0.02,0.93,0.19,78948.26250044207,78944.2,18.46814373358728,18.215397711295182,22,93
1787927606000,1787927400000,94.0,okxUP+pmDOWN,0.0471957999999999,-0.1840788,0.0471957999999999,-0.1840788,0.0471957999999999,0.0,false,0.99,0.02,0.93,0.19,78948.26250044207,78944.2,17.882649449730902,18.215397711295182,3,93
1787927606500,1787927400000,93.5,okxUP+pmDOWN,0.0471957999999999,-0.1840788,0.0471957999999999,-0.1840788,0.0471957999999999,0.0,false,0.99,0.02,0.93,0.19,78948.26250044207,78944.2,17.882649449730902,18.215397711295182,2,93
1787927607001,1787927400000,92.999,okxUP+pmDOWN,0.0471957999999999,-0.16379719999999987,0.0471957999999999,-0.16379719999999987,0.0471957999999999,0.0,false,0.99,0.02,0.93,0.17,78948.26250044207,78944.2,17.882649449730902,17.79738093488819,10,92
1787927607500,1787927400000,92.5,okxUP+pmDOWN,0.0471957999999999,-0.16379719999999987,0.0471957999999999,-0.16379719999999987,0.0471957999999999,0.0,false,0.99,0.02,0.93,0.17,78948.26250044207,78944.2,18.137320852896742,17.79738093488819,16,92
1787927608000,1787927400000,92.0,okxUP+pmDOWN,0.0471957999999999,-0.13334179999999995,0.0471957999999999,-0.13334179999999995,0.0471957999999999,0.0,false,0.99,0.02,0.93,0.14,78948.26250044207,78944.2,18.158412579431634,18.08872596086893,16,192
1787927608500,1787927400000,91.5,okxUP+pmDOWN,0.0471957999999999,-0.13334179999999995,0.0471957999999999,-0.13334179999999995,0.0471957999999999,0.0,false,0.99,0.02,0.93,0.14,78948.26250044207,78944.2,18.158412579431634,18.08872596086893,3,192
1787927609000,1787927400000,91.0,okxUP+pmDOWN,0.0471957999999999,-0.13334179999999995,0.0471957999999999,-0.13334179999999995,0.0471957999999999,0.0,false,0.99,0.02,0.93,0.14,78948.26250044207,78944.2,17.77965057935291,18.08872596086893,19,192
1787927609502,1787927400000,90.498,okxUP+pmDOWN,0.0471957999999999,-0.10284680000000024,0.0471957999999999,-0.10284680000000024,0.0471957999999999,0.0,false,0.99,0.02,0.93,0.11,78948.26250044207,78944.2,17.94327554702476,17.94938703539932,14,94
1787927610000,1787927400000,90.0,okxUP+pmDOWN,0.0471957999999999,-0.10284680000000024,0.0471957999999999,-0.10284680000000024,0.0471957999999999,0.0,false,0.99,0.02,0.93,0.11,78948.26250044207,78944.2,17.94327554702476,17.886051160186195,0,91
1787927731503,1787927700000,268.497,okxUP+pmDOWN,0.11210379999999998,-0.30788820000000006,0.11210379999999998,-0.30788820000000006,0.11210379999999998,0.0,false,0.77,0.24,0.63,0.52,79283.34957694201,79280.3,4.642768883757314,4.7552796848645995,1,88
1787927732000,1787927700000,268.0,okxUP+pmDOWN,0.0398987999999999,-0.24019120000000016,0.0398987999999999,-0.24019120000000016,0.0398987999999999,0.0,false,0.7,0.31,0.63,0.52,79283.34957694201,79280.3,4.699076580321496,4.7552796848645995,7,88
1787927732500,1787927700000,267.5,okxUP+pmDOWN,0.05017179999999988,-0.24990420000000002,0.05017179999999988,-0.24990420000000002,0.05017179999999988,0.0,false,0.71,0.3,0.63,0.52,79283.34957694201,79280.3,4.699076580321496,4.7552796848645995,0,88
1787927733500,1787927700000,266.5,okxUP+pmDOWN,0.06011679999999997,-0.25989320000000005,0.06011679999999997,-0.25989320000000005,0.06011679999999997,0.0,false,0.71,0.3,0.62,0.53,79283.34957694201,79280.3,6.316167071211285,4.427329361769729,11,185
1787927734000,1787927700000,266.0,okxUP+pmDOWN,0.06011679999999997,-0.25989320000000005,0.06011679999999997,-0.25989320000000005,0.06011679999999997,0.0,false,0.71,0.3,0.62,0.53,79283.34957694201,79280.3,6.316167071211285,4.427329361769729,3,185
1787927734500,1787927700000,265.5,okxUP+pmDOWN,0.07040380000000002,-0.26959219999999995,0.07040380000000002,-0.26959219999999995,0.07040380000000002,0.0,false,0.72,0.29,0.62,0.53,79283.34957694201,79280.3,5.257367884644571,4.427329361769729,14,185
1787927736001,1787927700000,263.999,okxUP+pmDOWN,0.05126620000000004,-0.24896580000000013,0.05126620000000004,-0.24896580000000013,0.05126620000000004,0.0,false,0.74,0.27,0.66,0.49,79283.34957694201,79280.3,4.80013428873669,4.767893158830493,0,83
1787927736500,1787927700000,263.5,okxUP+pmDOWN,0.03065019999999996,-0.22960979999999998,0.03065019999999996,-0.22960979999999998,0.03065019999999996,0.0,false,0.72,0.29,0.66,0.49,79283.34957694201,79280.3,4.80013428873669,4.767893158830493,3,83
1787927737000,1787927700000,263.0,okxUP+pmDOWN,0.05051819999999996,-0.22960979999999998,0.05051819999999996,-0.22960979999999998,0.05051819999999996,0.0,false,0.72,0.29,0.64,0.49,79283.34957694201,79280.3,5.7266717400618194,4.65437189314296,11,85
1787927737500,1787927700000,262.5,okxUP+pmDOWN,0.04023119999999991,-0.22991300000000003,0.04023119999999991,-0.22991300000000003,0.04023119999999991,0.0,false,0.71,0.3,0.64,0.5,79283.34957694201,79280.3,6.6653292141302805,4.616531471247115,0,82
1787927738000,1787927700000,262.0,okxUP+pmDOWN,0.04023119999999991,-0.22991300000000003,0.04023119999999991,-0.22991300000000003,0.04023119999999991,0.0,false,0.71,0.3,0.64,0.5,79283.34957694201,79280.3,6.6653292141302805,4.616531471247115,0,82
1787927739000,1787927700000,261.0,okxUP+pmDOWN,0.06011679999999997,-0.25989320000000005,0.06011679999999997,-0.25989320000000005,0.06011679999999997,0.0,false,0.71,0.3,0.62,0.53,79283.34957694201,79280.3,5.162202411944884,3.8597230333375716,8,83
1787927739500,1787927700000,260.5,okxUP+pmDOWN,0.06011679999999997,-0.25989320000000005,0.06011679999999997,-0.25989320000000005,0.06011679999999997,0.0,false,0.71,0.3,0.62,0.53,79283.34957694201,79280.3,5.162202411944884,3.8597230333375716,1,83
1787927740000,1787927700000,260.0,okxUP+pmDOWN,0.008891800000000005,-0.21118820000000005,0.008891800000000005,-0.21118820000000005,0.008891800000000005,0.0,false,0.66,0.35,0.62,0.53,79283.34957694201,79280.3,4.7513656090974585,3.8597230333375716,1,83
1787927750000,1787927700000,250.0,okxUP+pmDOWN,0.027754999999999863,-0.19207380000000018,0.027754999999999863,-0.19207380000000018,0.027754999999999863,0.0,false,0.61,0.4,0.55,0.56,79283.34957694201,79280.3,-1.137166215342663,-2.5857621628576077,0,85
1787927750500,1787927700000,249.5,okxUP+pmDOWN,0.03829080000000007,-0.2414871999999999,0.03829080000000007,-0.2414871999999999,0.03829080000000007,0.0,false,0.64,0.37,0.57,0.58,79283.34957694201,79280.3,-1.137166215342663,-1.0721452870385202,1,86
1787927752001,1787927700000,247.999,okxUP+pmDOWN,0.029339800000000027,-0.2107298000000002,0.029339800000000027,-0.2107298000000002,0.029339800000000027,0.0,false,0.68,0.33,0.62,0.51,79283.34957694201,79280.3,-1.608508584861525,-0.2522694793031813,2,82
1787927753500,1787927700000,246.5,okxUP+pmDOWN,0.059488000000000096,-0.26041800000000004,0.059488000000000096,-0.26041800000000004,0.059488000000000096,0.0,false,0.69,0.32,0.6,0.55,79283.34957694201,79280.3,0.39961184125229265,0.0,2,89
1787927754000,1787927700000,246.0,okxUP+pmDOWN,0.028795000000000126,-0.23115299999999994,0.028795000000000126,-0.23115299999999994,0.028795000000000126,0.0,false,0.66,0.35,0.6,0.55,79283.34957694201,79280.3,0.39961184125229265,0.0,1,89
1787927754500,1787927700000,245.5,okxUP+pmDOWN,0.03901200000000005,-0.24092199999999986,0.03901200000000005,-0.24092199999999986,0.03901200000000005,0.0,false,0.67,0.34,0.6,0.55,79283.34957694201,79280.3,0.39961184125229265,0.0,1,89
1787927757005,1787927700000,242.995,okxUP+pmDOWN,0.009163799999999833,-0.21096820000000016,0.009163799999999833,-0.21096820000000016,0.009163799999999833,0.0,false,0.67,0.34,0.63,0.52,79283.34957694201,79280.3,2.1839078284230573,2.0433827823554007,0,94
1787927757501,1787927700000,242.499,okxUP+pmDOWN,0.05017179999999988,-0.24990420000000002,0.05017179999999988,-0.24990420000000002,0.05017179999999988,0.0,false,0.71,0.3,0.63,0.52,79283.34957694201,79280.3,3.7704676439073808,2.0433827823554007,0,94
1787927758001,1787927700000,241.999,okxUP+pmDOWN,0.02072279999999993,-0.2196032000000001,0.02072279999999993,-0.2196032000000001,0.02072279999999993,0.0,false,0.72,0.29,0.67,0.48,79283.34957694201,79280.3,3.7704676439073808,3.9606308250592113,1,88
1787927758500,1787927700000,241.5,okxUP+pmDOWN,0.02072279999999993,-0.1695042,0.02072279999999993,-0.1695042,0.02072279999999993,0.0,false,0.72,0.29,0.67,0.43,79283.34957694201,79280.3,3.7704676439073808,4.048925142814958,0,187
1787927759000,1787927700000,241.0,okxUP+pmDOWN,0.03065019999999996,-0.22960979999999998,0.03065019999999996,-0.22960979999999998,0.03065019999999996,0.0,false,0.72,0.29,0.66,0.49,79283.34957694201,79280.3,3.0464454240526524,4.011084720920949,0,85
1787927759501,1787927700000,240.499,okxUP+pmDOWN,0.010435799999999884,-0.16983379999999992,0.010435799999999884,-0.16983379999999992,0.010435799999999884,0.0,false,0.71,0.3,0.67,0.44,79283.34957694201,79280.3,3.0464454240526524,3.771428715581825,0,85
1787927760027,1787927700000,239.973,okxUP+pmDOWN,0.010799800000000026,-0.2095921999999999,0.010799800000000026,-0.2095921999999999,0.010799800000000026,0.0,false,0.72,0.29,0.68,0.47,79283.34957694201,79280.3,4.4236512217823485,4.477783257631467,28,84
1787927760500,1787927700000,239.5,okxUP+pmDOWN,0.02110079999999992,-0.21927720000000006,0.02110079999999992,-0.21927720000000006,0.02110079999999992,0.0,false,0.73,0.28,0.68,0.47,79283.34957694201,79280.3,4.422381259848635,4.477783257631467,0,84
1787927761021,1787927700000,238.979,okxUP+pmDOWN,0.04023119999999991,-0.2399108000000001,0.04023119999999991,-0.2399108000000001,0.04023119999999991,0.0,false,0.71,0.3,0.64,0.51,79283.34957694201,79280.3,4.422381259848635,4.376875465909827,0,0
1787927762418,1787927700000,237.582,okxUP+pmDOWN,0.0012680000000000469,-0.1591187999999999,0.0012680000000000469,-0.1591187999999999,0.0012680000000000469,0.0,false,0.73,0.28,0.7,0.41,79283.34957694201,79280.3,4.422381259848635,5.247205169505068,78,60
1787927762977,1787927700000,237.023,okxUP+pmDOWN,0.021912000000000043,-0.1784467999999999,0.021912000000000043,-0.1784467999999999,0.021912000000000043,0.0,false,0.75,0.26,0.7,0.41,79283.34957694201,79280.3,4.446232349208617,5.247205169505068,3,60
1787927763000,1787927700000,237.0,okxUP+pmDOWN,0.021912000000000043,-0.1784467999999999,0.021912000000000043,-0.1784467999999999,0.021912000000000043,0.0,false,0.75,0.26,0.7,0.41,79283.34957694201,79280.3,4.446232349208617,5.221978221575117,20,22
1787927763501,1787927700000,236.499,okxUP+pmDOWN,0.011583000000000121,-0.2089129999999999,0.011583000000000121,-0.2089129999999999,0.011583000000000121,0.0,false,0.74,0.27,0.7,0.45,79283.34957694201,79280.3,4.320564767345386,5.297659065366806,7,89
1787927764000,1787927700000,236.0,okxUP+pmDOWN,0.011583000000000121,-0.2089129999999999,0.011583000000000121,-0.2089129999999999,0.011583000000000121,0.0,false,0.74,0.27,0.7,0.45,79283.34957694201,79280.3,4.320564767345386,5.2850455914009125,2,88
1787927765000,1787927700000,235.0,okxUP+pmDOWN,0.0029991999999999797,-0.19771879999999986,0.0029991999999999797,-0.19771879999999986,0.0029991999999999797,0.0,false,0.77,0.24,0.74,0.41,79283.34957694201,79280.3,5.37209020650949,6.546392987916819,16,85
1787927766000,1787927700000,234.0,okxUP+pmDOWN,0.03577180000000002,-0.22506019999999993,0.03577180000000002,-0.22506019999999993,0.03577180000000002,0.0,false,0.83,0.18,0.77,0.38,79283.34957694201,79280.3,5.455456482359523,8.0726233377018,4,73
1787927769501,1787927700000,230.499,okxUP+pmDOWN,0.06599799999999989,-0.2647297999999998,0.06599799999999989,-0.2647297999999998,0.06599799999999989,0.0,false,0.84,0.17,0.75,0.41,79283.34957694201,79280.3,11.694020882548573,9.952030958509765,0,89
1787927770007,1787927700000,229.993,okxUP+pmDOWN,0.0346749999999999,-0.23609480000000005,0.0346749999999999,-0.23609480000000005,0.0346749999999999,0.0,false,0.81,0.2,0.75,0.41,79283.34957694201,79280.3,11.694020882548573,9.952030958509765,0,89
1787927770500,1787927700000,229.5,okxUP+pmDOWN,0.03577180000000002,-0.23511080000000018,0.03577180000000002,-0.23511080000000018,0.03577180000000002,0.0,false,0.83,0.18,0.77,0.39,79283.34957694201,79280.3,11.694020882548573,10.935881927792538,1,83
1787927771000,1787927700000,229.0,okxUP+pmDOWN,0.045101999999999864,-0.24565379999999992,0.045101999999999864,-0.24565379999999992,0.045101999999999864,0.0,false,0.82,0.19,0.75,0.41,79283.34957694201,79280.3,12.048115021256383,9.018633885088729,3,81
1787927771500,1787927700000,228.5,okxUP+pmDOWN,0.024262000000000006,-0.2265218,0.024262000000000006,-0.2265218,0.024262000000000006,0.0,false,0.8,0.21,0.75,0.41,79283.34957694201,79280.3,11.872077862592262,9.018633885088729,2,81
1787927772000,1787927700000,228.0,okxUP+pmDOWN,0.024262000000000006,-0.2265218,0.024262000000000006,-0.2265218,0.024262000000000006,0.0,false,0.8,0.21,0.75,0.41,79283.34957694201,79280.3,11.872077862592262,9.018633885088729,8,81
1787927773500,1787927700000,226.5,okxUP+pmDOWN,0.006148000000000042,-0.17474120000000015,0.006148000000000042,-0.17474120000000015,0.006148000000000042,0.0,false,0.83,0.18,0.8,0.33,79283.34957694201,79280.3,11.19144182151091,11.402580464503057,0,86
1787927774000,1787927700000,226.0,okxUP+pmDOWN,0.016018199999999982,-0.18481380000000014,0.016018199999999982,-0.18481380000000014,0.016018199999999982,0.0,false,0.83,0.18,0.79,0.34,79283.34957694201,79280.3,9.760259734308042,11.516101730190591,14,84
1787927774500,1787927700000,225.5,okxUP+pmDOWN,0.026473199999999864,-0.1943448000000001,0.026473199999999864,-0.1943448000000001,0.026473199999999864,0.0,false,0.84,0.17,0.79,0.34,79283.34957694201,79280.3,11.060085862317523,11.516101730190591,0,84
1787927775000,1787927700000,225.0,okxUP+pmDOWN,0.026473199999999864,-0.16411379999999998,0.026473199999999864,-0.16411379999999998,0.026473199999999864,0.0,false,0.84,0.17,0.79,0.31,79283.34957694201,79280.3,11.060085862317523,11.591782573980444,0,89
1787927775500,1787927700000,224.5,okxUP+pmDOWN,0.026473199999999864,-0.22453619999999996,0.026473199999999864,-0.22453619999999996,0.026473199999999864,0.0,false,0.84,0.17,0.79,0.37,79283.34957694201,79280.3,11.060085862317523,11.516101730190591,3,87
1787927776000,1787927700000,224.0,okxUP+pmDOWN,0.0555429999999999,-0.25519879999999984,0.0555429999999999,-0.25519879999999984,0.0555429999999999,0.0,false,0.83,0.18,0.75,0.41,79283.34957694201,79280.3,11.82990844329822,10.128619594023094,0,84
1787927776500,1787927700000,223.5,okxUP+pmDOWN,0.0555429999999999,-0.25519879999999984,0.0555429999999999,-0.25519879999999984,0.0555429999999999,0.0,false,0.83,0.18,0.75,0.41,79283.34957694201,79280.3,11.82990844329822,10.128619594023094,1,84
1787927777000,1787927700000,223.0,okxUP+pmDOWN,0.07533180000000006,-0.2652361999999999,0.07533180000000006,-0.2652361999999999,0.07533180000000006,0.0,false,0.83,0.18,0.73,0.42,79283.34957694201,79280.3,11.962666347605579,9.876350114719912,0,87
1787927777500,1787927700000,222.5,okxUP+pmDOWN,0.06543520000000003,-0.23511080000000018,0.06543520000000003,-0.23511080000000018,0.06543520000000003,0.0,false,0.83,0.18,0.74,0.39,79283.34957694201,79280.3,11.962666347605579,10.317821703500481,2,86
1787927778000,1787927700000,222.0,okxUP+pmDOWN,0.06543520000000003,-0.25519879999999984,0.06543520000000003,-0.25519879999999984,0.06543520000000003,0.0,false,0.83,0.18,0.74,0.41,79283.34957694201,79280.3,11.557995765966167,10.456569917116129,3,186
1787927778500,1787927700000,221.5,okxUP+pmDOWN,0.06543520000000003,-0.25519879999999984,0.06543520000000003,-0.25519879999999984,0.06543520000000003,0.0,false,0.83,0.18,0.74,0.41,79283.34957694201,79280.3,10.631107805605028,10.456569917116129,6,186
1787927780001,1787927700000,219.999,okxUP+pmDOWN,0.045655199999999896,-0.16466420000000004,0.045655199999999896,-0.16466420000000004,0.045655199999999896,0.0,false,0.83,0.18,0.76,0.32,79283.34957694201,79280.3,10.752320577529437,10.292594755568693,1,88
1787927780500,1787927700000,219.5,okxUP+pmDOWN,0.045655199999999896,-0.16466420000000004,0.045655199999999896,-0.16466420000000004,0.045655199999999896,0.0,false,0.83,0.18,0.76,0.32,79283.34957694201,79280.3,10.752320577529437,10.292594755568693,0,88
1787927781000,1787927700000,219.0,okxUP+pmDOWN,0.06543520000000003,-0.25519879999999984,0.06543520000000003,-0.25519879999999984,0.06543520000000003,0.0,false,0.83,0.18,0.74,0.41,79283.34957694201,79280.3,10.850526261655721,10.355662125394488,10,84
1787927781509,1787927700000,218.491,okxUP+pmDOWN,0.0555429999999999,-0.24515699999999985,0.0555429999999999,-0.24515699999999985,0.0555429999999999,0.0,false,0.83,0.18,0.75,0.4,79283.34957694201,79280.3,10.850526261655721,10.179073489882995,1,98
1787927782001,1787927700000,217.999,okxUP+pmDOWN,0.0555429999999999,-0.24515699999999985,0.0555429999999999,-0.24515699999999985,0.0555429999999999,0.0,false,0.83,0.18,0.75,0.4,79283.34957694201,79280.3,10.850526261655721,10.179073489882995,63,98
1787927782501,1787927700000,217.499,okxUP+pmDOWN,0.05499419999999999,-0.2556912,0.05499419999999999,-0.2556912,0.05499419999999999,0.0,false,0.82,0.19,0.74,0.42,79283.34957694201,79280.3,10.651916935901168,9.434878525939345,3,89
1787927783000,1787927700000,217.0,okxUP+pmDOWN,0.11393580000000003,-0.26619380000000015,0.11393580000000003,-0.26619380000000015,0.11393580000000003,0.0,false,0.81,0.2,0.67,0.44,79283.34957694201,79280.3,10.651916935901168,9.16999557267027,7,280
1787927783500,1787927700000,216.5,okxUP+pmDOWN,0.11393580000000003,-0.3062642,0.11393580000000003,-0.3062642,0.11393580000000003,0.0,false,0.81,0.2,0.67,0.48,79283.34957694201,79280.3,10.944768756524475,7.492403535303748,2,86
1787927784000,1787927700000,216.0,okxUP+pmDOWN,0.10352280000000003,-0.29669119999999993,0.10352280000000003,-0.29669119999999993,0.10352280000000003,0.0,false,0.8,0.21,0.67,0.48,79283.34957694201,79280.3,10.944768756524475,7.492403535303748,0,86
1787927784500,1787927700000,215.5,okxUP+pmDOWN,0.09312379999999998,-0.28710420000000014,0.09312379999999998,-0.28710420000000014,0.09312379999999998,0.0,false,0.79,0.22,0.67,0.48,79283.34957694201,79280.3,10.23684288212412,7.492403535303748,0,86
1787927785001,1787927700000,214.999,okxUP+pmDOWN,0.09312379999999998,-0.28710420000000014,0.09312379999999998,-0.28710420000000014,0.09312379999999998,0.0,false,0.79,0.22,0.67,0.48,79283.34957694201,79280.3,10.23684288212412,7.492403535303748,3,84
1787927785501,1787927700000,214.499,okxUP+pmDOWN,0.07328220000000008,-0.23700520000000003,0.07328220000000008,-0.23700520000000003,0.07328220000000008,0.0,false,0.79,0.22,0.69,0.43,79283.34957694201,79280.3,10.23684288212412,7.441949639443846,7,84
1787927786000,1787927700000,214.0,okxUP+pmDOWN,0.07427020000000006,-0.26619380000000015,0.07427020000000006,-0.26619380000000015,0.07427020000000006,0.0,false,0.81,0.2,0.71,0.44,79283.34957694201,79280.3,9.33304427455256,8.526708400446426,1,84
1787927786500,1787927700000,213.5,okxUP+pmDOWN,0.09409420000000013,-0.26619380000000015,0.09409420000000013,-0.26619380000000015,0.09409420000000013,0.0,false,0.81,0.2,0.69,0.44,79283.34957694201,79280.3,9.33304427455256,8.56454882234227,7,186
1787927787000,1787927700000,213.0,okxUP+pmDOWN,0.05446380000000006,-0.2561652000000001,0.05446380000000006,-0.2561652000000001,0.05446380000000006,0.0,false,0.81,0.2,0.73,0.43,79283.34957694201,79280.3,8.445431778600176,8.577162296308162,1,84
1787927787500,1787927700000,212.5,okxUP+pmDOWN,0.05446380000000006,-0.2561652000000001,0.05446380000000006,-0.2561652000000001,0.05446380000000006,0.0,false,0.81,0.2,0.73,0.43,79283.34957694201,79280.3,8.445431778600176,8.577162296308162,1,84
1787927788000,1787927700000,212.0,okxUP+pmDOWN,0.04405080000000006,-0.23655920000000008,0.04405080000000006,-0.23655920000000008,0.04405080000000006,0.0,false,0.8,0.21,0.73,0.42,79283.34957694201,79280.3,8.213166536928437,7.858194280294463,3,81
1787927788500,1787927700000,211.5,okxUP+pmDOWN,0.04405080000000006,-0.23655920000000008,0.04405080000000006,-0.23655920000000008,0.04405080000000006,0.0,false,0.8,0.21,0.73,0.42,79283.34957694201,79280.3,8.213166536928437,7.858194280294463,1,81
1787927789000,1787927700000,211.0,okxUP+pmDOWN,0.05446380000000006,-0.24613220000000013,0.05446380000000006,-0.24613220000000013,0.05446380000000006,0.0,false,0.81,0.2,0.73,0.42,79283.34957694201,79280.3,8.961132058139642,8.047396389771848,4,88
1787927789501,1787927700000,210.499,okxUP+pmDOWN,0.0643648,-0.2561652000000001,0.0643648,-0.2561652000000001,0.0643648,0.0,false,0.81,0.2,0.72,0.43,79283.34957694201,79280.3,8.961132058139642,8.362733238900825,5,89
1787927790000,1787927700000,210.0,okxUP+pmDOWN,0.0643648,-0.26619380000000015,0.0643648,-0.26619380000000015,0.0643648,0.0,false,0.81,0.2,0.72,0.44,79283.34957694201,79280.3,8.95387462529607,8.375346712864884,12,89
1787927790500,1787927700000,209.5,okxUP+pmDOWN,0.06489080000000003,-0.2556912,0.06489080000000003,-0.2556912,0.06489080000000003,0.0,false,0.82,0.19,0.73,0.42,79283.34957694201,79280.3,8.95387462529607,8.375346712864884,1,88
1787927791000,1787927700000,209.0,okxUP+pmDOWN,0.06489080000000003,-0.2556912,0.06489080000000003,-0.2556912,0.06489080000000003,0.0,false,0.82,0.19,0.73,0.42,79283.34957694201,79280.3,8.603736369228175,8.375346712864884,0,88
1787927796000,1787927700000,204.0,okxUP+pmDOWN,0.048697199999999996,-0.19201200000000007,0.048697199999999996,-0.19201200000000007,0.048697199999999996,0.0,false,0.88,0.13,0.81,0.3,79283.34957694201,79280.3,12.145024444247515,13.773913569953327,0,88
1787927797001,1787927700000,202.999,okxUP+pmDOWN,0.08818680000000001,-0.24239699999999975,0.08818680000000001,-0.24239699999999975,0.08818680000000001,0.0,false,0.88,0.13,0.77,0.35,79283.34957694201,79280.3,12.453123113118197,12.499952699471528,32,178
1787927797500,1787927700000,202.5,okxUP+pmDOWN,0.07767579999999996,-0.23292199999999985,0.07767579999999996,-0.23292199999999985,0.07767579999999996,0.0,false,0.87,0.14,0.77,0.35,79283.34957694201,79280.3,12.453123113118197,12.499952699471528,9,178
1787927798000,1787927700000,202.0,okxUP+pmDOWN,0.0962558,-0.264205,0.0962558,-0.264205,0.0962558,0.0,false,0.85,0.16,0.73,0.4,79283.34957694201,79280.3,13.18561308344908,10.998949297618335,3,83
1787927798500,1787927700000,201.5,okxUP+pmDOWN,0.07533180000000006,-0.24515699999999985,0.07533180000000006,-0.24515699999999985,0.07533180000000006,0.0,false,0.83,0.18,0.73,0.4,79283.34957694201,79280.3,13.18561308344908,10.998949297618335,0,83
1787927799003,1787927700000,200.997,okxUP+pmDOWN,0.10504800000000003,-0.3053417999999999,0.10504800000000003,-0.3053417999999999,0.10504800000000003,0.0,false,0.83,0.18,0.7,0.46,79283.34957694201,79280.3,13.906532298669525,9.800669270928223,1,180
1787927799501,1787927700000,200.499,okxUP+pmDOWN,0.11550300000000002,-0.31487279999999984,0.11550300000000002,-0.31487279999999984,0.11550300000000002,0.0,false,0.84,0.17,0.7,0.46,79283.34957694201,79280.3,13.906532298669525,9.800669270928223,8,180
1787927800000,1787927700000,200.0,okxUP+pmDOWN,0.11550300000000002,-0.31487279999999984,0.11550300000000002,-0.31487279999999984,0.11550300000000002,0.0,false,0.84,0.17,0.7,0.46,79283.34957694201,79280.3,12.883344882598662,9.800669270928223,0,180
1787927800500,1787927700000,199.5,okxUP+pmDOWN,0.13480380000000003,-0.3253682,0.13480380000000003,-0.3253682,0.13480380000000003,0.0,false,0.83,0.18,0.67,0.48,79283.34957694201,79280.3,12.883344882598662,9.006020411122837,1,84
1787927801001,1787927700000,198.999,okxUP+pmDOWN,0.133795,-0.2862378000000001,0.133795,-0.2862378000000001,0.133795,0.0,false,0.81,0.2,0.65,0.46,79283.34957694201,79280.3,10.946837274403608,8.261825447179184,3,88
1787927801501,1787927700000,198.499,okxUP+pmDOWN,0.11393580000000003,-0.2862378000000001,0.11393580000000003,-0.2862378000000001,0.11393580000000003,0.0,false,0.81,0.2,0.67,0.46,79283.34957694201,79280.3,10.946837274403608,7.908648176154364,4,88
1787927802000,1787927700000,198.0,okxUP+pmDOWN,0.11393580000000003,-0.2862378000000001,0.11393580000000003,-0.2862378000000001,0.11393580000000003,0.0,false,0.81,0.2,0.67,0.46,79283.34957694201,79280.3,10.11441401514289,7.908648176154364,4,88
1787927802500,1787927700000,197.5,okxUP+pmDOWN,0.15572779999999997,-0.32438979999999984,0.15572779999999997,-0.32438979999999984,0.15572779999999997,0.0,false,0.85,0.16,0.67,0.46,79283.34957694201,79280.3,10.11441401514289,7.908648176154364,12,88
1787927803000,1787927700000,197.0,okxUP+pmDOWN,0.02768919999999997,-0.1831338,0.02768919999999997,-0.1831338,0.02768919999999997,0.0,false,0.86,0.15,0.81,0.31,79283.34957694201,79280.3,9.84560978588508,10.885428031932637,0,188
1787927803500,1787927700000,196.5,okxUP+pmDOWN,0.03818619999999995,-0.19262279999999987,0.03818619999999995,-0.19262279999999987,0.03818619999999995,0.0,false,0.87,0.14,0.81,0.31,79283.34957694201,79280.3,9.84560978588508,10.885428031932637,2,188
1787927804000,1787927700000,196.0,okxUP+pmDOWN,0.03818619999999995,-0.19262279999999987,0.03818619999999995,-0.19262279999999987,0.03818619999999995,0.0,false,0.87,0.14,0.81,0.31,79283.34957694201,79280.3,8.300540719826788,10.885428031932637,1,188
1787927805000,1787927700000,195.0,okxUP+pmDOWN,0.06779679999999999,-0.2027041999999999,0.06779679999999999,-0.2027041999999999,0.06779679999999999,0.0,false,0.87,0.14,0.78,0.32,79283.34957694201,79280.3,8.300540719826788,11.93234637103937,0,188
1787927805500,1787927700000,194.5,okxUP+pmDOWN,0.06779679999999999,-0.2027041999999999,0.06779679999999999,-0.2027041999999999,0.06779679999999999,0.0,false,0.87,0.14,0.78,0.32,79283.34957694201,79280.3,9.885089716823694,11.93234637103937,2,188
1787927806000,1787927700000,194.0,okxUP+pmDOWN,0.018467800000000034,-0.18253699999999995,0.018467800000000034,-0.18253699999999995,0.018467800000000034,0.0,false,0.87,0.14,0.83,0.3,79283.34957694201,79280.3,9.885089716823694,11.93234637103937,1,81
1787927806500,1787927700000,193.5,okxUP+pmDOWN,0.02832480000000004,-0.2228538,0.02832480000000004,-0.2228538,0.02832480000000004,0.0,false,0.87,0.14,0.82,0.34,79283.34957694201,79280.3,11.453391664743402,12.525179647403315,5,287
1787927807000,1787927700000,193.0,okxUP+pmDOWN,0.02832480000000004,-0.2228538,0.02832480000000004,-0.2228538,0.02832480000000004,0.0,false,0.87,0.14,0.82,0.34,79283.34957694201,79280.3,11.453391664743402,12.525179647403315,1,287
1787927807500,1787927700000,192.5,okxUP+pmDOWN,0.07767579999999996,-0.2631002,0.07767579999999996,-0.2631002,0.07767579999999996,0.0,false,0.87,0.14,0.77,0.38,79283.34957694201,79280.3,12.156901844311891,12.525179647403315,2,86
1787927808000,1787927700000,192.0,okxUP+pmDOWN,0.07767579999999996,-0.2631002,0.07767579999999996,-0.2631002,0.07767579999999996,0.0,false,0.87,0.14,0.77,0.38,79283.34957694201,79280.3,12.156901844311891,12.525179647403315,0,86
1787927808501,1787927700000,191.499,okxUP+pmDOWN,0.06779679999999999,-0.2631002,0.06779679999999999,-0.2631002,0.06779679999999999,0.0,false,0.87,0.14,0.78,0.38,79283.34957694201,79280.3,12.378621552392472,11.112470563304031,16,89
1787927809000,1787927700000,191.0,okxUP+pmDOWN,0.048697199999999996,-0.2323288000000001,0.048697199999999996,-0.2323288000000001,0.048697199999999996,0.0,false,0.88,0.13,0.81,0.34,79283.34957694201,79280.3,12.378621552392472,11.907119423109421,2,88
1787927809500,1787927700000,190.5,okxUP+pmDOWN,0.0592222,-0.2518579999999999,0.0592222,-0.2518579999999999,0.0592222,0.0,false,0.89,0.12,0.81,0.35,79283.34957694201,79280.3,12.378621552392472,12.550406595333266,1,89
1787927810000,1787927700000,190.0,okxUP+pmDOWN,0.0592222,-0.2518579999999999,0.0592222,-0.2518579999999999,0.0592222,0.0,false,0.89,0.12,0.81,0.35,79283.34957694201,79280.3,12.126223259291132,12.550406595333266,0,89
1787927812500,1787927700000,187.5,okxUP+pmDOWN,0.08883280000000005,-0.23171720000000007,0.08883280000000005,-0.23171720000000007,0.08883280000000005,0.0,false,0.89,0.12,0.78,0.33,79283.34957694201,79280.3,12.49486561022292,13.509030616684255,4,85
1787927813001,1787927700000,186.999,okxUP+pmDOWN,0.07830780000000004,-0.23171720000000007,0.07830780000000004,-0.23171720000000007,0.07830780000000004,0.0,false,0.89,0.13,0.78,0.33,79283.34957694201,79280.3,12.575376478573654,13.509030616684255,0,85
1787927813500,1787927700000,186.5,okxUP+pmDOWN,0.07830780000000004,-0.22225620000000013,0.07830780000000004,-0.22225620000000013,0.07830780000000004,0.0,false,0.88,0.13,0.78,0.33,79283.34957694201,79280.3,12.712305419850642,13.509030616684255,3,85
1787927815500,1787927700000,184.5,okxUP+pmDOWN,0.00011980000000000324,-0.19138279999999996,0.00011980000000000324,-0.19138279999999996,0.00011980000000000324,0.0,false,0.89,0.12,0.87,0.29,79283.34957694201,79280.3,12.983598445704333,13.00449165807789,2,185
1787927816000,1787927700000,184.0,okxUP+pmDOWN,0.0296512000000001,-0.1812882,0.0296512000000001,-0.1812882,0.0296512000000001,0.0,false,0.89,0.12,0.84,0.28,79283.34957694201,79280.3,12.983598445704333,13.471190194790244,7,85
1787927816500,1787927700000,183.5,okxUP+pmDOWN,0.0296512000000001,-0.1812882,0.0296512000000001,-0.1812882,0.0296512000000001,0.0,false,0.89,0.12,0.84,0.28,79283.34957694201,79280.3,12.983598445704333,13.471190194790244,9,85
1787927817000,1787927700000,183.0,okxUP+pmDOWN,0.00927800000000012,-0.18192180000000002,0.00927800000000012,-0.18192180000000002,0.00927800000000012,0.0,false,0.88,0.13,0.85,0.29,79283.34957694201,79280.3,12.983598445704333,12.121548480516758,3,88
1787927817500,1787927700000,182.5,okxUP+pmDOWN,0.00927800000000012,-0.18192180000000002,0.00927800000000012,-0.18192180000000002,0.00927800000000012,0.0,false,0.88,0.13,0.85,0.29,79283.34957694201,79280.3,11.887416911733608,12.121548480516758,1,88
1787927818500,1787927700000,181.5,okxUP+pmDOWN,0.07830780000000004,-0.2020978,0.07830780000000004,-0.2020978,0.07830780000000004,0.0,false,0.88,0.13,0.78,0.31,79283.34957694201,79280.3,13.236289841452734,12.197229324308445,14,84
1787927819000,1787927700000,181.0,okxUP+pmDOWN,0.0008238000000000412,-0.19073520000000022,0.0008238000000000412,-0.19073520000000022,0.0008238000000000412,0.0,false,0.9,0.11,0.88,0.28,79283.34957694201,79280.3,13.052321765027681,12.525179647403315,0,86
1787927820500,1787927700000,179.5,okxUP+pmDOWN,0.040190200000000065,-0.15031280000000002,0.040190200000000065,-0.15031280000000002,0.040190200000000065,0.0,false,0.9,0.11,0.84,0.24,79283.34957694201,79280.3,12.284673067780613,13.748686622023376,10,86
1787927821500,1787927700000,178.5,okxUP+pmDOWN,0.040190200000000065,-0.16042499999999982,0.040190200000000065,-0.16042499999999982,0.040190200000000065,0.0,false,0.9,0.11,0.84,0.25,79283.34957694201,79280.3,12.802865659266402,13.925275257534869,0,84
1787927824001,1787927700000,175.999,okxUP+pmDOWN,0.04235979999999995,-0.12794280000000002,0.04235979999999995,-0.12794280000000002,0.04235979999999995,0.0,false,0.93,0.08,0.87,0.19,79283.34957694201,79280.3,13.80002371575891,16.309221836951032,3,184
1787927825000,1787927700000,175.0,okxUP+pmDOWN,0.0521992,-0.11780419999999991,0.0521992,-0.11780419999999991,0.0521992,0.0,false,0.93,0.08,0.86,0.18,79283.34957694201,79280.3,13.895241197686145,16.826374269521455,1,87
1787927827500,1787927700000,172.5,okxUP+pmDOWN,0.06204300000000007,-0.14820680000000008,0.06204300000000007,-0.14820680000000008,0.06204300000000007,0.0,false,0.93,0.08,0.85,0.21,79283.34957694201,79280.3,16.871479592088832,17.255232384337965,5,80
1787927828500,1787927700000,171.5,okxUP+pmDOWN,0.003823799999999822,-0.12719519999999984,0.003823799999999822,-0.12719519999999984,0.003823799999999822,0.0,false,0.94,0.07,0.92,0.18,79283.34957694201,79280.3,16.871479592088832,17.507501863641142,3,85
1787927832000,1787927700000,168.0,okxUP+pmDOWN,0.03487319999999994,-0.08501120000000006,0.03487319999999994,-0.08501120000000006,0.03487319999999994,0.0,false,0.96,0.05,0.91,0.12,79283.34957694201,79280.3,17.634510126927864,21.165409313537275,0,382
1787927832501,1787927700000,167.499,okxUP+pmDOWN,0.03487319999999994,-0.08501120000000006,0.03487319999999994,-0.08501120000000006,0.03487319999999994,0.0,false,0.96,0.05,0.91,0.12,79283.34957694201,79280.3,17.634510126927864,21.165409313537275,0,382
1787927833001,1787927700000,166.999,okxUP+pmDOWN,0.03487319999999994,-0.08501120000000006,0.03487319999999994,-0.08501120000000006,0.03487319999999994,0.0,false,0.96,0.05,0.91,0.12,79283.34957694201,79280.3,17.634510126927864,21.165409313537275,0,382
1787927838003,1787927700000,161.997,okxUP+pmDOWN,0.045510199999999945,-0.10452519999999987,0.045510199999999945,-0.10452519999999987,0.045510199999999945,0.0,false,0.97,0.04,0.91,0.13,79283.34957694201,79280.3,21.260052544123567,22.641185767460513,1,86
1787927838500,1787927700000,161.5,okxUP+pmDOWN,0.045510199999999945,-0.10452519999999987,0.045510199999999945,-0.10452519999999987,0.045510199999999945,0.0,false,0.97,0.04,0.91,0.13,79283.34957694201,79280.3,21.260052544123567,22.641185767460513,0,86
1787927839000,1787927700000,161.0,okxUP+pmDOWN,0.045510199999999945,-0.10452519999999987,0.045510199999999945,-0.10452519999999987,0.045510199999999945,0.0,false,0.97,0.04,0.91,0.13,79283.34957694201,79280.3,21.260052544123567,21.884377329550972,0,70
1787927839501,1787927700000,160.499,okxUP+pmDOWN,0.045510199999999945,-0.10452519999999987,0.045510199999999945,-0.10452519999999987,0.045510199999999945,0.0,false,0.97,0.04,0.91,0.13,79283.34957694201,79280.3,21.575253565891202,21.884377329550972,4,70
1787927842501,1787927700000,157.499,okxUP+pmDOWN,0.02672220000000003,-0.05280419999999997,0.02672220000000003,-0.05280419999999997,0.02672220000000003,0.0,false,0.98,0.03,0.94,0.07,79283.34957694201,79280.3,22.011463072081362,26.576589644589777,0,79
1787927843001,1787927700000,156.999,okxUP+pmDOWN,0.02672220000000003,-0.05280419999999997,0.02672220000000003,-0.05280419999999997,0.02672220000000003,0.0,false,0.98,0.03,0.94,0.07,79283.34957694201,79280.3,21.60410780647148,26.576589644589777,4,79
1787927843500,1787927700000,156.5,okxUP+pmDOWN,0.02672220000000003,-0.07317379999999996,0.02672220000000003,-0.07317379999999996,0.02672220000000003,0.0,false,0.98,0.03,0.94,0.09,79283.34957694201,79280.3,21.60410780647148,25.64319257116874,4,80
1787927844000,1787927700000,156.0,okxUP+pmDOWN,0.02672220000000003,-0.05280419999999997,0.02672220000000003,-0.05280419999999997,0.02672220000000003,0.0,false,0.98,0.03,0.94,0.07,79283.34957694201,79280.3,20.919490769211787,27.396465452325117,8,184
1787927844500,1787927700000,155.5,okxUP+pmDOWN,0.02672220000000003,-0.06299119999999991,0.02672220000000003,-0.06299119999999991,0.02672220000000003,0.0,false,0.98,0.03,0.94,0.08,79283.34957694201,79280.3,20.919490769211787,26.475681852868135,2,181
1787927845001,1787927700000,154.999,okxUP+pmDOWN,0.02672220000000003,-0.06299119999999991,0.02672220000000003,-0.06299119999999991,0.02672220000000003,0.0,false,0.98,0.03,0.94,0.08,79283.34957694201,79280.3,20.919490769211787,26.223412373564955,7,87
1787927845500,1787927700000,154.5,okxUP+pmDOWN,0.02672220000000003,-0.07317379999999996,0.02672220000000003,-0.07317379999999996,0.02672220000000003,0.0,false,0.98,0.03,0.94,0.09,79283.34957694201,79280.3,24.12811028451768,26.18557195166911,1,86
1787927846008,1787927700000,153.992,okxUP+pmDOWN,0.02672220000000003,-0.07317379999999996,0.02672220000000003,-0.07317379999999996,0.02672220000000003,0.0,false,0.98,0.03,0.94,0.09,79283.34957694201,79280.3,24.12811028451768,25.857621628576076,0,95
1787927846500,1787927700000,153.5,okxUP+pmDOWN,0.0169180000000001,-0.10369519999999999,0.0169180000000001,-0.10369519999999999,0.0169180000000001,0.0,false,0.98,0.03,0.95,0.12,79283.34957694201,79280.3,26.209596417216606,25.529671305481205,0,82
1787927847000,1787927700000,153.0,okxUP+pmDOWN,0.0169180000000001,-0.10369519999999999,0.0169180000000001,-0.10369519999999999,0.0169180000000001,0.0,false,0.98,0.03,0.95,0.12,79283.34957694201,79280.3,26.209596417216606,25.529671305481205,1,82
1787927847501,1787927700000,152.499,okxUP+pmDOWN,0.0169180000000001,-0.10369519999999999,0.0169180000000001,-0.10369519999999999,0.0169180000000001,0.0,false,0.98,0.03,0.95,0.12,79283.34957694201,79280.3,26.19159433048753,24.886384133259195,0,80
1787927848000,1787927700000,152.0,okxUP+pmDOWN,0.0169180000000001,-0.11386019999999997,0.0169180000000001,-0.11386019999999997,0.0169180000000001,0.0,false,0.98,0.03,0.95,0.13,79283.34957694201,79280.3,26.19159433048753,24.280937382931196,0,86
1787927848502,1787927700000,151.498,okxUP+pmDOWN,0.0169180000000001,-0.10369519999999999,0.0169180000000001,-0.10369519999999999,0.0169180000000001,0.0,false,0.98,0.03,0.95,0.12,79283.34957694201,79280.3,26.19159433048753,24.25571043500124,14,89
1787927849001,1787927700000,150.999,okxUP+pmDOWN,0.0169180000000001,-0.18489200000000006,0.0169180000000001,-0.18489200000000006,0.0169180000000001,0.0,false,0.98,0.03,0.95,0.2,79283.34957694201,79280.3,25.681075034871935,24.154802643279602,4,90
1787927849500,1787927700000,150.5,okxUP+pmDOWN,0.0169180000000001,-0.12402080000000004,0.0169180000000001,-0.12402080000000004,0.0169180000000001,0.0,false,0.98,0.03,0.95,0.14,79283.34957694201,79280.3,25.681075034871935,23.87730621604647,0,81
1787927850000,1787927700000,150.0,okxUP+pmDOWN,0.0169180000000001,-0.12402080000000004,0.0169180000000001,-0.12402080000000004,0.0169180000000001,0.0,false,0.98,0.03,0.95,0.14,79283.34957694201,79280.3,25.681075034871935,23.259245991752575,8,88
1787927850500,1787927700000,149.5,okxUP+pmDOWN,0.0169180000000001,-0.11386019999999997,0.0169180000000001,-0.11386019999999997,0.0169180000000001,0.0,false,0.98,0.03,0.95,0.13,79283.34957694201,79280.3,24.548965715570258,23.208792095892676,0,87
1787927851000,1787927700000,149.0,okxUP+pmDOWN,0.0169180000000001,-0.11386019999999997,0.0169180000000001,-0.11386019999999997,0.0169180000000001,0.0,false,0.98,0.03,0.95,0.13,79283.34957694201,79280.3,24.548965715570258,22.99436303848534,2,81
1787927851500,1787927700000,148.5,okxUP+pmDOWN,0.0169180000000001,-0.10369519999999999,0.0169180000000001,-0.10369519999999999,0.0169180000000001,0.0,false,0.98,0.03,0.95,0.12,79283.34957694201,79280.3,24.191430909696155,22.99436303848534,1,89
1787927852000,1787927700000,148.0,okxUP+pmDOWN,0.0169180000000001,-0.10369519999999999,0.0169180000000001,-0.10369519999999999,0.0169180000000001,0.0,false,0.98,0.03,0.95,0.12,79283.34957694201,79280.3,24.191430909696155,22.99436303848534,0,89
1787927853501,1787927700000,146.499,okxUP+pmDOWN,0.0169180000000001,-0.042612799999999895,0.0169180000000001,-0.042612799999999895,0.0169180000000001,0.0,false,0.98,0.03,0.95,0.06,79283.34957694201,79280.3,23.641965691179575,25.542284779447098,4,83
1787927854000,1787927700000,146.0,okxUP+pmDOWN,0.0169180000000001,-0.042612799999999895,0.0169180000000001,-0.042612799999999895,0.0169180000000001,0.0,false,0.98,0.03,0.95,0.06,79283.34957694201,79280.3,23.305933416664356,25.542284779447098,7,83
1787927854500,1787927700000,145.5,okxUP+pmDOWN,0.0169180000000001,-0.042612799999999895,0.0169180000000001,-0.042612799999999895,0.0169180000000001,0.0,false,0.98,0.03,0.95,0.06,79283.34957694201,79280.3,23.305933416664356,24.747635919641713,1,87
1787927855000,1787927700000,145.0,okxUP+pmDOWN,0.0169180000000001,-0.042612799999999895,0.0169180000000001,-0.042612799999999895,0.0169180000000001,0.0,false,0.98,0.03,0.95,0.06,79283.34957694201,79280.3,24.026877673767984,24.810703289467508,0,85
1787927855500,1787927700000,144.5,okxUP+pmDOWN,0.0169180000000001,-0.042612799999999895,0.0169180000000001,-0.042612799999999895,0.0169180000000001,0.0,false,0.98,0.03,0.95,0.06,79283.34957694201,79280.3,24.026877673767984,24.180029591209554,3,187
1787927856000,1787927700000,144.0,okxUP+pmDOWN,0.0169180000000001,-0.042612799999999895,0.0169180000000001,-0.042612799999999895,0.0169180000000001,0.0,false,0.98,0.03,0.95,0.06,79283.34957694201,79280.3,24.026877673767984,23.435834627265905,1,83
1787927856500,1787927700000,143.5,okxUP+pmDOWN,0.0169180000000001,-0.042612799999999895,0.0169180000000001,-0.042612799999999895,0.0169180000000001,0.0,false,0.98,0.03,0.95,0.06,79283.34957694201,79280.3,24.026877673767984,22.716866611250367,7,86
1787927857001,1787927700000,142.999,okxUP+pmDOWN,0.0169180000000001,-0.042612799999999895,0.0169180000000001,-0.042612799999999895,0.0169180000000001,0.0,false,0.98,0.03,0.95,0.06,79283.34957694201,79280.3,24.026877673767984,22.742093559182155,16,77
1787927857500,1787927700000,142.5,okxUP+pmDOWN,0.0169180000000001,-0.042612799999999895,0.0169180000000001,-0.042612799999999895,0.0169180000000001,0.0,false,0.98,0.03,0.95,0.06,79283.34957694201,79280.3,24.026877673767984,22.351075866261493,5,188
1787927858000,1787927700000,142.0,okxUP+pmDOWN,0.0169180000000001,-0.042612799999999895,0.0169180000000001,-0.042612799999999895,0.0169180000000001,0.0,false,0.98,0.03,0.95,0.06,79283.34957694201,79280.3,24.58140502172792,23.549355892951603,1,86
1787927858500,1787927700000,141.5,okxUP+pmDOWN,0.0169180000000001,-0.042612799999999895,0.0169180000000001,-0.042612799999999895,0.0169180000000001,0.0,false,0.98,0.03,0.95,0.06,79283.34957694201,79280.3,23.330011222525915,23.87730621604647,1,77
1787927859001,1787927700000,140.999,okxUP+pmDOWN,0.0169180000000001,-0.042612799999999895,0.0169180000000001,-0.042612799999999895,0.0169180000000001,0.0,false,0.98,0.03,0.95,0.06,79283.34957694201,79280.3,23.330011222525915,25.26478835221397,0,187
1787927859502,1787927700000,140.498,okxUP+pmDOWN,0.0169180000000001,-0.042612799999999895,0.0169180000000001,-0.042612799999999895,0.0169180000000001,0.0,false,0.98,0.03,0.95,0.06,79283.34957694201,79280.3,23.044883372939037,25.466603935655414,11,67
1787927860000,1787927700000,140.0,okxUP+pmDOWN,0.027583000000000024,-0.05193380000000003,0.027583000000000024,-0.05193380000000003,0.027583000000000024,0.0,false,0.99,0.02,0.95,0.06,79283.34957694201,79280.3,23.044883372939037,25.050359294804796,1,74
1787927860500,1787927700000,139.5,okxUP+pmDOWN,0.027583000000000024,-0.05193380000000003,0.027583000000000024,-0.05193380000000003,0.027583000000000024,0.0,false,0.99,0.02,0.95,0.06,79283.34957694201,79280.3,24.40592749354993,26.425227957008232,18,185
1787927861000,1787927700000,139.0,okxUP+pmDOWN,0.027583000000000024,-0.05193380000000003,0.027583000000000024,-0.05193380000000003,0.027583000000000024,0.0,false,0.99,0.02,0.95,0.06,79283.34957694201,79280.3,24.40592749354993,26.147731529775104,3,84
1787927861501,1787927700000,138.499,okxUP+pmDOWN,0.027583000000000024,-0.05193380000000003,0.027583000000000024,-0.05193380000000003,0.027583000000000024,0.0,false,0.99,0.02,0.95,0.06,79283.34957694201,79280.3,25.057736214487257,25.76932731082033,3,84
1787927862000,1787927700000,138.0,okxUP+pmDOWN,0.027583000000000024,-0.05193380000000003,0.027583000000000024,-0.05193380000000003,0.027583000000000024,0.0,false,0.99,0.02,0.95,0.06,79283.34957694201,79280.3,25.057736214487257,26.58920311855567,1,183
1787927862500,1787927700000,137.5,okxUP+pmDOWN,0.027583000000000024,-0.05193380000000003,0.027583000000000024,-0.05193380000000003,0.027583000000000024,0.0,false,0.99,0.02,0.95,0.06,79283.34957694201,79280.3,25.701603612835925,27.50998671801081,11,87
1787927863000,1787927700000,137.0,okxUP+pmDOWN,0.027583000000000024,-0.05193380000000003,0.027583000000000024,-0.05193380000000003,0.027583000000000024,0.0,false,0.99,0.02,0.95,0.06,79283.34957694201,79280.3,26.32572755150627,27.45953282215091,0,87
1787927863509,1787927700000,136.491,okxUP+pmDOWN,0.027583000000000024,-0.05193380000000003,0.027583000000000024,-0.05193380000000003,0.027583000000000024,0.0,false,0.99,0.02,0.95,0.06,79283.34957694201,79280.3,26.32572755150627,27.245103764743572,1,93
1787927864001,1787927700000,135.999,okxUP+pmDOWN,0.027583000000000024,-0.05193380000000003,0.027583000000000024,-0.05193380000000003,0.027583000000000024,0.0,false,0.99,0.02,0.95,0.06,79283.34957694201,79280.3,26.752374474469377,26.904539967684645,7,83
1787927864519,1787927700000,135.481,okxUP+pmDOWN,0.027583000000000024,-0.05193380000000003,0.027583000000000024,-0.05193380000000003,0.027583000000000024,0.0,false,0.99,0.02,0.95,0.06,79283.34957694201,79280.3,26.752374474469377,27.598281035768395,0,0
1787927865000,1787927700000,135.0,okxUP+pmDOWN,0.027583000000000024,-0.05193380000000003,0.027583000000000024,-0.05193380000000003,0.027583000000000024,0.0,false,0.99,0.02,0.95,0.06,79283.34957694201,79280.3,27.514263581944473,27.598281035768395,1,0
1787927865500,1787927700000,134.5,okxUP+pmDOWN,0.0011336379999999924,-0.05193380000000003,0.0011336379999999924,-0.05193380000000003,0.0011336379999999924,0.0,false,0.99,0.02,0.977,0.06,79283.34957694201,79280.3,27.293134734627067,29.22541917727318,0,87
1787927866000,1787927700000,134.0,okxUP+pmDOWN,0.0011336379999999924,-0.05193380000000003,0.0011336379999999924,-0.05193380000000003,0.0011336379999999924,0.0,false,0.99,0.02,0.977,0.06,79283.34957694201,79280.3,27.293134734627067,29.70473118794959,1,83
1787927866501,1787927700000,133.499,okxUP+pmDOWN,0.0011336379999999924,-0.05193380000000003,0.0011336379999999924,-0.05193380000000003,0.0011336379999999924,0.0,false,0.99,0.02,0.977,0.06,79283.34957694201,79280.3,27.293134734627067,29.70473118794959,6,86
1787927867001,1787927700000,132.999,okxUP+pmDOWN,0.0011336379999999924,-0.05193380000000003,0.0011336379999999924,-0.05193380000000003,0.0011336379999999924,0.0,false,0.99,0.02,0.977,0.06,79283.34957694201,79280.3,27.911848885637685,28.60735895298112,0,85
1787927867501,1787927700000,132.499,okxUP+pmDOWN,0.0011336379999999924,-0.05193380000000003,0.0011336379999999924,-0.05193380000000003,0.0011336379999999924,0.0,false,0.99,0.02,0.977,0.06,79283.34957694201,79280.3,27.911848885637685,28.544291583155324,4,383
1787927868000,1787927700000,132.0,okxUP+pmDOWN,0.0011336379999999924,-0.05193380000000003,0.0011336379999999924,-0.05193380000000003,0.0011336379999999924,0.0,false,0.99,0.02,0.977,0.06,79283.34957694201,79280.3,29.021491622024325,29.881319823461084,3,80
1787927868500,1787927700000,131.5,okxUP+pmDOWN,0.0011336379999999924,-0.05193380000000003,0.0011336379999999924,-0.05193380000000003,0.0011336379999999924,0.0,false,0.99,0.02,0.977,0.06,79283.34957694201,79280.3,28.88128493466513,30.9030112146397,2,343
1787927869001,1787927700000,130.999,okxUP+pmDOWN,0.0011336379999999924,-0.05193380000000003,0.0011336379999999924,-0.05193380000000003,0.0011336379999999924,0.0,false,0.99,0.02,0.977,0.06,79283.34957694201,79280.3,28.88128493466513,31.36970975135022,19,88
1787927869500,1787927700000,130.5,okxUP+pmDOWN,0.0011336379999999924,-0.05193380000000003,0.0011336379999999924,-0.05193380000000003,0.0011336379999999924,0.0,false,0.99,0.02,0.977,0.06,79283.34957694201,79280.3,28.88128493466513,31.331869329454374,12,88
1787927870000,1787927700000,130.0,okxUP+pmDOWN,0.0011336379999999924,-0.05193380000000003,0.0011336379999999924,-0.05193380000000003,0.0011336379999999924,0.0,false,0.99,0.02,0.977,0.06,79283.34957694201,79280.3,29.38439729352023,31.243575011698628,1,86
1787927870500,1787927700000,129.5,okxUP+pmDOWN,0.0011336379999999924,-0.05193380000000003,0.0011336379999999924,-0.05193380000000003,0.0011336379999999924,0.0,false,0.99,0.02,0.977,0.06,79283.34957694201,79280.3,29.38439729352023,31.205734589802784,16,82
1787927871001,1787927700000,128.999,okxUP+pmDOWN,0.0011336379999999924,-0.05193380000000003,0.0011336379999999924,-0.05193380000000003,0.0011336379999999924,0.0,false,0.99,0.02,0.977,0.06,79283.34957694201,79280.3,30.80570355437716,31.331869329454374,1,85
1787927871500,1787927700000,128.5,okxUP+pmDOWN,0.0011336379999999924,-0.05193380000000003,0.0011336379999999924,-0.05193380000000003,0.0011336379999999924,0.0,false,0.99,0.02,0.977,0.06,79283.34957694201,79280.3,30.80570355437716,31.91208913185243,8,89
1787927872000,1787927700000,128.0,okxUP+pmDOWN,0.0011336379999999924,-0.05193380000000003,0.0011336379999999924,-0.05193380000000003,0.0011336379999999924,0.0,false,0.99,0.02,0.977,0.06,79283.34957694201,79280.3,31.14135221174575,31.987769975642276,4,84
1787927872503,1787927700000,127.497,okxUP+pmDOWN,0.0011336379999999924,-0.05193380000000003,0.0011336379999999924,-0.05193380000000003,0.0011336379999999924,0.0,false,0.99,0.02,0.977,0.06,79283.34957694201,79280.3,31.126628108943265,31.97515650167822,0,188
1787927873001,1787927700000,126.99900000000001,okxUP+pmDOWN,0.0011336379999999924,-0.07231220000000005,0.0011336379999999924,-0.07231220000000005,0.0011336379999999924,0.0,false,0.99,0.02,0.977,0.08,79283.34957694201,79280.3,31.126628108943265,31.874248709956582,5,87
1787927873500,1787927700000,126.5,okxUP+pmDOWN,0.0011336379999999924,-0.07231220000000005,0.0011336379999999924,-0.07231220000000005,0.0011336379999999924,0.0,false,0.99,0.02,0.977,0.08,79283.34957694201,79280.3,31.126628108943265,31.798567866164895,14,184
1787927874000,1787927700000,126.0,okxUP+pmDOWN,0.0011336379999999924,-0.07231220000000005,0.0011336379999999924,-0.07231220000000005,0.0011336379999999924,0.0,false,0.99,0.02,0.977,0.08,79283.34957694201,79280.3,31.923225501321095,31.483231017035916,6,89
1787927874500,1787927700000,125.5,okxUP+pmDOWN,0.0011336379999999924,-0.07231220000000005,0.0011336379999999924,-0.07231220000000005,0.0011336379999999924,0.0,false,0.99,0.02,0.977,0.08,79283.34957694201,79280.3,31.889496226883885,31.39493669928017,2,88
1787927875000,1787927700000,125.0,okxUP+pmDOWN,0.0011336379999999924,-0.07231220000000005,0.0011336379999999924,-0.07231220000000005,0.0011336379999999924,0.0,false,0.99,0.02,0.977,0.08,79283.34957694201,79280.3,31.889496226883885,32.11390471529387,2,81
1787927875500,1787927700000,124.5,okxUP+pmDOWN,0.0011336379999999924,-0.07231220000000005,0.0011336379999999924,-0.07231220000000005,0.0011336379999999924,0.0,false,0.99,0.02,0.977,0.08,79283.34957694201,79280.3,31.613682844285016,32.21481250701551,12,86
1787927876000,1787927700000,124.0,okxUP+pmDOWN,0.00015464799999997947,-0.07231220000000005,0.00015464799999997947,-0.07231220000000005,0.00015464799999997947,0.0,false,0.99,0.02,0.978,0.08,79283.34957694201,79280.3,31.613682844285016,32.038223871504016,2,78
1787927876500,1787927700000,123.5,okxUP+pmDOWN,0.00015464799999997947,-0.07231220000000005,0.00015464799999997947,-0.07231220000000005,0.00015464799999997947,0.0,false,0.99,0.02,0.978,0.08,79283.34957694201,79280.3,31.613682844285016,31.16789416790694,1,80
1787927877001,1787927700000,122.99900000000001,okxUP+pmDOWN,0.00015464799999997947,-0.07231220000000005,0.00015464799999997947,-0.07231220000000005,0.00015464799999997947,0.0,false,0.99,0.02,0.978,0.08,79283.34957694201,79280.3,32.08155846430889,30.184043198626,5,84
1787927877505,1787927700000,122.495,okxUP+pmDOWN,0.00015464799999997947,-0.07231220000000005,0.00015464799999997947,-0.07231220000000005,0.00015464799999997947,0.0,false,0.99,0.02,0.978,0.08,79283.34957694201,79280.3,32.08155846430889,29.919160245356927,0,92
1787927878000,1787927700000,122.0,okxUP+pmDOWN,0.00015464799999997947,-0.07231220000000005,0.00015464799999997947,-0.07231220000000005,0.00015464799999997947,0.0,false,0.99,0.02,0.978,0.08,79283.34957694201,79280.3,32.08155846430889,31.407550173246065,0,83
1787927878500,1787927700000,121.5,okxUP+pmDOWN,0.00015464799999997947,-0.07231220000000005,0.00015464799999997947,-0.07231220000000005,0.00015464799999997947,0.0,false,0.99,0.02,0.978,0.08,79283.34957694201,79280.3,31.963102501358595,31.685046600479193,6,83
1787927879002,1787927700000,120.998,okxUP+pmDOWN,0.00015464799999997947,-0.07231220000000005,0.00015464799999997947,-0.07231220000000005,0.00015464799999997947,0.0,false,0.99,0.02,0.978,0.08,79283.34957694201,79280.3,31.963102501358595,31.44539059514191,0,82
1787928339012,1787928300000,260.988,okxUP+pmDOWN,0.0070198000000000205,-0.19242979999999998,0.0070198000000000205,-0.19242979999999998,0.0070198000000000205,0.0,false,0.51,0.5,0.47,0.66,79428.0635137364,79419.1,1.254630476771422,-2.342005890271461,1,96
1787928642000,1787928600000,258.0,okxUP+pmDOWN,0.016018199999999982,-0.18481380000000014,0.016018199999999982,-0.18481380000000014,0.016018199999999982,0.0,false,0.83,0.18,0.79,0.34,79184.3843863923,79176.2,14.499516924331582,13.38786150383575,0,83
1787928642500,1787928600000,257.5,okxUP+pmDOWN,0.016018199999999982,-0.18481380000000014,0.016018199999999982,-0.18481380000000014,0.016018199999999982,0.0,false,0.83,0.18,0.79,0.34,79184.3843863923,79176.2,14.499516924331582,13.38786150383575,19,83
1787928643000,1787928600000,257.0,okxUP+pmDOWN,0.005577199999999949,-0.1752688,0.005577199999999949,-0.1752688,0.005577199999999949,0.0,false,0.82,0.19,0.79,0.34,79184.3843863923,79176.2,14.255788203812081,13.38786150383575,7,83
1787928655000,1787928600000,245.0,okxUP+pmDOWN,0.016602999999999923,-0.20441299999999996,0.016602999999999923,-0.20441299999999996,0.016602999999999923,0.0,false,0.84,0.17,0.8,0.35,79184.3843863923,79176.2,12.542893208122917,11.834364367069535,1,788
1787928663000,1787928600000,237.0,okxUP+pmDOWN,0.019803000000000126,-0.21155879999999994,0.019803000000000126,-0.21155879999999994,0.019803000000000126,0.0,false,0.89,0.12,0.85,0.31,79184.3843863923,79176.2,17.263823505560673,15.497081193590635,1,80
1787928664504,1787928600000,235.496,okxUP+pmDOWN,0.02768919999999997,-0.13266080000000002,0.02768919999999997,-0.13266080000000002,0.02768919999999997,0.0,false,0.86,0.15,0.81,0.26,79184.3843863923,79176.2,17.565730813469703,14.057254579027903,0,387
1787928665000,1787928600000,235.0,okxUP+pmDOWN,0.02768919999999997,-0.13266080000000002,0.02768919999999997,-0.13266080000000002,0.02768919999999997,0.0,false,0.86,0.15,0.81,0.26,79184.3843863923,79176.2,17.508064335383693,14.057254579027903,0,387
1787928665500,1787928600000,234.5,okxUP+pmDOWN,0.02768919999999997,-0.13266080000000002,0.02768919999999997,-0.13266080000000002,0.02768919999999997,0.0,false,0.86,0.15,0.81,0.26,79184.3843863923,79176.2,17.508064335383693,14.057254579027903,6,387
1787928666501,1787928600000,233.499,okxUP+pmDOWN,0.007970800000000056,-0.20329220000000015,0.007970800000000056,-0.20329220000000015,0.007970800000000056,0.0,false,0.86,0.15,0.83,0.33,79184.3843863923,79176.2,16.0736852681528,13.968844172870865,1,87
1787928670500,1787928600000,229.5,okxUP+pmDOWN,0.0008238000000000412,-0.15031280000000002,0.0008238000000000412,-0.15031280000000002,0.0008238000000000412,0.0,false,0.9,0.11,0.88,0.24,79184.3843863923,79176.2,15.95765616047404,15.686532063927935,3,88
1787928715500,1787928600000,184.5,okxUP+pmDOWN,0.0062670000000000226,-0.0943601999999999,0.0062670000000000226,-0.0943601999999999,0.0062670000000000226,0.0,false,0.97,0.04,0.95,0.12,79184.3843863923,79176.2,21.58753971008314,23.340347225555522,9,87
1787928716000,1787928600000,184.0,okxUP+pmDOWN,0.0062670000000000226,-0.0943601999999999,0.0062670000000000226,-0.0943601999999999,0.0062670000000000226,0.0,false,0.97,0.04,0.95,0.12,79184.3843863923,79176.2,21.58753971008314,23.340347225555522,1,184
1787928716500,1787928600000,183.5,okxUP+pmDOWN,0.0062670000000000226,-0.10452519999999987,0.0062670000000000226,-0.10452519999999987,0.0062670000000000226,0.0,false,0.97,0.04,0.95,0.13,79184.3843863923,79176.2,21.58753971008314,23.390867457644735,3,82
1787928717001,1787928600000,182.999,okxUP+pmDOWN,0.0062670000000000226,-0.13499379999999994,0.0062670000000000226,-0.13499379999999994,0.0062670000000000226,0.0,false,0.97,0.04,0.95,0.16,79184.3843863923,79176.2,23.121662194801473,23.37823739962335,6,90
1787928717501,1787928600000,182.499,okxUP+pmDOWN,0.0062670000000000226,-0.13499379999999994,0.0062670000000000226,-0.13499379999999994,0.0062670000000000226,0.0,false,0.97,0.04,0.95,0.16,79184.3843863923,79176.2,23.701424479275563,23.37823739962335,15,90
1787928718001,1787928600000,181.999,okxUP+pmDOWN,0.0062670000000000226,-0.13499379999999994,0.0062670000000000226,-0.13499379999999994,0.0062670000000000226,0.0,false,0.97,0.04,0.95,0.16,79184.3843863923,79176.2,23.701424479275563,23.416127573691178,31,88
1787928718500,1787928600000,181.5,okxUP+pmDOWN,0.0062670000000000226,-0.0943601999999999,0.0062670000000000226,-0.0943601999999999,0.0062670000000000226,0.0,false,0.97,0.04,0.95,0.12,79184.3843863923,79176.2,23.701424479275563,23.416127573691178,20,187
1787928719000,1787928600000,181.0,okxUP+pmDOWN,0.0062670000000000226,-0.10452519999999987,0.0062670000000000226,-0.10452519999999987,0.0062670000000000226,0.0,false,0.97,0.04,0.95,0.13,79184.3843863923,79176.2,23.933899847677917,23.441387689735784,25,186
1787928719500,1787928600000,180.5,okxUP+pmDOWN,0.0062670000000000226,-0.13499379999999994,0.0062670000000000226,-0.13499379999999994,0.0062670000000000226,0.0,false,0.97,0.04,0.95,0.16,79184.3843863923,79176.2,23.933899847677917,23.416127573691178,15,188
1787928720010,1787928600000,179.99,okxUP+pmDOWN,0.0062670000000000226,-0.13499379999999994,0.0062670000000000226,-0.13499379999999994,0.0062670000000000226,0.0,false,0.97,0.04,0.95,0.16,79184.3843863923,79176.2,23.933899847677917,23.011965716970135,13,97
1787928720500,1787928600000,179.5,okxUP+pmDOWN,0.0062670000000000226,-0.0943601999999999,0.0062670000000000226,-0.0943601999999999,0.0062670000000000226,0.0,false,0.97,0.04,0.95,0.12,79184.3843863923,79176.2,23.71897352553557,23.07511600708257,2,78
1787928721000,1787928600000,179.0,okxUP+pmDOWN,0.0169180000000001,-0.15447619999999995,0.0169180000000001,-0.15447619999999995,0.0169180000000001,0.0,false,0.98,0.03,0.95,0.17,79184.3843863923,79176.2,23.709239421704158,24.173931055040374,12,87
1787928721500,1787928600000,178.5,okxUP+pmDOWN,0.0169180000000001,-0.11386019999999997,0.0169180000000001,-0.11386019999999997,0.0169180000000001,0.0,false,0.98,0.03,0.95,0.13,79184.3843863923,79176.2,23.709239421704158,24.376011983399053,3,85
1787928722000,1787928600000,178.0,okxUP+pmDOWN,0.0169180000000001,-0.11386019999999997,0.0169180000000001,-0.11386019999999997,0.0169180000000001,0.0,false,0.98,0.03,0.95,0.13,79184.3843863923,79176.2,23.66728445600594,24.376011983399053,2,183
1787928722500,1787928600000,177.5,okxUP+pmDOWN,0.0169180000000001,-0.11386019999999997,0.0169180000000001,-0.11386019999999997,0.0169180000000001,0.0,false,0.98,0.03,0.95,0.13,79184.3843863923,79176.2,23.66728445600594,24.376011983399053,15,85
1787928723000,1787928600000,177.0,okxUP+pmDOWN,0.0062670000000000226,-0.10452519999999987,0.0062670000000000226,-0.10452519999999987,0.0062670000000000226,0.0,false,0.97,0.04,0.95,0.13,79184.3843863923,79176.2,23.67280296930761,24.376011983399053,4,85
1787928723501,1787928600000,176.499,okxUP+pmDOWN,0.0062670000000000226,-0.14514119999999986,0.0062670000000000226,-0.14514119999999986,0.0062670000000000226,0.0,false,0.97,0.04,0.95,0.17,79184.3843863923,79176.2,24.782889728158583,22.670954150363368,1,86
1787928724000,1787928600000,176.0,okxUP+pmDOWN,0.0062670000000000226,-0.14514119999999986,0.0062670000000000226,-0.14514119999999986,0.0062670000000000226,0.0,false,0.97,0.04,0.95,0.17,79184.3843863923,79176.2,24.782889728158583,22.670954150363368,12,86
1787928725001,1787928600000,174.999,okxUP+pmDOWN,0.0062670000000000226,-0.0943601999999999,0.0062670000000000226,-0.0943601999999999,0.0062670000000000226,0.0,false,0.97,0.04,0.95,0.12,79184.3843863923,79176.2,24.314415809707594,22.63306397629554,0,87
1787928725500,1787928600000,174.5,okxUP+pmDOWN,0.0062670000000000226,-0.0943601999999999,0.0062670000000000226,-0.0943601999999999,0.0062670000000000226,0.0,false,0.97,0.04,0.95,0.12,79184.3843863923,79176.2,23.104969629485524,22.63306397629554,0,87
1787928726000,1787928600000,174.0,okxUP+pmDOWN,0.0062670000000000226,-0.0943601999999999,0.0062670000000000226,-0.0943601999999999,0.0062670000000000226,0.0,false,0.97,0.04,0.95,0.12,79184.3843863923,79176.2,23.104969629485524,22.771994614543626,1,79
1787928726500,1787928600000,173.5,okxUP+pmDOWN,0.0169180000000001,-0.12402080000000004,0.0169180000000001,-0.12402080000000004,0.0169180000000001,0.0,false,0.98,0.03,0.95,0.14,79184.3843863923,79176.2,23.104969629485524,23.883439720522812,9,86
1787928727000,1787928600000,173.0,okxUP+pmDOWN,0.0169180000000001,-0.12402080000000004,0.0169180000000001,-0.12402080000000004,0.0169180000000001,0.0,false,0.98,0.03,0.95,0.14,79184.3843863923,79176.2,23.086266193550124,24.123410822949324,33,86
1787928727500,1787928600000,172.5,okxUP+pmDOWN,0.0169180000000001,-0.12402080000000004,0.0169180000000001,-0.12402080000000004,0.0169180000000001,0.0,false,0.98,0.03,0.95,0.14,79184.3843863923,79176.2,23.2236425232082,24.072890590860112,1,86
1787928728000,1787928600000,172.0,okxUP+pmDOWN,0.0169180000000001,-0.10369519999999999,0.0169180000000001,-0.10369519999999999,0.0169180000000001,0.0,false,0.98,0.03,0.95,0.12,79184.3843863923,79176.2,23.2236425232082,23.302457051487696,0,85
1787928728500,1787928600000,171.5,okxUP+pmDOWN,0.0169180000000001,-0.10369519999999999,0.0169180000000001,-0.10369519999999999,0.0169180000000001,0.0,false,0.98,0.03,0.95,0.12,79184.3843863923,79176.2,23.2236425232082,23.239306761375264,1,585
1787928729000,1787928600000,171.0,okxUP+pmDOWN,0.0169180000000001,-0.12402080000000004,0.0169180000000001,-0.12402080000000004,0.0169180000000001,0.0,false,0.98,0.03,0.95,0.14,79184.3843863923,79176.2,24.38351873399102,23.302457051487696,1,87
1787928729500,1787928600000,170.5,okxUP+pmDOWN,0.0169180000000001,-0.12402080000000004,0.0169180000000001,-0.12402080000000004,0.0169180000000001,0.0,false,0.98,0.03,0.95,0.14,79184.3843863923,79176.2,24.38351873399102,23.340347225555522,12,88
1787928730000,1787928600000,170.0,okxUP+pmDOWN,0.0169180000000001,-0.12402080000000004,0.0169180000000001,-0.12402080000000004,0.0169180000000001,0.0,false,0.98,0.03,0.95,0.14,79184.3843863923,79176.2,23.96583373555869,23.36560734160013,3,88
1787928730500,1787928600000,169.5,okxUP+pmDOWN,0.0169180000000001,-0.12402080000000004,0.0169180000000001,-0.12402080000000004,0.0169180000000001,0.0,false,0.98,0.03,0.95,0.14,79184.3843863923,79176.2,23.96583373555869,23.36560734160013,4,89
1787928731000,1787928600000,169.0,okxUP+pmDOWN,0.0169180000000001,-0.10369519999999999,0.0169180000000001,-0.10369519999999999,0.0169180000000001,0.0,false,0.98,0.03,0.95,0.12,79184.3843863923,79176.2,23.806990150177956,23.403497515667954,0,87
1787928731501,1787928600000,168.499,okxUP+pmDOWN,0.0169180000000001,-0.12402080000000004,0.0169180000000001,-0.12402080000000004,0.0169180000000001,0.0,false,0.98,0.03,0.95,0.14,79184.3843863923,79176.2,23.806990150177956,23.36560734160013,8,87
1787928732000,1787928600000,168.0,okxUP+pmDOWN,0.0169180000000001,-0.10369519999999999,0.0169180000000001,-0.10369519999999999,0.0169180000000001,0.0,false,0.98,0.03,0.95,0.12,79184.3843863923,79176.2,23.81463044141521,23.441387689735784,13,486
1787928732500,1787928600000,167.5,okxUP+pmDOWN,0.0169180000000001,-0.10369519999999999,0.0169180000000001,-0.10369519999999999,0.0169180000000001,0.0,false,0.98,0.03,0.95,0.12,79184.3843863923,79176.2,23.81463044141521,23.441387689735784,8,386
1787928733000,1787928600000,167.0,okxUP+pmDOWN,0.0169180000000001,-0.10369519999999999,0.0169180000000001,-0.10369519999999999,0.0169180000000001,0.0,false,0.98,0.03,0.95,0.12,79184.3843863923,79176.2,23.826599902157763,23.58031832798203,10,886
1787928733500,1787928600000,166.5,okxUP+pmDOWN,0.0169180000000001,-0.10369519999999999,0.0169180000000001,-0.10369519999999999,0.0169180000000001,0.0,false,0.98,0.03,0.95,0.12,79184.3843863923,79176.2,23.875790595408123,23.58031832798203,4,1386
1787928734000,1787928600000,166.0,okxUP+pmDOWN,0.0062670000000000226,-0.0943601999999999,0.0062670000000000226,-0.0943601999999999,0.0062670000000000226,0.0,false,0.97,0.04,0.95,0.12,79184.3843863923,79176.2,23.875790595408123,23.58031832798203,0,1386
1787928734501,1787928600000,165.499,okxUP+pmDOWN,0.0062670000000000226,-0.15528419999999987,0.0062670000000000226,-0.15528419999999987,0.0062670000000000226,0.0,false,0.97,0.04,0.95,0.18,79184.3843863923,79176.2,23.875790595408123,20.59962463467631,1,80
1787928735000,1787928600000,165.0,okxUP+pmDOWN,0.0062670000000000226,-0.15528419999999987,0.0062670000000000226,-0.15528419999999987,0.0062670000000000226,0.0,false,0.97,0.04,0.95,0.18,79184.3843863923,79176.2,23.985644727282338,20.35965353224796,12,283
1787928735500,1787928600000,164.5,okxUP+pmDOWN,0.0062670000000000226,-0.15528419999999987,0.0062670000000000226,-0.15528419999999987,0.0062670000000000226,0.0,false,0.97,0.04,0.95,0.18,79184.3843863923,79176.2,23.985644727282338,20.35965353224796,13,283
1787928739000,1787928600000,161.0,okxUP+pmDOWN,0.014432799999999912,-0.10612999999999984,0.014432799999999912,-0.10612999999999984,0.014432799999999912,0.0,false,0.95,0.06,0.92,0.15,79184.3843863923,79176.2,19.811813517783992,17.341069664874407,5,83
1787928739500,1787928600000,160.5,okxUP+pmDOWN,0.014432799999999912,-0.10612999999999984,0.014432799999999912,-0.10612999999999984,0.014432799999999912,0.0,false,0.95,0.06,0.92,0.15,79184.3843863923,79176.2,16.75449602372148,17.341069664874407,9,83
1787928752500,1787928600000,147.5,okxUP+pmDOWN,0.004619800000000063,-0.1264291999999998,0.004619800000000063,-0.1264291999999998,0.004619800000000063,0.0,false,0.95,0.06,0.93,0.17,79184.3843863923,79176.2,14.450321773948477,13.514162084060615,2,179
1787928758001,1787928600000,141.999,okxUP+pmDOWN,0.005434199999999945,-0.18646319999999994,0.005434199999999945,-0.18646319999999994,0.005434199999999945,0.0,false,0.96,0.05,0.94,0.22,79184.3843863923,79176.2,15.49587036957164,14.789797944332493,2,90
1787928768000,1787928600000,132.0,okxUP+pmDOWN,0.0062670000000000226,-0.10452519999999987,0.0062670000000000226,-0.10452519999999987,0.0062670000000000226,0.0,false,0.97,0.04,0.95,0.13,79184.3843863923,79176.2,14.998168524698984,16.494855777368176,0,285
1787928768500,1787928600000,131.5,okxUP+pmDOWN,0.0062670000000000226,-0.10452519999999987,0.0062670000000000226,-0.10452519999999987,0.0062670000000000226,0.0,false,0.97,0.04,0.95,0.13,79184.3843863923,79176.2,14.95035657359438,16.570636125501995,1,289
1787928769000,1787928600000,131.0,okxUP+pmDOWN,0.0062670000000000226,-0.10452519999999987,0.0062670000000000226,-0.10452519999999987,0.0062670000000000226,0.0,false,0.97,0.04,0.95,0.13,79184.3843863923,79176.2,14.95035657359438,16.65904653166087,2,87
1787928769500,1787928600000,130.5,okxUP+pmDOWN,0.0062670000000000226,-0.13499379999999994,0.0062670000000000226,-0.13499379999999994,0.0062670000000000226,0.0,false,0.97,0.04,0.95,0.16,79184.3843863923,79176.2,14.95035657359438,17.429480071031445,10,88
1787928770000,1787928600000,130.0,okxUP+pmDOWN,0.0169180000000001,-0.14432880000000003,0.0169180000000001,-0.14432880000000003,0.0169180000000001,0.0,false,0.98,0.03,0.95,0.16,79184.3843863923,79176.2,15.277202401860713,17.15161879453711,0,381
1787928770500,1787928600000,129.5,okxUP+pmDOWN,0.0169180000000001,-0.11386019999999997,0.0169180000000001,-0.11386019999999997,0.0169180000000001,0.0,false,0.98,0.03,0.95,0.13,79184.3843863923,79176.2,17.33584711806027,17.366329780919013,8,88
1787928771000,1787928600000,129.0,okxUP+pmDOWN,0.0169180000000001,-0.12402080000000004,0.0169180000000001,-0.12402080000000004,0.0169180000000001,0.0,false,0.98,0.03,0.95,0.14,79184.3843863923,79176.2,17.33584711806027,17.757861579616833,0,76
1787928771500,1787928600000,128.5,okxUP+pmDOWN,0.027583000000000024,-0.1130161999999999,0.027583000000000024,-0.1130161999999999,0.027583000000000024,0.0,false,0.99,0.02,0.95,0.12,79184.3843863923,79176.2,17.33584711806027,19.0713876139547,6,88
1787928772001,1787928600000,127.99900000000001,okxUP+pmDOWN,0.027583000000000024,-0.1130161999999999,0.027583000000000024,-0.1130161999999999,0.027583000000000024,0.0,false,0.99,0.02,0.95,0.12,79184.3843863923,79176.2,17.612203191109877,19.058757555933315,34,488
1787928772500,1787928600000,127.5,okxUP+pmDOWN,0.0169180000000001,-0.10369519999999999,0.0169180000000001,-0.10369519999999999,0.0169180000000001,0.0,false,0.98,0.03,0.95,0.12,79184.3843863923,79176.2,17.69858427481196,19.134537904067134,5,88
1787928773000,1787928600000,127.0,okxUP+pmDOWN,0.027583000000000024,-0.1231812000000001,0.027583000000000024,-0.1231812000000001,0.027583000000000024,0.0,false,0.99,0.02,0.95,0.13,79184.3843863923,79176.2,17.69858427481196,19.197688194179566,10,83
1787928773500,1787928600000,126.5,okxUP+pmDOWN,0.0169180000000001,-0.11386019999999997,0.0169180000000001,-0.11386019999999997,0.0169180000000001,0.0,false,0.98,0.03,0.95,0.13,79184.3843863923,79176.2,17.69858427481196,19.197688194179566,0,83
1787928774001,1787928600000,125.99900000000001,okxUP+pmDOWN,0.0169180000000001,-0.14432880000000003,0.0169180000000001,-0.14432880000000003,0.0169180000000001,0.0,false,0.98,0.03,0.95,0.16,79184.3843863923,79176.2,19.17604500311196,17.896792217863084,0,89
1787928774500,1787928600000,125.5,okxUP+pmDOWN,0.0169180000000001,-0.14432880000000003,0.0169180000000001,-0.14432880000000003,0.0169180000000001,0.0,false,0.98,0.03,0.95,0.16,79184.3843863923,79176.2,19.38406831956419,17.896792217863084,1,89
1787928777500,1787928600000,122.5,okxUP+pmDOWN,0.027583000000000024,-0.1434979999999999,0.027583000000000024,-0.1434979999999999,0.027583000000000024,0.0,false,0.99,0.02,0.95,0.15,79184.3843863923,79176.2,18.812435721334246,17.909422275886303,2,84
1787928778000,1787928600000,122.0,okxUP+pmDOWN,0.027583000000000024,-0.1434979999999999,0.027583000000000024,-0.1434979999999999,0.027583000000000024,0.0,false,0.99,0.02,0.95,0.15,79184.3843863923,79176.2,18.812435721334246,17.909422275886303,8,84
1787928778500,1787928600000,121.5,okxUP+pmDOWN,0.027583000000000024,-0.1434979999999999,0.027583000000000024,-0.1434979999999999,0.027583000000000024,0.0,false,0.99,0.02,0.95,0.15,79184.3843863923,79176.2,18.631587401279265,17.909422275886303,16,88
1787928779000,1787928600000,121.0,okxUP+pmDOWN,0.027583000000000024,-0.13334179999999995,0.027583000000000024,-0.13334179999999995,0.027583000000000024,0.0,false,0.99,0.02,0.95,0.14,79184.3843863923,79176.2,18.631587401279265,17.909422275886303,33,87
1787928779500,1787928600000,120.5,okxUP+pmDOWN,0.027583000000000024,-0.13334179999999995,0.027583000000000024,-0.13334179999999995,0.027583000000000024,0.0,false,0.99,0.02,0.95,0.14,79184.3843863923,79176.2,18.631587401279265,17.707341347525784,16,81
1787928780005,1787928600000,119.995,okxUP+pmDOWN,0.027583000000000024,-0.13334179999999995,0.027583000000000024,-0.13334179999999995,0.027583000000000024,0.0,false,0.99,0.02,0.95,0.14,79184.3843863923,79176.2,18.445081172862206,17.719971405549007,25,194
1787928780500,1787928600000,119.5,okxUP+pmDOWN,0.027583000000000024,-0.1231812000000001,0.027583000000000024,-0.1231812000000001,0.027583000000000024,0.0,false,0.99,0.02,0.95,0.13,79184.3843863923,79176.2,18.445081172862206,17.74523152159361,22,186
1787928781001,1787928600000,118.99900000000001,okxUP+pmDOWN,0.027583000000000024,-0.13334179999999995,0.027583000000000024,-0.13334179999999995,0.027583000000000024,0.0,false,0.99,0.02,0.95,0.14,79184.3843863923,79176.2,18.445081172862206,17.707341347525784,14,81
1787928781502,1787928600000,118.498,okxUP+pmDOWN,0.027583000000000024,-0.1130161999999999,0.027583000000000024,-0.1130161999999999,0.027583000000000024,0.0,false,0.99,0.02,0.95,0.12,79184.3843863923,79176.2,18.445081172862206,17.707341347525784,10,485
1787928782011,1787928600000,117.989,okxUP+pmDOWN,0.027583000000000024,-0.1130161999999999,0.027583000000000024,-0.1130161999999999,0.027583000000000024,0.0,false,0.99,0.02,0.95,0.12,79184.3843863923,79176.2,18.445081172862206,17.808381811706045,0,994
1787928782501,1787928600000,117.49900000000001,okxUP+pmDOWN,0.027583000000000024,-0.1130161999999999,0.027583000000000024,-0.1130161999999999,0.027583000000000024,0.0,false,0.99,0.02,0.95,0.12,79184.3843863923,79176.2,18.445081172862206,17.99783268204334,7,1484
1787928783000,1787928600000,117.0,okxUP+pmDOWN,0.027583000000000024,-0.1130161999999999,0.027583000000000024,-0.1130161999999999,0.027583000000000024,0.0,false,0.99,0.02,0.95,0.12,79184.3843863923,79176.2,18.445081172862206,17.99783268204334,8,1484
1787929021534,1787928900000,178.466,okxUP+pmDOWN,0.009959200000000057,-0.14086579999999982,0.009959200000000057,-0.14086579999999982,0.009959200000000057,0.0,false,0.89,0.12,0.86,0.24,79508.07977368793,79498.8,12.437951729592763,13.25806175690629,6,0
1787929030000,1787928900000,170.0,okxUP+pmDOWN,0.00927800000000012,-0.1516248,0.00927800000000012,-0.1516248,0.00927800000000012,0.0,false,0.88,0.13,0.85,0.26,79508.07977368793,79498.8,12.940988154955653,12.578806220974405,0,90
1787929033000,1787928900000,167.0,okxUP+pmDOWN,0.014374200000000004,-0.18632819999999994,0.014374200000000004,-0.18632819999999994,0.014374200000000004,0.0,false,0.8,0.21,0.76,0.37,79508.07977368793,79498.8,11.568451714019158,8.754849129797087,0,192
1787929033500,1787928900000,166.5,okxUP+pmDOWN,0.024787199999999898,-0.1959012,0.024787199999999898,-0.1959012,0.024787199999999898,0.0,false,0.81,0.2,0.76,0.37,79508.07977368793,79498.8,11.568451714019158,8.754849129797087,0,192
1787929034022,1787928900000,165.978,okxUP+pmDOWN,0.0050248000000000514,-0.20595620000000014,0.0050248000000000514,-0.20595620000000014,0.0050248000000000514,0.0,false,0.81,0.2,0.78,0.38,79508.07977368793,79498.8,11.568451714019158,8.729691517355505,0,88
1787929034500,1787928900000,165.5,okxUP+pmDOWN,0.0050248000000000514,-0.20595620000000014,0.0050248000000000514,-0.20595620000000014,0.0050248000000000514,0.0,false,0.81,0.2,0.78,0.38,79508.07977368793,79498.8,10.234055333713876,8.729691517355505,1,88
1787929035000,1787928900000,165.0,okxUP+pmDOWN,0.016018199999999982,-0.18481380000000014,0.016018199999999982,-0.18481380000000014,0.016018199999999982,0.0,false,0.83,0.18,0.79,0.34,79508.07977368793,79498.8,10.234055333713876,8.905794804450244,6,91
1787929035500,1787928900000,164.5,okxUP+pmDOWN,0.016018199999999982,-0.18481380000000014,0.016018199999999982,-0.18481380000000014,0.016018199999999982,0.0,false,0.83,0.18,0.79,0.34,79508.07977368793,79498.8,10.234055333713876,8.905794804450244,1,91
1787929036000,1787928900000,164.0,okxUP+pmDOWN,0.025330799999999987,-0.19540080000000004,0.025330799999999987,-0.19540080000000004,0.025330799999999987,0.0,false,0.82,0.19,0.77,0.36,79508.07977368793,79498.8,10.234055333713876,8.729691517355505,0,91
1787929036500,1787928900000,163.5,okxUP+pmDOWN,0.025330799999999987,-0.19540080000000004,0.025330799999999987,-0.19540080000000004,0.025330799999999987,0.0,false,0.82,0.19,0.77,0.36,79508.07977368793,79498.8,8.904256622894234,8.729691517355505,0,91
1787929037000,1787928900000,163.0,okxUP+pmDOWN,0.005577199999999949,-0.18533699999999986,0.005577199999999949,-0.18533699999999986,0.005577199999999949,0.0,false,0.82,0.19,0.79,0.35,79508.07977368793,79498.8,8.904256622894234,8.213960462296653,0,90
1787929038500,1787928900000,161.5,okxUP+pmDOWN,0.014903800000000023,-0.1959012,0.014903800000000023,-0.1959012,0.014903800000000023,0.0,false,0.81,0.2,0.77,0.37,79508.07977368793,79498.8,8.863526170168708,8.000120756538623,3,91
1787929039000,1787928900000,161.0,okxUP+pmDOWN,0.0029991999999999797,-0.18767699999999987,0.0029991999999999797,-0.18767699999999987,0.0029991999999999797,0.0,false,0.77,0.24,0.74,0.4,79508.07977368793,79498.8,8.737941279276834,7.006395065082376,0,90
1787929039500,1787928900000,160.5,okxUP+pmDOWN,0.08186999999999989,-0.20816020000000002,0.08186999999999989,-0.20816020000000002,0.08186999999999989,0.0,false,0.76,0.25,0.65,0.43,79508.07977368793,79498.8,8.737941279276834,6.578715653569979,0,90
1787929040000,1787928900000,160.0,okxUP+pmDOWN,0.061197999999999975,-0.2089129999999999,0.061197999999999975,-0.2089129999999999,0.061197999999999975,0.0,false,0.74,0.27,0.65,0.45,79508.07977368793,79498.8,8.536090140028415,5.635305186996899,3,89
1787929040500,1787928900000,159.5,okxUP+pmDOWN,0.08186999999999989,-0.228213,0.08186999999999989,-0.228213,0.08186999999999989,0.0,false,0.76,0.25,0.65,0.45,79508.07977368793,79498.8,8.536090140028415,5.635305186996899,40,89
1787929041500,1787928900000,158.5,okxUP+pmDOWN,0.0029991999999999797,-0.20775619999999995,0.0029991999999999797,-0.20775619999999995,0.0029991999999999797,0.0,false,0.77,0.24,0.74,0.42,79508.07977368793,79498.8,8.414821920229569,6.151036242055751,0,192
1787929042000,1787928900000,158.0,okxUP+pmDOWN,0.023755199999999976,-0.22697220000000007,0.023755199999999976,-0.22697220000000007,0.023755199999999976,0.0,false,0.79,0.22,0.74,0.42,79508.07977368793,79498.8,8.414821920229569,6.151036242055751,2,192
1787929042500,1787928900000,157.5,okxUP+pmDOWN,0.023755199999999976,-0.22697220000000007,0.023755199999999976,-0.22697220000000007,0.023755199999999976,0.0,false,0.79,0.22,0.74,0.42,79508.07977368793,79498.8,6.718647568642359,6.151036242055751,5,192
1787929047500,1787928900000,152.5,okxUP+pmDOWN,0.014903800000000023,-0.21600680000000017,0.014903800000000023,-0.21600680000000017,0.014903800000000023,0.0,false,0.81,0.2,0.77,0.39,79508.07977368793,79498.8,8.682224256929,7.132183127292121,0,91
1787929049500,1787928900000,150.5,okxUP+pmDOWN,0.05446380000000006,-0.18584180000000017,0.05446380000000006,-0.18584180000000017,0.05446380000000006,0.0,false,0.81,0.2,0.73,0.36,79508.07977368793,79498.8,7.782502512611709,7.383759251711609,1,91
1787929050500,1787928900000,149.5,okxUP+pmDOWN,0.006148000000000042,-0.20494579999999996,0.006148000000000042,-0.20494579999999996,0.006148000000000042,0.0,false,0.83,0.18,0.8,0.36,79508.07977368793,79498.8,7.782502512611709,7.371180445489903,31,92
1787929061000,1787928900000,139.0,okxUP+pmDOWN,0.0296512000000001,-0.16108579999999995,0.0296512000000001,-0.16108579999999995,0.0296512000000001,0.0,false,0.89,0.12,0.84,0.26,79508.07977368793,79498.8,10.409538805858991,10.390093938523759,19,90
1787929061500,1787928900000,138.5,okxUP+pmDOWN,0.0296512000000001,-0.16108579999999995,0.0296512000000001,-0.16108579999999995,0.0296512000000001,0.0,false,0.89,0.12,0.84,0.26,79508.07977368793,79498.8,10.409538805858991,10.390093938523759,3,90
1787929062000,1787928900000,138.0,okxUP+pmDOWN,0.009959200000000057,-0.16108579999999995,0.009959200000000057,-0.16108579999999995,0.009959200000000057,0.0,false,0.89,0.12,0.86,0.26,79508.07977368793,79498.8,10.440999779110793,10.402672744745468,1,190
1787929062501,1787928900000,137.499,okxUP+pmDOWN,0.0592222,-0.16108579999999995,0.0592222,-0.16108579999999995,0.0592222,0.0,false,0.89,0.12,0.81,0.26,79508.07977368793,79498.8,10.440999779110793,10.050466170557815,1,92
1787929063001,1787928900000,136.999,okxUP+pmDOWN,0.048051999999999984,-0.1724467999999999,0.048051999999999984,-0.1724467999999999,0.048051999999999984,0.0,false,0.87,0.14,0.8,0.29,79508.07977368793,79498.8,10.440999779110793,9.13221331642632,5,84
1787929063501,1787928900000,136.499,okxUP+pmDOWN,0.048051999999999984,-0.1724467999999999,0.048051999999999984,-0.1724467999999999,0.048051999999999984,0.0,false,0.87,0.14,0.8,0.29,79508.07977368793,79498.8,10.440999779110793,9.13221331642632,0,84
1787929064500,1787928900000,135.5,okxUP+pmDOWN,0.08755919999999995,-0.2027041999999999,0.08755919999999995,-0.2027041999999999,0.08755919999999995,0.0,false,0.87,0.14,0.76,0.32,79508.07977368793,79498.8,10.714549070884184,8.993846447996699,3,79
1787929065000,1787928900000,135.0,okxUP+pmDOWN,0.07706219999999997,-0.19321520000000003,0.07706219999999997,-0.19321520000000003,0.07706219999999997,0.0,false,0.86,0.15,0.76,0.32,79508.07977368793,79498.8,10.668849986872,8.993846447996699,0,79
1787929065501,1787928900000,134.499,okxUP+pmDOWN,0.07706219999999997,-0.19321520000000003,0.07706219999999997,-0.19321520000000003,0.07706219999999997,0.0,false,0.86,0.15,0.76,0.32,79508.07977368793,79498.8,9.945036251857527,8.993846447996699,0,79
1787929067001,1787928900000,132.999,okxUP+pmDOWN,0.01720619999999995,-0.21392999999999973,0.01720619999999995,-0.21392999999999973,0.01720619999999995,0.0,false,0.85,0.16,0.81,0.35,79508.07977368793,79498.8,9.778733666968762,7.471810895258064,21,90
1787929067500,1787928900000,132.5,okxUP+pmDOWN,0.01720619999999995,-0.21392999999999973,0.01720619999999995,-0.21392999999999973,0.01720619999999995,0.0,false,0.85,0.16,0.81,0.35,79508.07977368793,79498.8,9.778733666968762,7.471810895258064,6,90
1787929068017,1787928900000,131.983,okxUP+pmDOWN,0.10673880000000002,-0.21336480000000013,0.10673880000000002,-0.21336480000000013,0.10673880000000002,0.0,false,0.86,0.15,0.73,0.34,79508.07977368793,79498.8,8.636905438933102,7.572441345026225,1,69
1787929068500,1787928900000,131.5,okxUP+pmDOWN,0.0962558,-0.2038618000000001,0.0962558,-0.2038618000000001,0.0962558,0.0,false,0.85,0.16,0.73,0.34,79508.07977368793,79498.8,8.636905438933102,7.572441345026225,1,69
1787929071000,1787928900000,129.0,okxUP+pmDOWN,0.07479179999999996,-0.194882,0.07479179999999996,-0.194882,0.07479179999999996,0.0,false,0.83,0.19,0.72,0.35,79508.07977368793,79498.8,7.747409643391761,6.754818940662889,3,90
1787929071500,1787928900000,128.5,okxUP+pmDOWN,0.08469720000000003,-0.19540080000000004,0.08469720000000003,-0.19540080000000004,0.08469720000000003,0.0,false,0.82,0.19,0.71,0.36,79508.07977368793,79498.8,7.747409643391761,6.427769978916822,4,191
1787929072001,1787928900000,127.99900000000001,okxUP+pmDOWN,0.08469720000000003,-0.16519620000000002,0.08469720000000003,-0.16519620000000002,0.08469720000000003,0.0,false,0.82,0.19,0.71,0.33,79508.07977368793,79498.8,7.686303181321862,6.239087885602206,12,87
1787929072501,1787928900000,127.49900000000001,okxUP+pmDOWN,0.1370422,-0.2127812,0.1370422,-0.2127812,0.1370422,0.0,false,0.87,0.14,0.71,0.33,79508.07977368793,79498.8,7.686303181321862,6.239087885602206,11,87
1787929073000,1787928900000,127.0,okxUP+pmDOWN,0.02589280000000005,-0.17474120000000015,0.02589280000000005,-0.17474120000000015,0.02589280000000005,0.0,false,0.83,0.18,0.78,0.33,79508.07977368793,79498.8,7.500001478448825,7.006395065082376,5,91
1787929073500,1787928900000,126.5,okxUP+pmDOWN,0.02589280000000005,-0.17474120000000015,0.02589280000000005,-0.17474120000000015,0.02589280000000005,0.0,false,0.83,0.18,0.78,0.33,79508.07977368793,79498.8,7.124180957242661,7.006395065082376,1,91
1787929074000,1787928900000,126.0,okxUP+pmDOWN,0.02589280000000005,-0.17474120000000015,0.02589280000000005,-0.17474120000000015,0.02589280000000005,0.0,false,0.83,0.18,0.78,0.33,79508.07977368793,79498.8,7.124180957242661,7.006395065082376,1,91
1787929074501,1787928900000,125.49900000000001,okxUP+pmDOWN,0.07427020000000006,-0.20595620000000014,0.07427020000000006,-0.20595620000000014,0.07427020000000006,0.0,false,0.81,0.2,0.71,0.38,79508.07977368793,79498.8,7.124180957242661,6.037826986067714,5,91
1787929075000,1787928900000,125.0,okxUP+pmDOWN,0.07427020000000006,-0.20595620000000014,0.07427020000000006,-0.20595620000000014,0.07427020000000006,0.0,false,0.81,0.2,0.71,0.38,79508.07977368793,79498.8,7.5637272629913905,6.037826986067714,6,91
1787929075500,1787928900000,124.5,okxUP+pmDOWN,0.08418000000000003,-0.21600680000000017,0.08418000000000003,-0.21600680000000017,0.08418000000000003,0.0,false,0.81,0.2,0.7,0.39,79508.07977368793,79498.8,7.393193639810963,6.037826986067714,0,92
1787929076000,1787928900000,124.0,okxUP+pmDOWN,0.08418000000000003,-0.21600680000000017,0.08418000000000003,-0.21600680000000017,0.08418000000000003,0.0,false,0.81,0.2,0.7,0.39,79508.07977368793,79498.8,7.393193639810963,6.037826986067714,1,92
1787929076500,1787928900000,123.5,okxUP+pmDOWN,0.08418000000000003,-0.24613220000000013,0.08418000000000003,-0.24613220000000013,0.08418000000000003,0.0,false,0.81,0.2,0.7,0.42,79508.07977368793,79498.8,7.35003665461754,5.396307868797288,1,90
1787929077501,1787928900000,122.49900000000001,okxUP+pmDOWN,0.06385720000000006,-0.23655920000000008,0.06385720000000006,-0.23655920000000008,0.06385720000000006,0.0,false,0.8,0.21,0.71,0.42,79508.07977368793,79498.8,7.35003665461754,5.232783387924254,4,92
1787929078000,1787928900000,122.0,okxUP+pmDOWN,0.05345820000000001,-0.22697220000000007,0.05345820000000001,-0.22697220000000007,0.05345820000000001,0.0,false,0.79,0.22,0.71,0.42,79508.07977368793,79498.8,6.603259623804043,5.232783387924254,11,92
1787929078501,1787928900000,121.49900000000001,okxUP+pmDOWN,0.03365180000000001,-0.18679620000000008,0.03365180000000001,-0.18679620000000008,0.03365180000000001,0.0,false,0.79,0.22,0.73,0.38,79508.07977368793,79498.8,6.264362604366818,5.044101294609638,9,191
1787929079000,1787928900000,121.0,okxUP+pmDOWN,0.03365180000000001,-0.18679620000000008,0.03365180000000001,-0.18679620000000008,0.03365180000000001,0.0,false,0.79,0.22,0.73,0.38,79508.07977368793,79498.8,6.264362604366818,5.044101294609638,2,191
1787929079501,1787928900000,120.49900000000001,okxUP+pmDOWN,0.03365180000000001,-0.18679620000000008,0.03365180000000001,-0.18679620000000008,0.03365180000000001,0.0,false,0.79,0.22,0.73,0.38,79508.07977368793,79498.8,5.8995437524504775,5.044101294609638,0,191
1787929082004,1787928900000,117.99600000000001,okxUP+pmDOWN,0.07706219999999997,-0.16295780000000004,0.07706219999999997,-0.16295780000000004,0.07706219999999997,0.0,false,0.86,0.15,0.76,0.29,79508.07977368793,79498.8,5.873680291631417,5.949775342521259,0,169
1787929082578,1787928900000,117.422,okxUP+pmDOWN,0.045655199999999896,-0.13440680000000005,0.045655199999999896,-0.13440680000000005,0.045655199999999896,0.0,false,0.83,0.18,0.76,0.29,79508.07977368793,79498.8,5.873680291631417,5.949775342521259,1,169
1787929083000,1787928900000,117.0,okxUP+pmDOWN,0.045655199999999896,-0.13440680000000005,0.045655199999999896,-0.13440680000000005,0.045655199999999896,0.0,false,0.83,0.18,0.76,0.29,79508.07977368793,79498.8,5.873680291631417,5.949775342521259,0,169
1787929084000,1787928900000,116.0,okxUP+pmDOWN,0.03634779999999993,-0.1439378,0.03634779999999993,-0.1439378,0.03634779999999993,0.0,false,0.84,0.17,0.78,0.29,79508.07977368793,79498.8,6.992794384447048,6.1887726607190405,3,289
1787929084500,1787928900000,115.5,okxUP+pmDOWN,0.03634779999999993,-0.1439378,0.03634779999999993,-0.1439378,0.03634779999999993,0.0,false,0.84,0.17,0.78,0.29,79508.07977368793,79498.8,6.992794384447048,6.1887726607190405,1,289
1787929085001,1787928900000,114.99900000000001,okxUP+pmDOWN,0.03634779999999993,-0.1439378,0.03634779999999993,-0.1439378,0.03634779999999993,0.0,false,0.84,0.17,0.78,0.29,79508.07977368793,79498.8,6.655104928827071,6.176193854497335,2,492
1787929085501,1787928900000,114.49900000000001,okxUP+pmDOWN,0.03634779999999993,-0.1439378,0.03634779999999993,-0.1439378,0.03634779999999993,0.0,false,0.84,0.17,0.78,0.29,79508.07977368793,79498.8,6.655104928827071,6.176193854497335,0,492
1787929086000,1787928900000,114.0,okxUP+pmDOWN,0.03634779999999993,-0.1439378,0.03634779999999993,-0.1439378,0.03634779999999993,0.0,false,0.84,0.17,0.78,0.29,79508.07977368793,79498.8,6.4579388897468615,6.176193854497335,3,89
1787929086500,1787928900000,113.5,okxUP+pmDOWN,0.14280479999999995,-0.206893,0.14280479999999995,-0.206893,0.14280479999999995,0.0,false,0.79,0.22,0.62,0.4,79508.07977368793,79498.8,6.4579388897468615,4.226478890246302,17,91
1787929087000,1787928900000,113.0,okxUP+pmDOWN,0.12204879999999996,-0.18767699999999987,0.12204879999999996,-0.18767699999999987,0.12204879999999996,0.0,false,0.77,0.24,0.62,0.4,79508.07977368793,79498.8,6.820632748199268,4.226478890246302,2,91
1787929087500,1787928900000,112.5,okxUP+pmDOWN,0.12204879999999996,-0.20775619999999995,0.12204879999999996,-0.20775619999999995,0.12204879999999996,0.0,false,0.77,0.24,0.62,0.42,79508.07977368793,79498.8,6.690685074565367,4.037796796931685,4,92
1787929088000,1787928900000,112.0,okxUP+pmDOWN,0.08229520000000001,-0.20775619999999995,0.08229520000000001,-0.20775619999999995,0.08229520000000001,0.0,false,0.77,0.24,0.66,0.42,79508.07977368793,79498.8,6.690685074565367,4.000060378270226,4,92
1787929088501,1787928900000,111.499,okxUP+pmDOWN,0.012895800000000013,-0.2378419999999999,0.012895800000000013,-0.2378419999999999,0.012895800000000013,0.0,false,0.77,0.24,0.73,0.45,79508.07977368793,79498.8,6.690685074565367,3.836535897397193,8,91
1787929089000,1787928900000,111.0,okxUP+pmDOWN,0.0008812000000000264,-0.22960979999999998,0.0008812000000000264,-0.22960979999999998,0.0008812000000000264,0.0,false,0.72,0.29,0.69,0.49,79508.07977368793,79498.8,6.690685074565367,2.930861849487402,8,90
1787929093500,1787928900000,106.5,okxUP+pmDOWN,0.007271799999999939,-0.22228519999999974,0.007271799999999939,-0.22228519999999974,0.007271799999999939,0.0,false,0.57,0.44,0.53,0.63,79508.07977368793,79498.8,0.8015544778949822,-0.9937256914580761,1,163
1787929094001,1787928900000,105.999,okxUP+pmDOWN,0.007271799999999939,-0.22228519999999974,0.007271799999999939,-0.22228519999999974,0.007271799999999939,0.0,false,0.57,0.44,0.53,0.63,79508.07977368793,79498.8,-0.1986953119342013,-0.9937256914580761,4,163
1787929099501,1787928900000,100.499,okxUP+pmDOWN,0.03734519999999997,-0.23218019999999995,0.03734519999999997,-0.23218019999999995,0.03734519999999997,0.0,false,0.58,0.43,0.51,0.63,79508.07977368793,79498.8,-0.3273304034030337,-1.2327230096558577,0,91
1787929100001,1787928900000,99.999,okxUP+pmDOWN,0.017260799999999965,-0.2123402000000001,0.017260799999999965,-0.2123402000000001,0.017260799999999965,0.0,false,0.57,0.44,0.52,0.62,79508.07977368793,79498.8,-0.3273304034030337,-1.2578806220974406,2,192
1787929100500,1787928900000,99.5,okxUP+pmDOWN,0.027351800000000037,-0.21228580000000008,0.027351800000000037,-0.21228580000000008,0.027351800000000037,0.0,false,0.58,0.43,0.52,0.61,79508.07977368793,79498.8,-0.3273304034030337,-1.2327230096558577,1,191
1787929101000,1787928900000,99.0,okxUP+pmDOWN,0.027351800000000037,-0.21228580000000008,0.027351800000000037,-0.21228580000000008,0.027351800000000037,0.0,false,0.58,0.43,0.52,0.61,79508.07977368793,79498.8,-0.3273304034030337,-1.2327230096558577,0,191
1787929119000,1787928900000,81.0,okxUP+pmDOWN,0.09030700000000014,-0.3095041999999999,0.09030700000000014,-0.3095041999999999,0.09030700000000014,0.0,false,0.72,0.29,0.6,0.57,79508.07977368793,79498.8,0.9278344259620839,-0.4151006052925214,21,92
1787929124500,1787928900000,75.5,okxUP+pmDOWN,0.019108799999999926,-0.25089780000000017,0.019108799999999926,-0.25089780000000017,0.019108799999999926,0.0,false,0.67,0.34,0.62,0.56,79508.07977368793,79498.8,-1.6020091969578965,-0.905674047909791,12,91
1787929125000,1787928900000,75.0,okxUP+pmDOWN,0.029058199999999923,-0.21096820000000016,0.029058199999999923,-0.21096820000000016,0.029058199999999923,0.0,false,0.67,0.34,0.61,0.52,79508.07977368793,79498.8,-1.6054428674492562,-0.6918343421535922,4,292
1787929125500,1787928900000,74.5,okxUP+pmDOWN,0.029639799999999883,-0.2504377999999998,0.029639799999999883,-0.2504377999999998,0.029639799999999883,0.0,false,0.69,0.32,0.63,0.54,79508.07977368793,79498.8,-1.2893730009156672,-0.616361504828844,0,91
1787929126000,1787928900000,74.0,okxUP+pmDOWN,0.0398987999999999,-0.2601648000000001,0.0398987999999999,-0.2601648000000001,0.0398987999999999,0.0,false,0.7,0.31,0.63,0.54,79508.07977368793,79498.8,-1.2893730009156672,-0.616361504828844,0,91
1787929126500,1787928900000,73.5,okxUP+pmDOWN,0.029639799999999883,-0.2504377999999998,0.029639799999999883,-0.2504377999999998,0.029639799999999883,0.0,false,0.69,0.32,0.63,0.54,79508.07977368793,79498.8,-1.2893730009156672,-0.5912038923854309,3,91
1787929127000,1787928900000,73.0,okxUP+pmDOWN,0.059201199999999954,-0.28059119999999993,0.059201199999999954,-0.28059119999999993,0.059201199999999954,0.0,false,0.68,0.33,0.59,0.58,79508.07977368793,79498.8,-0.38354719759285566,-0.4905734426191,0,92
1787929127502,1787928900000,72.498,okxUP+pmDOWN,0.059201199999999954,-0.2905538000000001,0.059201199999999954,-0.2905538000000001,0.059201199999999954,0.0,false,0.68,0.33,0.59,0.59,79508.07977368793,79498.8,-0.38354719759285566,-0.4905734426191,0,93
1787929128000,1787928900000,72.0,okxUP+pmDOWN,0.059201199999999954,-0.2905538000000001,0.059201199999999954,-0.2905538000000001,0.059201199999999954,0.0,false,0.68,0.33,0.59,0.59,79508.07977368793,79498.8,-0.3379803296536917,-0.5031522488389761,3,92
1787929128500,1787928900000,71.5,okxUP+pmDOWN,0.059201199999999954,-0.2905538000000001,0.059201199999999954,-0.2905538000000001,0.059201199999999954,0.0,false,0.68,0.33,0.59,0.59,79508.07977368793,79498.8,-0.3379803296536917,-0.5031522488389761,28,592
1787929129000,1787928900000,71.0,okxUP+pmDOWN,0.059201199999999954,-0.2905538000000001,0.059201199999999954,-0.2905538000000001,0.059201199999999954,0.0,false,0.68,0.33,0.59,0.59,79508.07977368793,79498.8,-0.13969379350219238,-0.5031522488389761,0,592
1787929129500,1787928900000,70.5,okxUP+pmDOWN,0.06916380000000011,-0.2905538000000001,0.06916380000000011,-0.2905538000000001,0.06916380000000011,0.0,false,0.68,0.33,0.58,0.59,79508.07977368793,79498.8,-0.13969379350219238,-0.45283702395581077,2,291
1787929130000,1787928900000,70.0,okxUP+pmDOWN,0.06916380000000011,-0.2905538000000001,0.06916380000000011,-0.2905538000000001,0.06916380000000011,0.0,false,0.68,0.33,0.58,0.59,79508.07977368793,79498.8,-0.2956604479852001,-0.45283702395581077,0,291
1787929130539,1787928900000,69.461,okxUP+pmDOWN,0.06916380000000011,-0.2905538000000001,0.06916380000000011,-0.2905538000000001,0.06916380000000011,0.0,false,0.68,0.33,0.58,0.59,79508.07977368793,79498.8,-0.29660004856564776,-0.46541583017568683,2,0
1787929131001,1787928900000,68.999,okxUP+pmDOWN,0.07006619999999997,-0.2399108000000001,0.07006619999999997,-0.2399108000000001,0.07006619999999997,0.0,false,0.71,0.3,0.61,0.51,79508.07977368793,79498.8,-0.29660004856564776,-0.25157612441948807,13,92
1787929131500,1787928900000,68.5,okxUP+pmDOWN,0.08035320000000001,-0.2095921999999999,0.08035320000000001,-0.2095921999999999,0.08035320000000001,0.0,false,0.72,0.29,0.61,0.47,79508.07977368793,79498.8,-0.29660004856564776,0.025157612441582718,0,89
1787929132000,1787928900000,68.0,okxUP+pmDOWN,0.11129820000000001,-0.24824819999999992,0.11129820000000001,-0.24824819999999992,0.11129820000000001,0.0,false,0.76,0.26,0.61,0.47,79508.07977368793,79498.8,-0.2586750085755102,0.025157612441582718,6,89
1787929145003,1787928900000,54.997,okxUP+pmDOWN,0.06279420000000002,-0.27881219999999995,0.06279420000000002,-0.27881219999999995,0.06279420000000002,0.0,false,0.94,0.07,0.86,0.33,79508.07977368793,79498.8,3.1313203520159276,2.717022143729373,7,70
1787929145500,1787928900000,54.5,okxUP+pmDOWN,0.06279420000000002,-0.27881219999999995,0.06279420000000002,-0.27881219999999995,0.06279420000000002,0.0,false,0.94,0.07,0.86,0.33,79508.07977368793,79498.8,3.055457320296851,2.717022143729373,0,70
1787929146000,1787928900000,54.0,okxUP+pmDOWN,0.08324700000000018,-0.28818920000000015,0.08324700000000018,-0.28818920000000015,0.08324700000000018,0.0,false,0.95,0.06,0.85,0.33,79508.07977368793,79498.8,3.055457320296851,2.6918645312877905,5,192
1787929146501,1787928900000,53.499,okxUP+pmDOWN,0.07340320000000011,-0.27811220000000003,0.07340320000000011,-0.27811220000000003,0.07340320000000011,0.0,false,0.95,0.06,0.86,0.32,79508.07977368793,79498.8,3.055457320296851,2.6918645312877905,1,92
1787929147002,1787928900000,52.998,okxUP+pmDOWN,0.07340320000000011,-0.28818920000000015,0.07340320000000011,-0.28818920000000015,0.07340320000000011,0.0,false,0.95,0.06,0.86,0.33,79508.07977368793,79498.8,3.003003548710346,2.6918645312877905,6,91
1787929147500,1787928900000,52.5,okxUP+pmDOWN,0.07340320000000011,-0.28818920000000015,0.07340320000000011,-0.28818920000000015,0.07340320000000011,0.0,false,0.95,0.06,0.86,0.33,79508.07977368793,79498.8,3.003003548710346,2.6918645312877905,12,91
1787929148000,1787928900000,52.0,okxUP+pmDOWN,0.07418679999999989,-0.28747520000000004,0.07418679999999989,-0.28747520000000004,0.07418679999999989,0.0,false,0.96,0.05,0.87,0.32,79508.07977368793,79498.8,3.1082253327374736,2.7421797561727863,7,91
1787929148500,1787928900000,51.5,okxUP+pmDOWN,0.08402619999999994,-0.2773938,0.08402619999999994,-0.2773938,0.08402619999999994,0.0,false,0.96,0.05,0.86,0.31,79508.07977368793,79498.8,2.7146012165160522,2.7044433375094967,2,91
1787929149000,1787928900000,51.0,okxUP+pmDOWN,0.054521199999999936,-0.2673080000000001,0.054521199999999936,-0.2673080000000001,0.054521199999999936,0.0,false,0.96,0.05,0.89,0.3,79508.07977368793,79498.8,2.7146012165160522,2.7044433375094967,4,89
1787929149500,1787928900000,50.5,okxUP+pmDOWN,0.07418679999999989,-0.2773938,0.07418679999999989,-0.2773938,0.07418679999999989,0.0,false,0.96,0.05,0.87,0.31,79508.07977368793,79498.8,2.7146012165160522,2.7044433375094967,0,190
1787929150000,1787928900000,50.0,okxUP+pmDOWN,0.045510199999999945,-0.23626980000000009,0.045510199999999945,-0.23626980000000009,0.045510199999999945,0.0,false,0.97,0.04,0.91,0.26,79508.07977368793,79498.8,2.757199411598848,2.7044433375094967,6,91
1787929150500,1787928900000,49.5,okxUP+pmDOWN,0.045510199999999945,-0.23626980000000009,0.045510199999999945,-0.23626980000000009,0.045510199999999945,0.0,false,0.97,0.04,0.91,0.26,79508.07977368793,79498.8,2.8235859582387386,2.7044433375094967,15,91
1787929151000,1787928900000,49.0,okxUP+pmDOWN,0.045510199999999945,-0.23626980000000009,0.045510199999999945,-0.23626980000000009,0.045510199999999945,0.0,false,0.97,0.04,0.91,0.26,79508.07977368793,79498.8,2.8235859582387386,2.7044433375094967,0,91
1787929151501,1787928900000,48.499,okxUP+pmDOWN,0.08563980000000004,-0.25570819999999994,0.08563980000000004,-0.25570819999999994,0.08563980000000004,0.0,false,0.98,0.03,0.88,0.27,79508.07977368793,79498.8,2.8235859582387386,2.7044433375094967,10,92
1787929152000,1787928900000,48.0,okxUP+pmDOWN,0.09630479999999997,-0.2650292000000001,0.09630479999999997,-0.2650292000000001,0.09630479999999997,0.0,false,0.99,0.02,0.88,0.27,79508.07977368793,79498.8,3.01647864607628,2.7044433375094967,4,92
