venue,window_start_ms,side,tau_s,ask,model_p,sigma,pnl,won
binance_eth,1787887500000,UP,272.5,0.46,0.5437799498612694,0.8735608299872473,-0.4654648,false
binance_eth,1787887500000,DOWN,266.0,0.45,0.49319354315735486,0.8735608299872473,0.544555,true
binance_eth,1787887800000,DOWN,267.0,0.3,0.3721720288435926,0.8735608299872473,0.69538,true
binance_eth,1787887800000,UP,235.0,0.67,0.7246611073689986,0.8735608299872473,-0.6748642,false
binance_eth,1787888100000,UP,276.0,0.3,0.39829971697580835,0.8735608299872473,-0.30462,false
binance_eth,1787888400000,UP,261.5,0.43,0.4912369027340522,0.8735608299872473,-0.4353922,false
binance_eth,1787888400000,DOWN,211.0,0.36,0.4408015297131881,0.8735608299872473,0.6349312,true
binance_eth,1787888700000,UP,258.999,0.49,0.5500100409689528,0.8735608299872473,0.5045022,true
binance_eth,1787888700000,DOWN,237.0,0.38,0.47120087995198556,0.8735608299872473,-0.3851832,false
binance_eth,1787889000000,DOWN,280.0,0.29,0.3624934696435691,0.8735608299872473,-0.29452979999999995,false
binance_eth,1787889000000,UP,268.5,0.53,0.6011660961027305,0.8735608299872473,0.4645198,true
binance_eth,1787889300000,UP,279.0,0.43,0.5135724548331021,0.8735608299872473,-0.4353922,false
binance_eth,1787889600000,UP,278.0,0.42,0.4942887134032022,0.8735608299872473,-0.4253592,false
binance_eth,1787889600000,DOWN,238.165,0.4,0.45241976315243804,0.8735608299872473,0.59472,true
binance_eth,1787889900000,UP,280.0,0.48,0.533640924441424,0.8735608299872473,-0.48549119999999996,false
binance_eth,1787889900000,DOWN,261.0,0.39,0.43400043059647253,0.8735608299872473,0.6047662,true
binance_eth,1787890200000,DOWN,274.499,0.4,0.48509340747391094,0.8735608299872473,-0.40528000000000003,false
binance_eth,1787890200000,UP,253.999,0.78,0.8244542754776045,0.8735608299872473,0.21622479999999997,true
binance_eth,1787890500000,UP,280.0,0.56,0.6357960547314572,0.8735608299872473,0.43457919999999994,true
binance_eth,1787890500000,DOWN,265.999,0.32,0.36890945454256574,0.8735608299872473,-0.3247872,false
binance_eth,1787890800000,UP,277.0,0.34,0.39461818868952986,0.8735608299872473,-0.34493680000000004,false
binance_eth,1787890800000,DOWN,239.0,0.53,0.6061159851738767,0.8735608299872473,0.4645198,true
binance_eth,1787891100000,DOWN,251.0,0.42,0.4624648120362528,0.8735608299872473,-0.4253592,false
binance_eth,1787891400000,DOWN,279.5,0.4,0.46000182540803525,0.8735608299872473,0.59472,true
binance_eth,1787891400000,UP,177.919,0.41,0.5375641969687524,0.8735608299872473,-0.41532179999999996,false
binance_eth,1787891700000,UP,279.988,0.39,0.5389549966495116,0.8735608299872473,-0.3952338,false
binance_eth,1787891700000,DOWN,198.5,0.66,0.7475600811167893,0.8735608299872473,0.33506319999999995,true
binance_eth,1787892000000,DOWN,280.0,0.25,0.3313600169388212,0.8735608299872473,-0.254125,false
binance_eth,1787892300000,DOWN,238.499,0.41,0.4748756032566511,0.8735608299872473,0.5846782,true
binance_eth,1787892300000,UP,185.5,0.58,0.6367188381935752,0.8735608299872473,-0.5853592,false
binance_eth,1787892600000,DOWN,275.5,0.42,0.4617278987599407,0.8735608299872473,-0.4253592,false
binance_eth,1787892900000,DOWN,271.5,0.4,0.4417586845060353,0.8735608299872473,0.59472,true
binance_eth,1787892900000,UP,195.5,0.48,0.5231871412825291,0.8735608299872473,-0.48549119999999996,false
binance_eth,1787893200000,UP,266.0,0.31,0.4202727292318268,0.8735608299872473,0.6852942,true
binance_eth,1787893200000,DOWN,84.5,0.66,0.7068154698961986,0.8735608299872473,-0.6649368,false
binance_eth,1787893500000,UP,276.5,0.46,0.5243974181198321,0.8735608299872473,-0.4654648,false
binance_eth,1787893800000,DOWN,279.999,0.32,0.3564855656249405,0.8735608299872473,-0.3247872,false
binance_eth,1787893800000,UP,228.5,0.62,0.6572670680531155,0.8735608299872473,0.3748168,true
binance_eth,1787894100000,UP,252.0,0.51,0.5606488468339411,0.8735608299872473,-0.5154978,false
binance_eth,1787894100000,DOWN,166.0,0.52,0.5664598559239216,0.8735608299872473,0.4745088,true
binance_eth,1787894400000,UP,279.5,0.47,0.5165446604134712,0.8735608299872473,0.5245198,true
binance_eth,1787894400000,DOWN,42.999,0.4,0.43841090596633636,0.8735608299872473,-0.40528000000000003,false
binance_eth,1787894700000,DOWN,280.0,0.26,0.41754926671738,0.8735608299872473,-0.2642328,false
binance_eth,1787894700000,UP,130.5,0.64,0.6853838316575332,0.8735608299872473,0.3549312,true
binance_eth,1787895000000,UP,277.0,0.41,0.4774595515121557,0.8735608299872473,0.5846782,true
binance_eth,1787895000000,DOWN,246.0,0.48,0.5246972477512503,0.8735608299872473,-0.48549119999999996,false
binance_eth,1787895300000,DOWN,254.999,0.25,0.5086664355250771,0.8735608299872473,-0.254125,false
binance_eth,1787895300000,UP,165.5,0.65,0.7037584167099485,0.8735608299872473,0.344995,true
binance_eth,1787895600000,UP,274.0,0.42,0.49392852924762504,0.8735608299872473,0.5746408000000001,true
binance_eth,1787895600000,DOWN,105.988,0.4,0.4644418355361205,0.8735608299872473,-0.40528000000000003,false
binance_eth,1787895900000,UP,279.5,0.54,0.578113977212013,0.8735608299872473,0.4545352,true
binance_eth,1787895900000,DOWN,199.0,0.33,0.4381244382904318,0.8735608299872473,-0.3348642,false
binance_eth,1787896200000,DOWN,280.0,0.3,0.33607303059225435,0.8735608299872473,0.69538,true
binance_eth,1787896200000,UP,256.997,0.51,0.6150368921909788,0.8735608299872473,-0.5154978,false
binance_eth,1787896500000,UP,280.0,0.33,0.4589633475800183,0.8735608299872473,-0.3348642,false
binance_eth,1787896800000,DOWN,280.0,0.19,0.2938863364469878,0.8735608299872473,-0.1933858,false
binance_eth,1787896800000,UP,165.0,0.89,0.9439731317778308,0.8735608299872473,0.10784619999999999,true
binance_eth,1787897100000,UP,279.5,0.51,0.555150933692403,0.8735608299872473,0.4845022,true
binance_eth,1787897100000,DOWN,139.498,0.37,0.4472657043924163,0.8735608299872473,-0.3751282,false
binance_eth,1787897400000,UP,279.999,0.5,0.5357610462614132,0.8735608299872473,0.4945,true
binance_eth,1787897400000,DOWN,255.999,0.41,0.462113722937048,0.8735608299872473,-0.41532179999999996,false
binance_eth,1787897700000,UP,280.0,0.47,0.5201315289680205,0.8735608299872473,-0.47548019999999996,false
binance_eth,1787898000000,UP,280.0,0.38,0.46919257523611,0.8735608299872473,0.6148167999999999,true
binance_eth,1787898000000,DOWN,159.0,0.44,0.5259042879927844,0.8735608299872473,-0.4454208,false
binance_eth,1787898300000,UP,269.5,0.51,0.5487030834057707,0.8735608299872473,-0.5154978,false
binance_eth,1787898600000,UP,279.999,0.48,0.5284670762765792,0.8735608299872473,0.5145088,true
binance_eth,1787898600000,DOWN,50.999,0.15,0.3940454553856657,0.8735608299872473,-0.152805,false
binance_eth,1787898900000,UP,279.999,0.37,0.46716157037775397,0.8735608299872473,-0.3751282,false
binance_eth,1787898900000,DOWN,223.5,0.34,0.42112144179650013,0.8735608299872473,0.6550632,true
binance_eth,1787899200000,UP,280.0,0.22,0.4484093480274337,0.8735608299872473,-0.2237752,false
binance_eth,1787899500000,DOWN,280.0,0.44,0.48232652835847534,0.8735608299872473,-0.4454208,false
binance_eth,1787899800000,DOWN,278.5,0.43,0.4725336445499284,0.8735608299872473,0.5646078000000001,true
binance_eth,1787899800000,UP,267.5,0.5,0.5394071232144738,0.8735608299872473,-0.5055,false
binance_eth,1787900100000,UP,280.0,0.42,0.4748575419907335,0.8735608299872473,-0.4253592,false
binance_eth,1787900100000,DOWN,81.499,0.38,0.5198258130264228,0.8735608299872473,0.6148167999999999,true
binance_eth,1787900400000,UP,274.5,0.5,0.5649420040629392,0.8735608299872473,-0.5055,false
binance_eth,1787900700000,UP,280.0,0.31,0.44853549294030864,0.8735608299872473,-0.3147058,false
binance_eth,1787901000000,DOWN,279.999,0.25,0.3610570993741091,0.8735608299872473,-0.254125,false
binance_eth,1787901000000,UP,126.99900000000001,0.48,0.5642858011402437,0.8735608299872473,0.5145088,true
binance_eth,1787901300000,DOWN,279.999,0.25,0.34918059455311345,0.8735608299872473,-0.254125,false
binance_eth,1787901300000,UP,132.0,0.57,0.6251223903237293,0.8735608299872473,0.42460780000000004,true
binance_eth,1787901600000,UP,271.5,0.43,0.48393095213380366,0.8735608299872473,-0.4353922,false
binance_eth,1787901600000,DOWN,256.5,0.43,0.5059676628050951,0.8735608299872473,0.5646078000000001,true
binance_eth,1787901900000,DOWN,280.0,0.4,0.48622432820972317,0.8735608299872473,-0.40528000000000003,false
binance_eth,1787902200000,DOWN,279.5,0.4,0.44033492600398605,0.8735608299872473,0.59472,true
binance_eth,1787902200000,UP,271.498,0.47,0.5754983766956088,0.8735608299872473,-0.47548019999999996,false
binance_eth,1787902500000,UP,266.0,0.43,0.49301606443711526,0.8735608299872473,-0.4353922,false
binance_eth,1787902500000,DOWN,262.0,0.42,0.5066394742362588,0.8735608299872473,0.5746408000000001,true
binance_eth,1787902800000,DOWN,280.0,0.37,0.41769965693594413,0.8735608299872473,0.6248718,true
binance_eth,1787902800000,UP,157.0,0.48,0.5632013156686853,0.8735608299872473,-0.48549119999999996,false
binance_eth,1787903100000,DOWN,231.499,0.37,0.4112149788677688,0.8735608299872473,-0.3751282,false
binance_eth,1787903100000,UP,209.5,0.54,0.5803410344640754,0.8735608299872473,0.4545352,true
binance_eth,1787903400000,UP,276.5,0.5,0.5356640572464383,0.8735608299872473,-0.5055,false
binance_eth,1787903400000,DOWN,232.487,0.43,0.5179616064501639,0.8735608299872473,0.5646078000000001,true
binance_eth,1787903700000,UP,280.0,0.51,0.5647878510439359,0.8735608299872473,0.4845022,true
binance_eth,1787903700000,DOWN,253.5,0.41,0.4636126642130274,0.8735608299872473,-0.41532179999999996,false
binance_eth,1787904000000,DOWN,279.999,0.26,0.36779355143083003,0.8735608299872473,-0.2642328,false
binance_eth,1787904300000,UP,279.999,0.42,0.4858489614047531,0.8735608299872473,-0.4253592,false
binance_eth,1787904600000,DOWN,279.999,0.36,0.40442875519080135,0.8735608299872473,0.6349312,true
binance_eth,1787904600000,UP,253.0,0.48,0.6036037457068486,0.8735608299872473,-0.48549119999999996,false
binance_eth,1787904900000,DOWN,280.0,0.31,0.4196559482912692,0.8735608299872473,-0.3147058,false
binance_eth,1787905200000,UP,280.0,0.41,0.49086484371236977,0.8735608299872473,-0.41532179999999996,false
binance_eth,1787905500000,UP,277.0,0.48,0.5335290674107007,0.8735608299872473,-0.48549119999999996,false
binance_eth,1787905800000,UP,241.5,0.49,0.5431553360789761,0.8735608299872473,-0.4954978,false
binance_eth,1787905800000,DOWN,234.5,0.35,0.4632184065270921,0.8735608299872473,0.644995,true
binance_eth,1787906100000,UP,280.0,0.44,0.5485828606509906,0.8735608299872473,-0.4454208,false
binance_eth,1787906400000,UP,274.0,0.44,0.5055230087622706,0.8735608299872473,-0.4454208,false
binance_eth,1787906400000,DOWN,190.5,0.35,0.4734750746889037,0.8735608299872473,0.644995,true
binance_eth,1787906700000,UP,276.0,0.47,0.5972875132844606,0.8735608299872473,-0.47548019999999996,false
binance_eth,1787907000000,UP,276.5,0.47,0.5300173990555495,0.8735608299872473,0.5245198,true
binance_eth,1787907000000,DOWN,269.0,0.45,0.48740456886452754,0.8735608299872473,-0.455445,false
binance_eth,1787907300000,UP,279.999,0.33,0.4234172156948648,0.8735608299872473,-0.3348642,false
binance_eth,1787907600000,UP,270.5,0.5,0.547395554947599,0.8735608299872473,-0.5055,false
binance_eth,1787907600000,DOWN,91.999,0.8,0.8364028005006812,0.8735608299872473,0.19647999999999996,true
binance_eth,1787907900000,DOWN,279.0,0.4,0.4377954617378401,0.8735608299872473,-0.40528000000000003,false
binance_eth,1787907900000,UP,276.0,0.55,0.5918047419166638,0.8735608299872473,0.444555,true
binance_eth,1787908200000,UP,280.0,0.36,0.46453469463748387,0.8735608299872473,-0.36506879999999997,false
binance_eth,1787908200000,DOWN,231.97400000000002,0.38,0.47178951037442285,0.8735608299872473,0.6148167999999999,true
binance_eth,1787908500000,DOWN,280.0,0.37,0.4551509058467429,0.8735608299872473,-0.3751282,false
binance_eth,1787908800000,UP,279.999,0.39,0.4627042415118504,0.8735608299872473,0.6047662,true
binance_eth,1787909100000,UP,272.999,0.48,0.5184681961007985,0.8735608299872473,-0.48549119999999996,false
binance_eth,1787909400000,UP,273.999,0.46,0.5063757453898338,0.8735608299872473,-0.4654648,false
binance_eth,1787909400000,DOWN,243.5,0.42,0.4597077073934549,0.8735608299872473,0.5746408000000001,true
binance_eth,1787909700000,UP,277.5,0.49,0.5268674236618257,0.8735608299872473,0.5045022,true
binance_eth,1787909700000,DOWN,173.496,0.38,0.48720140556715263,0.8735608299872473,-0.3851832,false
binance_eth,1787910000000,UP,267.999,0.4,0.5194794090959639,0.8735608299872473,-0.40528000000000003,false
binance_eth,1787910000000,DOWN,263.499,0.44,0.5094322488051937,0.8735608299872473,0.5545792,true
binance_eth,1787910300000,DOWN,279.976,0.37,0.4096141514611048,0.8735608299872473,0.6248718,true
binance_eth,1787910300000,UP,188.5,0.61,0.6550142582386425,0.8735608299872473,-0.6152337999999999,false
binance_eth,1787910600000,DOWN,265.0,0.42,0.4827882474029205,0.8735608299872473,-0.4253592,false
binance_eth,1787910600000,UP,239.98600000000002,0.48,0.5384318766010118,0.8735608299872473,0.5145088,true
binance_eth,1787910900000,UP,280.0,0.35,0.45162278446989246,0.8735608299872473,-0.35500499999999996,false
binance_eth,1787911200000,DOWN,274.998,0.41,0.446646805987827,0.8735608299872473,0.5846782,true
binance_eth,1787911200000,UP,207.499,0.5,0.5528015508567696,0.8735608299872473,-0.5055,false
binance_eth,1787911500000,UP,279.999,0.43,0.49046531258314285,0.8735608299872473,-0.4353922,false
binance_eth,1787911500000,DOWN,270.0,0.42,0.47958826055449355,0.8735608299872473,0.5746408000000001,true
binance_eth,1787911800000,DOWN,279.999,0.21,0.27811415098209036,0.8735608299872473,-0.2136498,false
binance_eth,1787912100000,UP,279.0,0.48,0.5305445233851163,0.8735608299872473,-0.48549119999999996,false
binance_eth,1787912400000,UP,279.96,0.43,0.48298890102477304,0.8735608299872473,-0.4353922,false
binance_eth,1787912700000,DOWN,280.0,0.4,0.47834701310227024,0.8735608299872473,-0.40528000000000003,false
binance_eth,1787913000000,DOWN,280.0,0.28,0.3937672806390028,0.8735608299872473,-0.2844352,false
binance_eth,1787913300000,UP,278.0,0.21,0.3583645354100804,0.8735608299872473,0.7863502,true
binance_eth,1787913300000,DOWN,185.5,0.51,0.5498520796137398,0.8735608299872473,-0.5154978,false
binance_eth,1787913600000,UP,276.0,0.46,0.5103058805333989,0.8735608299872473,-0.4654648,false
binance_eth,1787913600000,DOWN,257.0,0.45,0.49388189879632804,0.8735608299872473,0.544555,true
binance_eth,1787913900000,DOWN,276.497,0.47,0.5076840276242145,0.8735608299872473,-0.47548019999999996,false
binance_eth,1787914200000,UP,248.5,0.4,0.5275584781444407,0.8735608299872473,0.59472,true
binance_eth,1787914200000,DOWN,226.0,0.44,0.4905578086608965,0.8735608299872473,-0.4454208,false
binance_eth,1787914500000,DOWN,267.985,0.24,0.4772560666079322,0.8735608299872473,-0.2440128,false
binance_eth,1787914500000,UP,247.0,0.58,0.6761860322199448,0.8735608299872473,0.41464080000000003,true
binance_eth,1787914800000,UP,273.5,0.43,0.4890583516386111,0.8735608299872473,0.5646078000000001,true
binance_eth,1787914800000,DOWN,264.0,0.48,0.5671987515405605,0.8735608299872473,-0.48549119999999996,false
binance_eth,1787915700000,DOWN,261.0,0.39,0.47178096392109636,0.8735608299872473,-0.3952338,false
binance_eth,1787915700000,UP,193.5,0.48,0.532907757933536,0.8735608299872473,0.5145088,true
binance_eth,1787916000000,UP,280.0,0.35,0.43984775836411266,0.8735608299872473,-0.35500499999999996,false
binance_eth,1787916300000,UP,280.0,0.29,0.3992145657528981,0.8735608299872473,-0.29452979999999995,false
binance_eth,1787916600000,DOWN,280.0,0.36,0.44793238217053455,0.8735608299872473,-0.36506879999999997,false
binance_eth,1787916600000,UP,276.5,0.51,0.5594722462017353,0.8735608299872473,0.4845022,true
binance_eth,1787916900000,UP,271.0,0.26,0.3705462684148664,0.8735608299872473,-0.2642328,false
binance_eth,1787917200000,DOWN,271.999,0.42,0.4813366112704227,0.8735608299872473,-0.4253592,false
binance_eth,1787917500000,DOWN,276.999,0.45,0.4920491540851266,0.8735608299872473,-0.455445,false
binance_eth,1787917800000,UP,276.999,0.38,0.4509238322383364,0.8735608299872473,-0.3851832,false
binance_eth,1787918100000,UP,272.0,0.36,0.4078684821152579,0.8735608299872473,0.6349312,true
binance_eth,1787918100000,DOWN,66.5,0.42,0.5159934236634812,0.8735608299872473,-0.4253592,false
binance_eth,1787918400000,DOWN,278.5,0.45,0.49302169976817367,0.8735608299872473,0.544555,true
binance_eth,1787918400000,UP,271.999,0.45,0.5248547043930243,0.8735608299872473,-0.455445,false
binance_eth,1787918700000,DOWN,278.496,0.43,0.4885921817415181,0.8735608299872473,0.5646078000000001,true
binance_eth,1787918700000,UP,199.994,0.62,0.7172497458778757,0.8735608299872473,-0.6251832,false
binance_eth,1787919000000,UP,279.999,0.37,0.4340949060058212,0.8735608299872473,-0.3751282,false
binance_eth,1787919300000,DOWN,280.0,0.17,0.3009854856044951,0.8735608299872473,-0.1731042,false
binance_eth,1787919600000,DOWN,279.999,0.36,0.416315403566643,0.8735608299872473,0.6349312,true
binance_eth,1787919600000,UP,275.0,0.49,0.5748009444369313,0.8735608299872473,-0.4954978,false
binance_eth,1787919900000,DOWN,275.5,0.46,0.5445410494261234,0.8735608299872473,0.5345352,true
binance_eth,1787919900000,UP,224.5,0.37,0.4415938681315641,0.8735608299872473,-0.3751282,false
binance_eth,1787920200000,UP,261.0,0.36,0.4328107224407638,0.8735608299872473,-0.36506879999999997,false
binance_eth,1787920200000,DOWN,205.0,0.58,0.6364352291387079,0.8735608299872473,0.41464080000000003,true
binance_eth,1787920500000,DOWN,279.999,0.42,0.460802896869144,0.8735608299872473,0.5746408000000001,true
binance_eth,1787920500000,UP,269.0,0.49,0.5551246903189999,0.8735608299872473,-0.4954978,false
binance_eth,1787920800000,UP,273.5,0.45,0.48821938221776684,0.8735608299872473,0.544555,true
binance_eth,1787920800000,DOWN,143.5,0.55,0.6187311696699521,0.8735608299872473,-0.5554450000000001,false
binance_eth,1787921100000,UP,238.49800000000002,0.43,0.47179256554943966,0.8735608299872473,-0.4353922,false
binance_eth,1787921100000,DOWN,184.5,0.59,0.6653364354788336,0.8735608299872473,0.40467820000000004,true
binance_eth,1787921400000,UP,259.5,0.42,0.47602186481897363,0.8735608299872473,0.5746408000000001,true
binance_eth,1787921400000,DOWN,241.478,0.53,0.5724450580129172,0.8735608299872473,-0.5354802000000001,false
binance_eth,1787921700000,DOWN,280.0,0.36,0.42045474094366597,0.8735608299872473,-0.36506879999999997,false
binance_eth,1787921700000,UP,248.499,0.49,0.5927838416550419,0.8735608299872473,0.5045022,true
binance_eth,1787922000000,UP,279.5,0.23,0.355143846672884,0.8735608299872473,0.7661038,true
binance_eth,1787922000000,DOWN,219.5,0.49,0.5851881502615937,0.8735608299872473,-0.4954978,false
binance_eth,1787922300000,UP,214.5,0.21,0.33530194890034604,0.8735608299872473,-0.2136498,false
binance_eth,1787922600000,DOWN,254.0,0.4,0.48288839793459337,0.8735608299872473,-0.40528000000000003,false
binance_eth,1787922900000,UP,279.998,0.27,0.3822178988116266,0.8735608299872473,-0.27433620000000003,false
binance_eth,1787922900000,DOWN,115.99900000000001,0.59,0.6531363976506093,0.8735608299872473,0.40467820000000004,true
binance_eth,1787923200000,UP,262.0,0.41,0.45970214780767665,0.8735608299872473,-0.41532179999999996,false
binance_eth,1787923200000,DOWN,237.457,0.49,0.5454076359989998,0.8735608299872473,0.5045022,true
binance_eth,1787923500000,DOWN,280.0,0.34,0.3952284878813239,0.8735608299872473,-0.34493680000000004,false
binance_eth,1787923500000,UP,193.5,0.55,0.6109343115402468,0.8735608299872473,0.444555,true
binance_eth,1787923800000,DOWN,230.999,0.33,0.3806171076028717,0.8735608299872473,-0.3348642,false
binance_eth,1787923800000,UP,208.0,0.83,0.8776757902582026,0.8735608299872473,0.16689580000000004,true
binance_eth,1787924100000,UP,275.0,0.56,0.5977209859789596,0.8735608299872473,-0.5654208000000001,false
binance_eth,1787924100000,DOWN,269.5,0.43,0.48750356051213106,0.8735608299872473,0.5646078000000001,true
binance_eth,1787924400000,DOWN,279.499,0.61,0.6581150433814333,0.8735608299872473,0.3847662,true
binance_eth,1787924400000,UP,274.0,0.33,0.4202997632480388,0.8735608299872473,-0.3348642,false
binance_eth,1787924700000,UP,275.999,0.41,0.447666561114249,0.8735608299872473,0.5846782,true
binance_eth,1787924700000,DOWN,257.999,0.39,0.6050083500214594,0.8735608299872473,-0.3952338,false
binance_eth,1787925000000,UP,273.0,0.56,0.6240903393849585,0.8735608299872473,0.43457919999999994,true
binance_eth,1787925000000,DOWN,254.0,0.32,0.37050722801396707,0.8735608299872473,-0.3247872,false
binance_eth,1787925300000,DOWN,280.0,0.55,0.6402122246146547,0.8735608299872473,0.444555,true
binance_eth,1787925300000,UP,279.0,0.37,0.4090261841657146,0.8735608299872473,-0.3751282,false
binance_eth,1787925600000,UP,279.998,0.78,0.8953434793752237,0.8735608299872473,-0.7837752,false
binance_eth,1787925600000,DOWN,212.5,0.56,0.6106830259390527,0.8735608299872473,0.43457919999999994,true
binance_eth,1787925900000,DOWN,276.496,0.57,0.6394611884814947,0.8735608299872473,0.42460780000000004,true
binance_eth,1787925900000,UP,268.0,0.61,0.7008121483655038,0.8735608299872473,-0.6152337999999999,false
binance_eth,1787926200000,UP,280.0,0.44,0.48616996990614825,0.8735608299872473,-0.4454208,false
binance_eth,1787926200000,DOWN,246.0,0.66,0.7341218112126587,0.8735608299872473,0.33506319999999995,true
binance_eth,1787926500000,DOWN,280.0,0.58,0.6626190939080979,0.8735608299872473,-0.5853592,false
binance_eth,1787926500000,UP,165.973,0.69,0.7496424744247374,0.8735608299872473,0.30529420000000007,true
binance_eth,1787926800000,UP,275.0,0.61,0.6689248286796361,0.8735608299872473,0.3847662,true
binance_eth,1787926800000,DOWN,256.5,0.48,0.5665112441036053,0.8735608299872473,-0.48549119999999996,false
binance_eth,1787927100000,UP,280.0,0.62,0.7652168492482401,0.8735608299872473,0.3748168,true
binance_eth,1787927100000,DOWN,260.5,0.33,0.4084730017598862,0.8735608299872473,-0.3348642,false
binance_eth,1787927400000,DOWN,278.499,0.71,0.7475953831031499,0.8735608299872473,-0.7145298,false
binance_eth,1787927400000,UP,174.0,0.61,0.662347308636788,0.8735608299872473,0.3847662,true
binance_eth,1787927700000,DOWN,279.999,0.44,0.4856314026192524,0.8735608299872473,-0.4454208,false
binance_eth,1787927700000,UP,278.999,0.63,0.6859499665029511,0.8735608299872473,0.36487179999999997,true
binance_eth,1787928000000,UP,279.5,0.6,0.8235626415291277,0.8735608299872473,-0.6052799999999999,false
binance_eth,1787928000000,DOWN,164.0,0.66,0.8004643256509454,0.8735608299872473,0.33506319999999995,true
binance_eth,1787928300000,UP,280.0,0.55,0.6422833465362761,0.8735608299872473,-0.5554450000000001,false
binance_eth,1787928300000,DOWN,257.5,0.64,0.7410494362567719,0.8735608299872473,0.3549312,true
binance_eth,1787928600000,UP,280.0,0.72,0.8254145786633846,0.8735608299872473,0.27556480000000005,true
binance_eth,1787928900000,UP,279.999,0.52,0.5816608438797568,0.8735608299872473,0.4745088,true
polymarket,1787887500000,UP,278.494,0.43,0.4783040393623391,0.7206347261673879,-0.44715699999999997,false
polymarket,1787887500000,DOWN,267.5,0.6,0.6593620544273804,0.7206347261673879,0.38320000000000004,true
polymarket,1787887800000,UP,279.984,0.55,0.5977806875657601,0.7206347261673879,-0.5673250000000001,false
polymarket,1787887800000,DOWN,267.0,0.3,0.40273579546445626,0.7206347261673879,0.6852999999999999,true
polymarket,1787888100000,DOWN,274.5,0.52,0.5849471595821454,0.7206347261673879,0.462528,true
polymarket,1787888100000,UP,205.0,0.42,0.4696212739943483,0.7206347261673879,-0.437052,false
polymarket,1787888400000,DOWN,280.0,0.37,0.47732844045182665,0.7206347261673879,0.613683,true
polymarket,1787888400000,UP,54.5,0.21,0.2528854328148926,0.7206347261673879,-0.221613,false
polymarket,1787888700000,UP,253.5,0.4,0.4915245907380131,0.7206347261673879,0.5831999999999999,true
polymarket,1787888700000,DOWN,237.919,0.56,0.6301234292681204,0.7206347261673879,-0.5772480000000001,false
polymarket,1787889000000,UP,277.995,0.52,0.61114204672274,0.7206347261673879,0.462528,true
polymarket,1787889000000,DOWN,248.5,0.56,0.6216444790158169,0.7206347261673879,-0.5772480000000001,false
polymarket,1787889300000,DOWN,280.0,0.43,0.48167674386659576,0.7206347261673879,0.5528430000000001,true
polymarket,1787889300000,UP,274.499,0.46,0.5100461128022997,0.7206347261673879,-0.47738800000000003,false
polymarket,1787889600000,UP,280.0,0.4,0.477605663563514,0.7206347261673879,-0.4168,false
polymarket,1787889600000,DOWN,249.499,0.45,0.5101007210363717,0.7206347261673879,0.532675,true
polymarket,1787889900000,UP,271.5,0.37,0.5446561114029275,0.7206347261673879,-0.386317,false
polymarket,1787889900000,DOWN,122.99900000000001,0.88,0.9424100006417988,0.7206347261673879,0.112608,true
polymarket,1787890200000,DOWN,274.499,0.48,0.5457142696256858,0.7206347261673879,-0.49747199999999997,false
polymarket,1787890200000,UP,265.0,0.37,0.4186608885143072,0.7206347261673879,0.613683,true
polymarket,1787890500000,UP,280.0,0.61,0.6703964256988806,0.7206347261673879,0.373347,true
polymarket,1787890500000,DOWN,279.0,0.28,0.32931779842785747,0.7206347261673879,-0.29411200000000004,false
polymarket,1787890800000,DOWN,243.5,0.5,0.5947199133463599,0.7206347261673879,0.4825,true
polymarket,1787890800000,UP,216.0,0.51,0.6257514854127966,0.7206347261673879,-0.527493,false
polymarket,1787891100000,DOWN,278.999,0.43,0.48439588283176127,0.7206347261673879,0.5528430000000001,true
polymarket,1787891100000,UP,233.5,0.47,0.5178218859823018,0.7206347261673879,-0.48743699999999995,false
polymarket,1787891400000,DOWN,280.0,0.34,0.41946102754420345,0.7206347261673879,0.6442919999999999,true
polymarket,1787891400000,UP,231.0,0.5,0.5697281197354171,0.7206347261673879,-0.5175,false
polymarket,1787891700000,UP,269.0,0.39,0.4448400360733041,0.7206347261673879,-0.40665300000000004,false
polymarket,1787891700000,DOWN,198.5,0.68,0.7356751211804858,0.7206347261673879,0.30476799999999993,true
polymarket,1787892000000,DOWN,280.0,0.26,0.3846016407349895,0.7206347261673879,-0.273468,false
polymarket,1787892300000,UP,277.0,0.41,0.46763077742726555,0.7206347261673879,-0.426933,false
polymarket,1787892300000,DOWN,238.999,0.48,0.5288932192106888,0.7206347261673879,0.502528,true
polymarket,1787892600000,DOWN,263.999,0.4,0.4581544302022609,0.7206347261673879,-0.4168,false
polymarket,1787892900000,DOWN,274.0,0.43,0.48919295877379876,0.7206347261673879,0.5528430000000001,true
polymarket,1787892900000,UP,256.0,0.52,0.5783662831176669,0.7206347261673879,-0.5374720000000001,false
polymarket,1787893200000,UP,280.0,0.3,0.40087431457338263,0.7206347261673879,0.6852999999999999,true
polymarket,1787893200000,DOWN,85.5,0.64,0.7255564219396641,0.7206347261673879,-0.656128,false
polymarket,1787893500000,UP,276.5,0.37,0.46452097343678334,0.7206347261673879,-0.386317,false
polymarket,1787893500000,DOWN,241.0,0.61,0.6745990425318987,0.7206347261673879,0.373347,true
polymarket,1787893800000,UP,269.5,0.51,0.6291548688256113,0.7206347261673879,0.472507,true
polymarket,1787893800000,DOWN,217.0,0.37,0.442899268242412,0.7206347261673879,-0.386317,false
polymarket,1787894100000,DOWN,280.0,0.29,0.42453297931675404,0.7206347261673879,-0.304413,false
polymarket,1787894400000,UP,279.999,0.21,0.4395747110234765,0.7206347261673879,-0.221613,false
polymarket,1787894700000,DOWN,280.0,0.16,0.4657042267085315,0.7206347261673879,-0.169408,false
polymarket,1787895000000,DOWN,280.0,0.45,0.5501682604930379,0.7206347261673879,-0.467325,false
polymarket,1787895300000,DOWN,280.0,0.4,0.5071172579357676,0.7206347261673879,-0.4168,false
polymarket,1787895600000,UP,280.0,0.36,0.44221015251062334,0.7206347261673879,-0.37612799999999996,false
polymarket,1787895900000,DOWN,262.5,0.5,0.5485168465361379,0.7206347261673879,-0.5175,false
polymarket,1787896200000,DOWN,280.0,0.32,0.4917527486981872,0.7206347261673879,0.6647679999999999,true
polymarket,1787896200000,UP,242.499,0.34,0.42084140586414537,0.7206347261673879,-0.355708,false
polymarket,1787896500000,UP,280.0,0.28,0.40057605239740296,0.7206347261673879,-0.29411200000000004,false
polymarket,1787896800000,DOWN,280.0,0.25,0.3754563743941124,0.7206347261673879,-0.263125,false
polymarket,1787897100000,UP,247.5,0.4,0.45698531278996973,0.7206347261673879,0.5831999999999999,true
polymarket,1787897100000,DOWN,233.499,0.5,0.5772906598332921,0.7206347261673879,-0.5175,false
polymarket,1787897400000,UP,279.999,0.3,0.41793465421663817,0.7206347261673879,0.6852999999999999,true
polymarket,1787897400000,DOWN,194.499,0.49,0.5761406066062634,0.7206347261673879,-0.507493,false
polymarket,1787897700000,UP,268.0,0.41,0.4627312550232138,0.7206347261673879,-0.426933,false
polymarket,1787897700000,DOWN,160.0,0.48,0.5321974374259069,0.7206347261673879,0.502528,true
polymarket,1787898000000,UP,280.0,0.3,0.4359920342532572,0.7206347261673879,-0.3147,false
polymarket,1787898000000,DOWN,130.499,0.52,0.5957469556690602,0.7206347261673879,0.462528,true
polymarket,1787898300000,UP,280.0,0.44,0.523706835381469,0.7206347261673879,-0.457248,false
polymarket,1787898600000,DOWN,260.0,0.35,0.4597874879922361,0.7206347261673879,-0.365925,false
polymarket,1787898600000,UP,249.0,0.45,0.5440289090671182,0.7206347261673879,0.532675,true
polymarket,1787898900000,UP,270.5,0.42,0.4692680618897236,0.7206347261673879,0.5629480000000001,true
polymarket,1787898900000,DOWN,260.5,0.47,0.5306465935754204,0.7206347261673879,-0.48743699999999995,false
polymarket,1787899200000,UP,280.0,0.3,0.4245168963990941,0.7206347261673879,0.6852999999999999,true
polymarket,1787899200000,DOWN,231.5,0.67,0.7181612812022591,0.7206347261673879,-0.685477,false
polymarket,1787899500000,DOWN,276.0,0.42,0.4878253789076493,0.7206347261673879,-0.437052,false
polymarket,1787899800000,DOWN,280.0,0.35,0.4244508634796208,0.7206347261673879,-0.365925,false
polymarket,1787899800000,UP,260.5,0.55,0.6323603207992161,0.7206347261673879,0.432675,true
polymarket,1787900100000,UP,280.0,0.21,0.46208860551032704,0.7206347261673879,-0.221613,false
polymarket,1787900400000,UP,266.0,0.4,0.4925711113643515,0.7206347261673879,-0.4168,false
polymarket,1787900700000,UP,280.0,0.22,0.46277994000119044,0.7206347261673879,-0.232012,false
polymarket,1787901000000,DOWN,279.999,0.25,0.36524537084171893,0.7206347261673879,-0.263125,false
polymarket,1787901300000,DOWN,279.5,0.23,0.2861343269907842,0.7206347261673879,-0.242397,false
polymarket,1787901300000,UP,172.0,0.62,0.7077147595163688,0.7206347261673879,0.363508,true
polymarket,1787901600000,UP,261.0,0.43,0.4929719898132826,0.7206347261673879,-0.44715699999999997,false
polymarket,1787901600000,DOWN,226.0,0.52,0.5791244701057751,0.7206347261673879,0.462528,true
polymarket,1787901900000,DOWN,280.0,0.31,0.49230216648024516,0.7206347261673879,-0.324973,false
polymarket,1787902200000,UP,277.499,0.46,0.5211152418737538,0.7206347261673879,-0.47738800000000003,false
polymarket,1787902500000,UP,231.499,0.47,0.5390403047376997,0.7206347261673879,-0.48743699999999995,false
polymarket,1787902500000,DOWN,196.995,0.49,0.6384326001700356,0.7206347261673879,0.49250700000000003,true
polymarket,1787902800000,DOWN,261.0,0.42,0.49080374497726664,0.7206347261673879,0.5629480000000001,true
polymarket,1787902800000,UP,225.0,0.43,0.49094442849932635,0.7206347261673879,-0.44715699999999997,false
polymarket,1787903100000,DOWN,275.5,0.28,0.35090231648418935,0.7206347261673879,-0.29411200000000004,false
polymarket,1787903400000,DOWN,246.0,0.46,0.5199560730921187,0.7206347261673879,0.5226120000000001,true
polymarket,1787903400000,UP,216.5,0.37,0.4469717723770066,0.7206347261673879,-0.386317,false
polymarket,1787903700000,UP,280.0,0.31,0.4769938701449957,0.7206347261673879,0.6750269999999999,true
polymarket,1787903700000,DOWN,272.991,0.51,0.5810249652640791,0.7206347261673879,-0.527493,false
polymarket,1787904000000,DOWN,279.999,0.29,0.37551146346338715,0.7206347261673879,-0.304413,false
polymarket,1787904000000,UP,251.5,0.58,0.6341368694599486,0.7206347261673879,0.40294800000000003,true
polymarket,1787904300000,UP,279.999,0.29,0.46773221500775025,0.7206347261673879,0.695587,true
polymarket,1787904300000,DOWN,29.998,0.11,0.18963065080938435,0.7206347261673879,-0.116853,false
polymarket,1787904600000,DOWN,271.0,0.37,0.4177909973785765,0.7206347261673879,0.613683,true
polymarket,1787904600000,UP,262.5,0.51,0.5792115313939643,0.7206347261673879,-0.527493,false
polymarket,1787904900000,DOWN,252.5,0.27,0.45042115255470183,0.7206347261673879,-0.283797,false
polymarket,1787904900000,UP,231.0,0.58,0.6319152403134813,0.7206347261673879,0.40294800000000003,true
polymarket,1787905200000,DOWN,265.0,0.45,0.5069286675944571,0.7206347261673879,0.532675,true
polymarket,1787905200000,UP,253.99800000000002,0.36,0.49299837423127574,0.7206347261673879,-0.37612799999999996,false
polymarket,1787905500000,UP,279.0,0.39,0.5076069313900353,0.7206347261673879,-0.40665300000000004,false
polymarket,1787905500000,DOWN,205.0,0.36,0.42608726405224506,0.7206347261673879,0.623872,true
polymarket,1787905800000,DOWN,260.5,0.42,0.49136540697651676,0.7206347261673879,0.5629480000000001,true
polymarket,1787905800000,UP,241.5,0.48,0.5368713715919825,0.7206347261673879,-0.49747199999999997,false
polymarket,1787906100000,DOWN,280.0,0.38,0.47422100397107947,0.7206347261673879,0.603508,true
polymarket,1787906100000,UP,256.0,0.46,0.5154728924344603,0.7206347261673879,-0.47738800000000003,false
polymarket,1787906400000,UP,279.5,0.42,0.4928624026043928,0.7206347261673879,-0.437052,false
polymarket,1787906400000,DOWN,190.0,0.33,0.5242766210032039,0.7206347261673879,0.654523,true
polymarket,1787906700000,UP,280.0,0.4,0.5560818910422693,0.7206347261673879,-0.4168,false
polymarket,1787907000000,UP,280.0,0.34,0.4718528925841863,0.7206347261673879,0.6442919999999999,true
polymarket,1787907000000,DOWN,254.5,0.39,0.48722040426046875,0.7206347261673879,-0.40665300000000004,false
polymarket,1787907300000,UP,275.0,0.34,0.3934047317854553,0.7206347261673879,-0.355708,false
polymarket,1787907600000,UP,270.997,0.32,0.46640015600520646,0.7206347261673879,-0.33523200000000003,false
polymarket,1787907600000,DOWN,180.5,0.9,0.9570793426608338,0.7206347261673879,0.09369999999999998,true
polymarket,1787907900000,UP,280.0,0.27,0.359477393317043,0.7206347261673879,0.716203,true
polymarket,1787908200000,UP,280.0,0.36,0.4931542246118691,0.7206347261673879,-0.37612799999999996,false
polymarket,1787908500000,DOWN,280.0,0.41,0.46044229361782774,0.7206347261673879,-0.426933,false
polymarket,1787908500000,UP,254.999,0.59,0.6426212701534232,0.7206347261673879,0.39306700000000006,true
polymarket,1787908800000,UP,279.999,0.4,0.45770509734316706,0.7206347261673879,-0.4168,false
polymarket,1787909100000,DOWN,280.0,0.35,0.4841390893874076,0.7206347261673879,0.634075,true
polymarket,1787909100000,UP,178.492,0.31,0.37420500107449994,0.7206347261673879,-0.324973,false
polymarket,1787909400000,DOWN,266.0,0.44,0.4901339155183515,0.7206347261673879,-0.457248,false
polymarket,1787909400000,UP,224.0,0.47,0.5763150437431026,0.7206347261673879,0.512563,true
polymarket,1787909700000,UP,271.0,0.4,0.4681816543381813,0.7206347261673879,0.5831999999999999,true
polymarket,1787909700000,DOWN,220.5,0.57,0.6340621928011578,0.7206347261673879,-0.5871569999999999,false
polymarket,1787910000000,DOWN,279.999,0.37,0.46254873402052554,0.7206347261673879,0.613683,true
polymarket,1787910000000,UP,249.499,0.34,0.5428249056610006,0.7206347261673879,-0.355708,false
polymarket,1787910300000,UP,279.976,0.51,0.5697287681297969,0.7206347261673879,-0.527493,false
polymarket,1787910300000,DOWN,278.5,0.36,0.4230226829502519,0.7206347261673879,0.623872,true
polymarket,1787910600000,UP,279.5,0.47,0.5438495464545687,0.7206347261673879,0.512563,true
polymarket,1787910600000,DOWN,237.881,0.34,0.4492796001095247,0.7206347261673879,-0.355708,false
polymarket,1787910900000,UP,280.0,0.38,0.48214418472484855,0.7206347261673879,-0.396492,false
polymarket,1787911200000,DOWN,243.5,0.43,0.48484105725029747,0.7206347261673879,0.5528430000000001,true
polymarket,1787911200000,UP,183.5,0.46,0.5127812133110179,0.7206347261673879,-0.47738800000000003,false
polymarket,1787911500000,UP,279.5,0.41,0.464732613835734,0.7206347261673879,-0.426933,false
polymarket,1787911500000,DOWN,269.5,0.43,0.48384551281510935,0.7206347261673879,0.5528430000000001,true
polymarket,1787911800000,DOWN,279.999,0.16,0.2672744877684121,0.7206347261673879,-0.169408,false
polymarket,1787911800000,UP,235.5,0.87,0.9135824133508657,0.7206347261673879,0.122083,true
polymarket,1787912100000,DOWN,267.499,0.43,0.4820126796125398,0.7206347261673879,0.5528430000000001,true
polymarket,1787912100000,UP,242.5,0.47,0.543045753983524,0.7206347261673879,-0.48743699999999995,false
polymarket,1787912400000,DOWN,265.5,0.46,0.5117331004263821,0.7206347261673879,0.5226120000000001,true
polymarket,1787912400000,UP,256.0,0.32,0.4208998646017611,0.7206347261673879,-0.33523200000000003,false
polymarket,1787912700000,UP,257.0,0.44,0.49167150054775793,0.7206347261673879,0.542752,true
polymarket,1787912700000,DOWN,244.5,0.49,0.5737550969322718,0.7206347261673879,-0.507493,false
polymarket,1787913000000,DOWN,280.0,0.28,0.46009163169645817,0.7206347261673879,-0.29411200000000004,false
polymarket,1787913300000,UP,280.0,0.32,0.3816331204232729,0.7206347261673879,0.6647679999999999,true
polymarket,1787913300000,DOWN,174.972,0.48,0.5348345546175705,0.7206347261673879,-0.49747199999999997,false
polymarket,1787913600000,DOWN,280.0,0.35,0.49225672968924283,0.7206347261673879,0.634075,true
polymarket,1787913600000,UP,237.918,0.46,0.5106263180959375,0.7206347261673879,-0.47738800000000003,false
polymarket,1787913900000,UP,279.999,0.32,0.47428965523529704,0.7206347261673879,0.6647679999999999,true
polymarket,1787913900000,DOWN,216.5,0.27,0.48867864641283865,0.7206347261673879,-0.283797,false
polymarket,1787914200000,DOWN,273.0,0.47,0.5187882825062015,0.7206347261673879,-0.48743699999999995,false
polymarket,1787914200000,UP,249.0,0.42,0.48002237599534053,0.7206347261673879,0.5629480000000001,true
polymarket,1787914500000,DOWN,279.988,0.32,0.42471091886771106,0.7206347261673879,-0.33523200000000003,false
polymarket,1787914800000,UP,275.0,0.5,0.5660641180669801,0.7206347261673879,0.4825,true
polymarket,1787914800000,DOWN,262.0,0.36,0.4786234465874618,0.7206347261673879,-0.37612799999999996,false
polymarket,1787915100000,UP,280.0,0.28,0.33171506479377344,0.7206347261673879,-0.29411200000000004,false
polymarket,1787915100000,DOWN,248.5,0.62,0.7020503656215935,0.7206347261673879,0.363508,true
polymarket,1787915400000,UP,263.5,0.41,0.47587370317284217,0.7206347261673879,0.5730670000000001,true
polymarket,1787915400000,DOWN,240.99800000000002,0.48,0.5445033366923477,0.7206347261673879,-0.49747199999999997,false
polymarket,1787915700000,DOWN,218.5,0.42,0.48191976664186786,0.7206347261673879,-0.437052,false
polymarket,1787915700000,UP,205.0,0.45,0.5329636222259643,0.7206347261673879,0.532675,true
polymarket,1787916000000,DOWN,280.0,0.4,0.4914008457855702,0.7206347261673879,-0.4168,false
polymarket,1787916300000,DOWN,280.0,0.45,0.5697397665132895,0.7206347261673879,0.532675,true
polymarket,1787916300000,UP,224.496,0.24,0.3486229667137939,0.7206347261673879,-0.252768,false
polymarket,1787916600000,DOWN,280.0,0.36,0.45227053354510216,0.7206347261673879,-0.37612799999999996,false
polymarket,1787916900000,UP,278.0,0.17,0.3099104621200205,0.7206347261673879,-0.179877,false
polymarket,1787917200000,UP,278.5,0.46,0.5120706930037772,0.7206347261673879,0.5226120000000001,true
polymarket,1787917200000,DOWN,221.499,0.41,0.4621379375156547,0.7206347261673879,-0.426933,false
polymarket,1787917500000,DOWN,279.999,0.43,0.4816003045951016,0.7206347261673879,-0.44715699999999997,false
polymarket,1787917800000,UP,280.0,0.29,0.44069468698078995,0.7206347261673879,-0.304413,false
polymarket,1787918100000,UP,280.0,0.33,0.3957662562676171,0.7206347261673879,0.654523,true
polymarket,1787918100000,DOWN,263.978,0.55,0.6088660498353642,0.7206347261673879,-0.5673250000000001,false
polymarket,1787918400000,UP,269.5,0.41,0.4852778383589769,0.7206347261673879,0.5730670000000001,true
polymarket,1787918400000,DOWN,236.0,0.52,0.5794970741866212,0.7206347261673879,-0.5374720000000001,false
polymarket,1787918700000,DOWN,276.5,0.35,0.48819163329099824,0.7206347261673879,0.634075,true
polymarket,1787918700000,UP,199.994,0.71,0.7681479136795215,0.7206347261673879,-0.724413,false
polymarket,1787919000000,UP,279.999,0.36,0.4373389732347123,0.7206347261673879,-0.37612799999999996,false
polymarket,1787919300000,DOWN,280.0,0.2,0.3408421059695421,0.7206347261673879,-0.2112,false
polymarket,1787919600000,UP,279.999,0.44,0.6421400926131107,0.7206347261673879,-0.457248,false
polymarket,1787919900000,UP,277.999,0.43,0.48778820261863093,0.7206347261673879,-0.44715699999999997,false
polymarket,1787919900000,DOWN,275.5,0.47,0.5250318385709452,0.7206347261673879,0.512563,true
polymarket,1787920200000,UP,278.0,0.33,0.4925604201817428,0.7206347261673879,-0.34547700000000003,false
polymarket,1787920500000,UP,251.5,0.38,0.5119029753976599,0.7206347261673879,-0.396492,false
polymarket,1787920800000,UP,274.0,0.29,0.4903623479725423,0.7206347261673879,-0.304413,false
polymarket,1787921100000,DOWN,280.0,0.25,0.46483961678588914,0.7206347261673879,-0.263125,false
polymarket,1787921400000,UP,280.0,0.36,0.4114321489668519,0.7206347261673879,-0.37612799999999996,false
polymarket,1787921400000,DOWN,190.0,0.58,0.6272241518897779,0.7206347261673879,0.40294800000000003,true
polymarket,1787921700000,DOWN,280.0,0.29,0.4088441030508658,0.7206347261673879,-0.304413,false
polymarket,1787921700000,UP,248.499,0.45,0.570809139386826,0.7206347261673879,0.532675,true
polymarket,1787922000000,UP,279.5,0.32,0.38289212876927636,0.7206347261673879,0.6647679999999999,true
polymarket,1787922000000,DOWN,237.523,0.51,0.6256238985537433,0.7206347261673879,-0.527493,false
polymarket,1787922300000,DOWN,279.999,0.33,0.4367021768211742,0.7206347261673879,0.654523,true
polymarket,1787922300000,UP,232.0,0.32,0.3834111649828512,0.7206347261673879,-0.33523200000000003,false
polymarket,1787922600000,DOWN,279.999,0.32,0.41255856146014414,0.7206347261673879,-0.33523200000000003,false
polymarket,1787922900000,UP,271.499,0.37,0.4275701438251924,0.7206347261673879,0.613683,true
polymarket,1787922900000,DOWN,244.499,0.73,0.7856119751564484,0.7206347261673879,-0.7437969999999999,false
polymarket,1787923200000,UP,279.999,0.33,0.41710918685935183,0.7206347261673879,-0.34547700000000003,false
polymarket,1787923500000,DOWN,280.0,0.34,0.397824293750914,0.7206347261673879,0.6442919999999999,true
polymarket,1787923500000,UP,196.498,0.51,0.5788423865235488,0.7206347261673879,-0.527493,false
polymarket,1787923800000,DOWN,278.998,0.47,0.5382469166783685,0.7206347261673879,-0.48743699999999995,false
polymarket,1787923800000,UP,277.5,0.53,0.5875720491032805,0.7206347261673879,0.452563,true
polymarket,1787924100000,UP,277.5,0.61,0.6590197795289807,0.7206347261673879,-0.626653,false
polymarket,1787924100000,DOWN,270.0,0.37,0.4303235651210061,0.7206347261673879,0.613683,true
polymarket,1787924400000,UP,279.999,0.2,0.28081990494509645,0.7206347261673879,-0.2112,false
polymarket,1787924700000,UP,280.0,0.48,0.537729582201795,0.7206347261673879,0.502528,true
polymarket,1787924700000,DOWN,257.5,0.38,0.48704039042716196,0.7206347261673879,-0.396492,false
polymarket,1787925000000,UP,279.999,0.36,0.5484677447572274,0.7206347261673879,0.623872,true
polymarket,1787925300000,DOWN,280.0,0.39,0.6394587766295585,0.7206347261673879,-0.40665300000000004,false
polymarket,1787925600000,UP,279.998,0.62,0.7731531402887262,0.7206347261673879,-0.636492,false
polymarket,1787925600000,DOWN,222.999,0.87,0.9211326512564625,0.7206347261673879,0.122083,true
polymarket,1787925900000,UP,279.993,0.64,0.8044594454386271,0.7206347261673879,0.34387199999999996,true
polymarket,1787925900000,DOWN,250.0,0.64,0.7056163764671306,0.7206347261673879,-0.656128,false
polymarket,1787926200000,UP,278.5,0.31,0.3915486056691293,0.7206347261673879,-0.324973,false
polymarket,1787926200000,DOWN,246.0,0.78,0.8249383419553625,0.7206347261673879,0.20798799999999998,true
polymarket,1787926500000,DOWN,280.0,0.5,0.5850019394129266,0.7206347261673879,-0.5175,false
polymarket,1787926500000,UP,160.5,0.75,0.8049548820483834,0.7206347261673879,0.236875,true
polymarket,1787926800000,DOWN,279.999,0.42,0.49162668463984216,0.7206347261673879,0.5629480000000001,true
polymarket,1787926800000,UP,232.49200000000002,0.69,0.7705258322469728,0.7206347261673879,-0.704973,false
polymarket,1787927100000,DOWN,275.98,0.31,0.3586440950786779,0.7206347261673879,-0.324973,false
polymarket,1787927100000,UP,242.5,0.66,0.7135218162907111,0.7206347261673879,0.32429199999999997,true
polymarket,1787927400000,DOWN,280.0,0.39,0.5271225147617927,0.7206347261673879,-0.40665300000000004,false
polymarket,1787927400000,UP,162.0,0.94,0.9893693724683277,0.7206347261673879,0.056052000000000046,true
polymarket,1787927700000,DOWN,279.999,0.39,0.579719371284119,0.7206347261673879,-0.40665300000000004,false
polymarket,1787927700000,UP,229.993,0.81,0.8576945554040862,0.7206347261673879,0.17922699999999994,true
polymarket,1787928000000,UP,280.0,0.36,0.7437038843541847,0.7206347261673879,-0.37612799999999996,false
polymarket,1787928300000,UP,280.0,0.64,0.6909464422114305,0.7206347261673879,-0.656128,false
polymarket,1787928300000,DOWN,257.5,0.48,0.5782212653161358,0.7206347261673879,0.502528,true
polymarket,1787928600000,UP,277.976,0.78,0.8222551455556235,0.7206347261673879,0.20798799999999998,true
polymarket,1787928900000,DOWN,261.0,0.51,0.5767939118044815,0.7206347261673879,-0.527493,false
polymarket,1787928900000,UP,216.999,0.65,0.7120211380594138,0.7206347261673879,0.33407499999999996,true
polymarket_eth,1787887500000,DOWN,268.0,0.46,0.5422906393994578,0.7361186178945827,0.5345352,true
polymarket_eth,1787887500000,UP,231.5,0.4,0.5083549789099537,0.7361186178945827,-0.40528000000000003,false
polymarket_eth,1787887800000,UP,279.984,0.55,0.588666184607688,0.7361186178945827,-0.5554450000000001,false
polymarket_eth,1787887800000,DOWN,267.5,0.34,0.4116442527701317,0.7361186178945827,0.6550632,true
polymarket_eth,1787888100000,UP,279.999,0.27,0.3800646743407634,0.7361186178945827,-0.27433620000000003,false
polymarket_eth,1787888100000,DOWN,269.499,0.59,0.6296271034260141,0.7361186178945827,0.40467820000000004,true
polymarket_eth,1787888400000,DOWN,280.0,0.38,0.521517707467311,0.7361186178945827,0.6148167999999999,true
polymarket_eth,1787888400000,UP,46.5,0.05,0.1797424448766305,0.7361186178945827,-0.051045,false
polymarket_eth,1787888700000,UP,265.5,0.47,0.5300799088691419,0.7361186178945827,0.5245198,true
polymarket_eth,1787888700000,DOWN,238.497,0.49,0.5355977810713373,0.7361186178945827,-0.4954978,false
polymarket_eth,1787889000000,UP,269.0,0.48,0.5986355215439199,0.7361186178945827,-0.48549119999999996,false
polymarket_eth,1787889000000,DOWN,208.999,0.55,0.5885542711903997,0.7361186178945827,0.444555,true
polymarket_eth,1787889300000,DOWN,280.0,0.47,0.5197737299937162,0.7361186178945827,0.5245198,true
polymarket_eth,1787889300000,UP,278.0,0.44,0.48424043039275066,0.7361186178945827,-0.4454208,false
polymarket_eth,1787889600000,UP,280.0,0.36,0.4549322763273168,0.7361186178945827,-0.36506879999999997,false
polymarket_eth,1787889600000,DOWN,238.165,0.44,0.48676951849440964,0.7361186178945827,0.5545792,true
polymarket_eth,1787889900000,UP,280.0,0.33,0.5211184628461696,0.7361186178945827,-0.3348642,false
polymarket_eth,1787889900000,DOWN,121.99900000000001,0.59,0.6287510660924119,0.7361186178945827,0.40467820000000004,true
polymarket_eth,1787890200000,DOWN,274.499,0.43,0.5100465004085655,0.7361186178945827,-0.4353922,false
polymarket_eth,1787890200000,UP,250.0,0.8,0.8906338955439014,0.7361186178945827,0.19647999999999996,true
polymarket_eth,1787890500000,DOWN,279.5,0.28,0.36076651824475425,0.7361186178945827,-0.2844352,false
polymarket_eth,1787890800000,UP,216.0,0.5,0.699915762201015,0.7361186178945827,-0.5055,false
polymarket_eth,1787890800000,DOWN,188.0,0.51,0.5830699891726111,0.7361186178945827,0.4845022,true
polymarket_eth,1787891100000,DOWN,279.5,0.37,0.47447876869830286,0.7361186178945827,-0.3751282,false
polymarket_eth,1787891400000,UP,275.5,0.52,0.5693166169049737,0.7361186178945827,-0.5254912,false
polymarket_eth,1787891400000,DOWN,258.0,0.42,0.4634595266745134,0.7361186178945827,0.5746408000000001,true
polymarket_eth,1787891700000,UP,279.988,0.42,0.5168430938449039,0.7361186178945827,-0.4253592,false
polymarket_eth,1787891700000,DOWN,198.999,0.75,0.8099831660512204,0.7361186178945827,0.245875,true
polymarket_eth,1787892000000,DOWN,280.0,0.2,0.33987125773240046,0.7361186178945827,-0.20352,false
polymarket_eth,1787892300000,DOWN,237.0,0.37,0.4873047352865828,0.7361186178945827,0.6248718,true
polymarket_eth,1787892300000,UP,186.5,0.57,0.6370107970136079,0.7361186178945827,-0.5753921999999999,false
polymarket_eth,1787892600000,DOWN,279.999,0.35,0.46517991267039616,0.7361186178945827,-0.35500499999999996,false
polymarket_eth,1787892900000,DOWN,271.5,0.42,0.46036191653617176,0.7361186178945827,0.5746408000000001,true
polymarket_eth,1787892900000,UP,234.0,0.48,0.5404271987974353,0.7361186178945827,-0.48549119999999996,false
polymarket_eth,1787893200000,UP,280.0,0.26,0.3504560382241113,0.7361186178945827,0.7357672,true
polymarket_eth,1787893200000,DOWN,61.5,0.17,0.46647705483435975,0.7361186178945827,-0.1731042,false
polymarket_eth,1787893500000,UP,280.0,0.45,0.4913154664058393,0.7361186178945827,-0.455445,false
polymarket_eth,1787893800000,DOWN,277.0,0.31,0.36888512157373554,0.7361186178945827,-0.3147058,false
polymarket_eth,1787893800000,UP,269.5,0.64,0.6838731327013127,0.7361186178945827,0.3549312,true
polymarket_eth,1787894100000,DOWN,280.0,0.34,0.44723657005014206,0.7361186178945827,-0.34493680000000004,false
polymarket_eth,1787894100000,UP,222.5,0.39,0.43375705061713626,0.7361186178945827,0.6047662,true
polymarket_eth,1787894400000,UP,267.5,0.36,0.508295222778921,0.7361186178945827,-0.36506879999999997,false
polymarket_eth,1787894700000,DOWN,280.0,0.14,0.44341302356734913,0.7361186178945827,-0.14264880000000002,false
polymarket_eth,1787895000000,DOWN,280.0,0.36,0.5290618714932553,0.7361186178945827,-0.36506879999999997,false
polymarket_eth,1787895300000,DOWN,254.999,0.26,0.520285545865625,0.7361186178945827,-0.2642328,false
polymarket_eth,1787895600000,DOWN,272.0,0.5,0.5457378924575058,0.7361186178945827,-0.5055,false
polymarket_eth,1787895600000,UP,269.5,0.42,0.487607473797311,0.7361186178945827,0.5746408000000001,true
polymarket_eth,1787895900000,DOWN,280.0,0.33,0.44417206439430124,0.7361186178945827,-0.3348642,false
polymarket_eth,1787896200000,DOWN,280.0,0.27,0.39418971791857227,0.7361186178945827,-0.27433620000000003,false
polymarket_eth,1787896200000,UP,242.0,0.42,0.461427127993522,0.7361186178945827,0.5746408000000001,true
polymarket_eth,1787896500000,UP,280.0,0.28,0.4083313267060693,0.7361186178945827,-0.2844352,false
polymarket_eth,1787896800000,DOWN,280.0,0.17,0.3014497209449273,0.7361186178945827,-0.1731042,false
polymarket_eth,1787897100000,UP,270.0,0.46,0.5114329064801951,0.7361186178945827,0.5345352,true
polymarket_eth,1787897100000,DOWN,233.999,0.54,0.5906333871433876,0.7361186178945827,-0.5454648000000001,false
polymarket_eth,1787897400000,UP,278.0,0.34,0.5143700653816784,0.7361186178945827,0.6550632,true
polymarket_eth,1787897400000,DOWN,176.5,0.25,0.287010024211688,0.7361186178945827,-0.254125,false
polymarket_eth,1787897700000,UP,280.0,0.39,0.483233068901653,0.7361186178945827,-0.3952338,false
polymarket_eth,1787898000000,UP,280.0,0.36,0.4459245018433741,0.7361186178945827,0.6349312,true
polymarket_eth,1787898000000,DOWN,253.0,0.61,0.65668619141751,0.7361186178945827,-0.6152337999999999,false
polymarket_eth,1787898300000,UP,249.0,0.43,0.4876511399091833,0.7361186178945827,-0.4353922,false
polymarket_eth,1787898300000,DOWN,159.0,0.5,0.5406531205644625,0.7361186178945827,0.4945,true
polymarket_eth,1787898600000,UP,279.999,0.34,0.49281757561689526,0.7361186178945827,0.6550632,true
polymarket_eth,1787898600000,DOWN,50.999,0.34,0.46883837877452295,0.7361186178945827,-0.34493680000000004,false
polymarket_eth,1787898900000,UP,279.999,0.34,0.430700096076306,0.7361186178945827,-0.34493680000000004,false
polymarket_eth,1787898900000,DOWN,261.0,0.55,0.5939625017592353,0.7361186178945827,0.444555,true
polymarket_eth,1787899200000,UP,280.0,0.32,0.4208708215650647,0.7361186178945827,-0.3247872,false
polymarket_eth,1787899200000,DOWN,233.5,0.69,0.7356246506027373,0.7361186178945827,0.30529420000000007,true
polymarket_eth,1787899500000,DOWN,273.5,0.28,0.4908053880962784,0.7361186178945827,-0.2844352,false
polymarket_eth,1787899800000,DOWN,280.0,0.31,0.4871205990761319,0.7361186178945827,0.6852942,true
polymarket_eth,1787899800000,UP,226.0,0.43,0.4784909074457634,0.7361186178945827,-0.4353922,false
polymarket_eth,1787900100000,UP,280.0,0.32,0.45211981798159706,0.7361186178945827,-0.3247872,false
polymarket_eth,1787900100000,DOWN,81.499,0.16,0.5569656005299055,0.7361186178945827,0.8370432,true
polymarket_eth,1787900400000,UP,275.0,0.5,0.5359006325397652,0.7361186178945827,-0.5055,false
polymarket_eth,1787900400000,DOWN,230.499,0.5,0.5648647731433756,0.7361186178945827,0.4945,true
polymarket_eth,1787900700000,UP,280.0,0.2,0.4304389012398612,0.7361186178945827,-0.20352,false
polymarket_eth,1787901000000,DOWN,279.999,0.2,0.3515227651474734,0.7361186178945827,-0.20352,false
polymarket_eth,1787901300000,DOWN,279.999,0.21,0.2727808760733046,0.7361186178945827,-0.2136498,false
polymarket_eth,1787901600000,DOWN,279.999,0.51,0.5518488578252174,0.7361186178945827,0.4845022,true
polymarket_eth,1787901600000,UP,234.999,0.45,0.49011135049701965,0.7361186178945827,-0.455445,false
polymarket_eth,1787901900000,DOWN,279.0,0.35,0.49064429784335384,0.7361186178945827,-0.35500499999999996,false
polymarket_eth,1787902200000,DOWN,280.0,0.37,0.45641057747239056,0.7361186178945827,0.6248718,true
polymarket_eth,1787902200000,UP,226.5,0.36,0.5253948544406474,0.7361186178945827,-0.36506879999999997,false
polymarket_eth,1787902500000,UP,280.0,0.4,0.4769381920054477,0.7361186178945827,-0.40528000000000003,false
polymarket_eth,1787902500000,DOWN,262.0,0.49,0.5331878674385011,0.7361186178945827,0.5045022,true
polymarket_eth,1787902800000,DOWN,280.0,0.37,0.4366573880551471,0.7361186178945827,0.6248718,true
polymarket_eth,1787902800000,UP,160.0,0.26,0.5332259356330904,0.7361186178945827,-0.2642328,false
polymarket_eth,1787903100000,UP,280.0,0.54,0.588720493741562,0.7361186178945827,0.4545352,true
polymarket_eth,1787903100000,DOWN,203.5,0.36,0.47999310233559966,0.7361186178945827,-0.36506879999999997,false
polymarket_eth,1787903400000,UP,262.0,0.44,0.4928453940346314,0.7361186178945827,-0.4454208,false
polymarket_eth,1787903400000,DOWN,232.487,0.45,0.5696229386394602,0.7361186178945827,0.544555,true
polymarket_eth,1787903700000,UP,280.0,0.29,0.529890452957904,0.7361186178945827,-0.29452979999999995,false
polymarket_eth,1787903700000,DOWN,83.0,0.27,0.36240356883415104,0.7361186178945827,0.7256638,true
polymarket_eth,1787904000000,DOWN,279.999,0.09,0.339272924228579,0.7361186178945827,-0.0918018,false
polymarket_eth,1787904300000,UP,279.999,0.18,0.42889270837388854,0.7361186178945827,-0.1832472,false
polymarket_eth,1787904600000,DOWN,279.999,0.31,0.43055830460434974,0.7361186178945827,0.6852942,true
polymarket_eth,1787904600000,UP,221.994,0.43,0.48640704069586205,0.7361186178945827,-0.4353922,false
polymarket_eth,1787904900000,DOWN,280.0,0.4,0.44876021403583444,0.7361186178945827,-0.40528000000000003,false
polymarket_eth,1787904900000,UP,270.976,0.54,0.5934098464416641,0.7361186178945827,0.4545352,true
polymarket_eth,1787905200000,UP,278.993,0.37,0.46988084532198526,0.7361186178945827,-0.3751282,false
polymarket_eth,1787905500000,UP,278.5,0.46,0.5088695616050871,0.7361186178945827,-0.4654648,false
polymarket_eth,1787905800000,UP,279.999,0.43,0.4925154521393233,0.7361186178945827,-0.4353922,false
polymarket_eth,1787905800000,DOWN,262.0,0.45,0.5107659675503949,0.7361186178945827,0.544555,true
polymarket_eth,1787906100000,DOWN,280.0,0.34,0.4785069027347594,0.7361186178945827,0.6550632,true
polymarket_eth,1787906100000,UP,232.499,0.31,0.35207521671956976,0.7361186178945827,-0.3147058,false
polymarket_eth,1787906400000,UP,280.0,0.26,0.45785107684164617,0.7361186178945827,-0.2642328,false
polymarket_eth,1787906400000,DOWN,189.5,0.45,0.5232898894107966,0.7361186178945827,0.544555,true
polymarket_eth,1787906700000,UP,280.0,0.52,0.6066263081389951,0.7361186178945827,-0.5254912,false
polymarket_eth,1787907000000,UP,280.0,0.42,0.473182706841149,0.7361186178945827,0.5746408000000001,true
polymarket_eth,1787907000000,DOWN,265.5,0.43,0.47652185783246137,0.7361186178945827,-0.4353922,false
polymarket_eth,1787907300000,UP,279.999,0.34,0.4048861370958581,0.7361186178945827,-0.34493680000000004,false
polymarket_eth,1787907600000,DOWN,273.5,0.45,0.48705164600682405,0.7361186178945827,0.544555,true
polymarket_eth,1787907600000,UP,270.0,0.47,0.5130515396572665,0.7361186178945827,-0.47548019999999996,false
polymarket_eth,1787907900000,DOWN,280.0,0.41,0.46884957370095426,0.7361186178945827,-0.41532179999999996,false
polymarket_eth,1787908200000,UP,280.0,0.21,0.43781270900776204,0.7361186178945827,-0.2136498,false
polymarket_eth,1787908500000,DOWN,280.0,0.36,0.4622054113498698,0.7361186178945827,-0.36506879999999997,false
polymarket_eth,1787908500000,UP,249.5,0.65,0.6867151014617263,0.7361186178945827,0.344995,true
polymarket_eth,1787908800000,UP,279.999,0.33,0.422749979163359,0.7361186178945827,-0.3348642,false
polymarket_eth,1787909100000,DOWN,280.0,0.32,0.5103328084135342,0.7361186178945827,0.6752128,true
polymarket_eth,1787909100000,UP,175.499,0.25,0.3029998053185568,0.7361186178945827,-0.254125,false
polymarket_eth,1787909400000,DOWN,280.0,0.45,0.5206982486135663,0.7361186178945827,-0.455445,false
polymarket_eth,1787909400000,UP,222.5,0.35,0.48192740298774195,0.7361186178945827,0.644995,true
polymarket_eth,1787909700000,UP,279.998,0.44,0.48134704335270545,0.7361186178945827,0.5545792,true
polymarket_eth,1787909700000,DOWN,175.5,0.53,0.6049583211799823,0.7361186178945827,-0.5354802000000001,false
polymarket_eth,1787910000000,DOWN,279.5,0.45,0.49271375803003925,0.7361186178945827,0.544555,true
polymarket_eth,1787910000000,UP,253.0,0.4,0.44791008302818514,0.7361186178945827,-0.40528000000000003,false
polymarket_eth,1787910300000,DOWN,279.976,0.34,0.41819446001346483,0.7361186178945827,0.6550632,true
polymarket_eth,1787910300000,UP,231.5,0.71,0.7514228068008917,0.7361186178945827,-0.7145298,false
polymarket_eth,1787910600000,UP,280.0,0.44,0.5120009637314265,0.7361186178945827,0.5545792,true
polymarket_eth,1787910600000,DOWN,265.0,0.45,0.4855601965953916,0.7361186178945827,-0.455445,false
polymarket_eth,1787910900000,UP,280.0,0.33,0.41827861845210035,0.7361186178945827,-0.3348642,false
polymarket_eth,1787911200000,DOWN,279.999,0.35,0.4609154063498022,0.7361186178945827,0.644995,true
polymarket_eth,1787911200000,UP,179.499,0.39,0.45674349653744684,0.7361186178945827,-0.3952338,false
polymarket_eth,1787911500000,UP,279.999,0.26,0.44277264056614907,0.7361186178945827,-0.2642328,false
polymarket_eth,1787911500000,DOWN,231.499,0.27,0.32330550336448605,0.7361186178945827,0.7256638,true
polymarket_eth,1787911800000,DOWN,279.999,0.15,0.26216787390267426,0.7361186178945827,-0.152805,false
polymarket_eth,1787911800000,UP,235.999,0.83,0.8681691020647038,0.7361186178945827,0.16689580000000004,true
polymarket_eth,1787912100000,UP,280.0,0.43,0.5149315832600774,0.7361186178945827,-0.4353922,false
polymarket_eth,1787912400000,UP,279.5,0.38,0.47535868144673543,0.7361186178945827,-0.3851832,false
polymarket_eth,1787912400000,DOWN,207.0,0.5,0.5610032034780872,0.7361186178945827,0.4945,true
polymarket_eth,1787912700000,DOWN,280.0,0.43,0.47128521855219985,0.7361186178945827,-0.4353922,false
polymarket_eth,1787912700000,UP,277.0,0.47,0.5355569703815134,0.7361186178945827,0.5245198,true
polymarket_eth,1787913000000,DOWN,280.0,0.26,0.40322417549541656,0.7361186178945827,-0.2642328,false
polymarket_eth,1787913300000,UP,279.493,0.28,0.3146260702653563,0.7361186178945827,0.7155648,true
polymarket_eth,1787913300000,DOWN,262.0,0.67,0.7094634166051513,0.7361186178945827,-0.6748642,false
polymarket_eth,1787913600000,DOWN,271.0,0.48,0.5298040478760817,0.7361186178945827,0.5145088,true
polymarket_eth,1787913600000,UP,187.5,0.44,0.47661998951182666,0.7361186178945827,-0.4454208,false
polymarket_eth,1787913900000,UP,279.999,0.32,0.47923778270606826,0.7361186178945827,0.6752128,true
polymarket_eth,1787913900000,DOWN,231.996,0.4,0.45787401451731513,0.7361186178945827,-0.40528000000000003,false
polymarket_eth,1787914200000,DOWN,276.0,0.46,0.5420427666691172,0.7361186178945827,-0.4654648,false
polymarket_eth,1787914200000,UP,248.5,0.45,0.5075994542546032,0.7361186178945827,0.544555,true
polymarket_eth,1787914500000,DOWN,272.499,0.45,0.4923787412761297,0.7361186178945827,-0.455445,false
polymarket_eth,1787914500000,UP,242.0,0.6,0.6565299771150283,0.7361186178945827,0.39472,true
polymarket_eth,1787914800000,UP,273.995,0.47,0.5094845492354835,0.7361186178945827,0.5245198,true
polymarket_eth,1787914800000,DOWN,264.5,0.47,0.5669678679210102,0.7361186178945827,-0.47548019999999996,false
polymarket_eth,1787915100000,UP,280.0,0.21,0.2789798612896345,0.7361186178945827,-0.2136498,false
polymarket_eth,1787915100000,DOWN,247.5,0.61,0.6719432945585094,0.7361186178945827,0.3847662,true
polymarket_eth,1787915400000,UP,262.5,0.41,0.45361333899336326,0.7361186178945827,0.5846782,true
polymarket_eth,1787915400000,DOWN,245.499,0.59,0.6282589025005023,0.7361186178945827,-0.5953218,false
polymarket_eth,1787915700000,UP,262.939,0.49,0.5405787927430524,0.7361186178945827,-0.4954978,false
polymarket_eth,1787915700000,DOWN,244.999,0.41,0.4582115005063726,0.7361186178945827,0.5846782,true
polymarket_eth,1787916000000,UP,279.5,0.39,0.4430321472670223,0.7361186178945827,-0.3952338,false
polymarket_eth,1787916000000,DOWN,273.5,0.57,0.6098960092871782,0.7361186178945827,0.42460780000000004,true
polymarket_eth,1787916300000,UP,249.0,0.28,0.3625028863712807,0.7361186178945827,-0.2844352,false
polymarket_eth,1787916600000,DOWN,280.0,0.31,0.45040221513543377,0.7361186178945827,-0.3147058,false
polymarket_eth,1787916600000,UP,276.0,0.52,0.5583660510394569,0.7361186178945827,0.4745088,true
polymarket_eth,1787916900000,UP,278.0,0.18,0.3594419639684677,0.7361186178945827,-0.1832472,false
polymarket_eth,1787917200000,DOWN,271.999,0.43,0.48240040289141206,0.7361186178945827,-0.4353922,false
polymarket_eth,1787917500000,DOWN,279.999,0.4,0.4787672061851924,0.7361186178945827,-0.40528000000000003,false
polymarket_eth,1787917800000,UP,280.0,0.36,0.4521271736689042,0.7361186178945827,-0.36506879999999997,false
polymarket_eth,1787918100000,UP,280.0,0.29,0.43433444764541246,0.7361186178945827,0.7054701999999999,true
polymarket_eth,1787918100000,DOWN,103.49000000000001,0.5,0.5368565113299791,0.7361186178945827,-0.5055,false
polymarket_eth,1787918400000,DOWN,275.499,0.44,0.49220724367267776,0.7361186178945827,0.5545792,true
polymarket_eth,1787918400000,UP,273.5,0.47,0.5109469202569709,0.7361186178945827,-0.47548019999999996,false
polymarket_eth,1787918700000,DOWN,280.0,0.45,0.48651069431699256,0.7361186178945827,0.544555,true
polymarket_eth,1787918700000,UP,199.994,0.61,0.7491471910906999,0.7361186178945827,-0.6152337999999999,false
polymarket_eth,1787919000000,UP,279.999,0.34,0.4260870086564342,0.7361186178945827,-0.34493680000000004,false
polymarket_eth,1787919300000,DOWN,280.0,0.13,0.26385512247859233,0.7361186178945827,-0.1324882,false
polymarket_eth,1787919600000,UP,279.999,0.37,0.6133835852270356,0.7361186178945827,-0.3751282,false
polymarket_eth,1787919900000,DOWN,275.5,0.46,0.5361525109750571,0.7361186178945827,0.5345352,true
polymarket_eth,1787919900000,UP,249.0,0.45,0.5170711547572491,0.7361186178945827,-0.455445,false
polymarket_eth,1787920200000,UP,280.0,0.34,0.4645206524381202,0.7361186178945827,-0.34493680000000004,false
polymarket_eth,1787920500000,DOWN,279.999,0.36,0.4507416728586152,0.7361186178945827,0.6349312,true
polymarket_eth,1787920500000,UP,250.0,0.36,0.47905815535455076,0.7361186178945827,-0.36506879999999997,false
polymarket_eth,1787920800000,UP,273.5,0.36,0.49075263131374747,0.7361186178945827,0.6349312,true
polymarket_eth,1787920800000,DOWN,56.999,0.18,0.4174135033324312,0.7361186178945827,-0.1832472,false
polymarket_eth,1787921100000,DOWN,280.0,0.39,0.4646310387172754,0.7361186178945827,0.6047662,true
polymarket_eth,1787921100000,UP,260.5,0.45,0.5203282946643204,0.7361186178945827,-0.455445,false
polymarket_eth,1787921400000,UP,259.5,0.4,0.469677954949824,0.7361186178945827,0.59472,true
polymarket_eth,1787921400000,DOWN,242.5,0.48,0.5753040571975071,0.7361186178945827,-0.48549119999999996,false
polymarket_eth,1787921700000,DOWN,280.0,0.31,0.41041659330076796,0.7361186178945827,-0.3147058,false
polymarket_eth,1787921700000,UP,249.0,0.54,0.6020042992608786,0.7361186178945827,0.4545352,true
polymarket_eth,1787922000000,UP,279.999,0.28,0.32932157848182264,0.7361186178945827,0.7155648,true
polymarket_eth,1787922000000,DOWN,219.5,0.49,0.6004462537579459,0.7361186178945827,-0.4954978,false
polymarket_eth,1787922300000,DOWN,279.999,0.33,0.4130631306909627,0.7361186178945827,0.6651357999999999,true
polymarket_eth,1787922300000,UP,232.0,0.33,0.4330610767724933,0.7361186178945827,-0.3348642,false
polymarket_eth,1787922600000,UP,234.5,0.54,0.5998903508380296,0.7361186178945827,0.4545352,true
polymarket_eth,1787922600000,DOWN,231.5,0.25,0.3484679554125736,0.7361186178945827,-0.254125,false
polymarket_eth,1787922900000,UP,279.998,0.33,0.37199580172686186,0.7361186178945827,-0.3348642,false
polymarket_eth,1787922900000,DOWN,126.49900000000001,0.7,0.750468579042082,0.7361186178945827,0.29538000000000003,true
polymarket_eth,1787923200000,UP,262.0,0.4,0.4550807476584017,0.7361186178945827,-0.40528000000000003,false
polymarket_eth,1787923200000,DOWN,253.999,0.58,0.615550999105163,0.7361186178945827,0.41464080000000003,true
polymarket_eth,1787923500000,DOWN,280.0,0.33,0.38216747014773766,0.7361186178945827,-0.3348642,false
polymarket_eth,1787923500000,UP,193.998,0.56,0.6237209034188904,0.7361186178945827,0.43457919999999994,true
polymarket_eth,1787923800000,DOWN,280.0,0.32,0.3986616426174393,0.7361186178945827,-0.3247872,false
polymarket_eth,1787923800000,UP,278.0,0.66,0.7151369667789218,0.7361186178945827,0.33506319999999995,true
polymarket_eth,1787924100000,UP,278.999,0.67,0.7230083262743603,0.7361186178945827,-0.6748642,false
polymarket_eth,1787924100000,DOWN,269.5,0.41,0.46356815354484504,0.7361186178945827,0.5846782,true
polymarket_eth,1787924400000,UP,279.999,0.23,0.3219372361267957,0.7361186178945827,-0.2338962,false
polymarket_eth,1787924700000,UP,279.5,0.41,0.47664021467758877,0.7361186178945827,0.5846782,true
polymarket_eth,1787924700000,DOWN,257.999,0.52,0.6113967614651226,0.7361186178945827,-0.5254912,false
polymarket_eth,1787925000000,UP,279.999,0.48,0.6007667779229673,0.7361186178945827,0.5145088,true
polymarket_eth,1787925300000,DOWN,280.0,0.42,0.682116023808985,0.7361186178945827,-0.4253592,false
polymarket_eth,1787925300000,UP,238.0,0.76,0.8036709191939253,0.7361186178945827,0.23598719999999998,true
polymarket_eth,1787925600000,UP,279.998,0.52,0.8244082405349895,0.7361186178945827,-0.5254912,false
polymarket_eth,1787925600000,DOWN,190.999,0.95,0.9997232431126177,0.7361186178945827,0.04895500000000004,true
polymarket_eth,1787925900000,UP,279.499,0.41,0.48419478852929965,0.7361186178945827,-0.41532179999999996,false
polymarket_eth,1787925900000,DOWN,276.496,0.61,0.6651560175058976,0.7361186178945827,0.3847662,true
polymarket_eth,1787926200000,UP,280.0,0.31,0.3609249467317866,0.7361186178945827,-0.3147058,false
polymarket_eth,1787926200000,DOWN,246.0,0.81,0.8594174270587116,0.7361186178945827,0.18661419999999995,true
polymarket_eth,1787926500000,DOWN,280.0,0.58,0.6549058291729075,0.7361186178945827,-0.5853592,false
polymarket_eth,1787926500000,UP,165.973,0.77,0.8233832273555594,0.7361186178945827,0.2261038,true
polymarket_eth,1787926800000,DOWN,279.999,0.37,0.4153472803086873,0.7361186178945827,-0.3751282,false
polymarket_eth,1787926800000,UP,273.999,0.65,0.6944931300629649,0.7361186178945827,0.344995,true
polymarket_eth,1787927100000,DOWN,276.498,0.28,0.3315116568845513,0.7361186178945827,-0.2844352,false
polymarket_eth,1787927400000,DOWN,280.0,0.52,0.794916504807077,0.7361186178945827,-0.5254912,false
polymarket_eth,1787927400000,UP,162.5,0.91,0.9505360123032691,0.7361186178945827,0.08819819999999998,true
polymarket_eth,1787927700000,DOWN,279.999,0.26,0.4782397197194642,0.7361186178945827,-0.2642328,false
polymarket_eth,1787927700000,UP,273.5,0.85,0.9108280064265585,0.7361186178945827,0.14719500000000002,true
polymarket_eth,1787928000000,UP,280.0,0.39,0.8390139094116327,0.7361186178945827,-0.3952338,false
polymarket_eth,1787928000000,DOWN,145.5,0.94,0.9838853385589352,0.7361186178945827,0.05875920000000005,true
polymarket_eth,1787928300000,UP,280.0,0.54,0.6523178266110238,0.7361186178945827,-0.5454648000000001,false
polymarket_eth,1787928300000,DOWN,268.5,0.54,0.5963135556860394,0.7361186178945827,0.4545352,true
polymarket_eth,1787928600000,UP,280.0,0.74,0.8297870302704975,0.7361186178945827,0.25576720000000003,true
polymarket_eth,1787928600000,DOWN,146.5,0.21,0.24588228568369397,0.7361186178945827,-0.2136498,false
okx,1787887500000,DOWN,273.0,0.53,0.5818944835022477,1.0971043357585462,0.4645198,true
okx,1787887500000,UP,237.433,0.35,0.4299070949852481,1.0971043357585462,-0.35500499999999996,false
okx,1787887800000,DOWN,267.0,0.32,0.39217744809372934,1.0971043357585462,-0.3247872,false
okx,1787887800000,UP,231.5,0.55,0.6069548341747594,1.0971043357585462,0.444555,true
okx,1787888100000,UP,170.5,0.34,0.4057744338932986,1.0971043357585462,-0.34493680000000004,false
okx,1787888400000,DOWN,208.5,0.39,0.4556341196278971,1.0971043357585462,0.6047662,true
okx,1787888400000,UP,126.5,0.36,0.39635231100877155,1.0971043357585462,-0.36506879999999997,false
okx,1787888700000,DOWN,178.498,0.39,0.4513596029342377,1.0971043357585462,-0.3952338,false
okx,1787889000000,DOWN,280.0,0.33,0.42664526494983623,1.0971043357585462,-0.3348642,false
okx,1787889000000,UP,260.0,0.38,0.4579852462377703,1.0971043357585462,0.6148167999999999,true
okx,1787889300000,UP,259.5,0.4,0.4467267067752506,1.0971043357585462,-0.40528000000000003,false
okx,1787889600000,DOWN,250.0,0.45,0.4948135061373726,1.0971043357585462,0.544555,true
okx,1787889600000,UP,97.0,0.33,0.43278285728109833,1.0971043357585462,-0.3348642,false
okx,1787889900000,DOWN,260.5,0.3,0.44958350541577463,1.0971043357585462,0.69538,true
okx,1787889900000,UP,248.49800000000002,0.41,0.48034576689503306,1.0971043357585462,-0.41532179999999996,false
okx,1787890200000,DOWN,258.5,0.33,0.3773274122575805,1.0971043357585462,-0.3348642,false
okx,1787890500000,DOWN,272.0,0.33,0.36542916988443763,1.0971043357585462,-0.3348642,false
okx,1787890800000,DOWN,222.0,0.36,0.4169214212983182,1.0971043357585462,0.6349312,true
okx,1787890800000,UP,117.0,0.33,0.3718618900475171,1.0971043357585462,-0.3348642,false
okx,1787891100000,UP,189.0,0.41,0.47219845467334487,1.0971043357585462,-0.41532179999999996,false
okx,1787891400000,DOWN,280.0,0.36,0.43844030421808333,1.0971043357585462,0.6349312,true
okx,1787891400000,UP,174.0,0.42,0.46688071289316113,1.0971043357585462,-0.4253592,false
okx,1787891700000,UP,267.5,0.41,0.44689211866118184,1.0971043357585462,-0.41532179999999996,false
okx,1787892000000,DOWN,280.0,0.33,0.3882650121137693,1.0971043357585462,-0.3348642,false
okx,1787892300000,DOWN,222.0,0.4,0.450829946712648,1.0971043357585462,0.59472,true
okx,1787892300000,UP,98.5,0.44,0.4770296807728156,1.0971043357585462,-0.4454208,false
okx,1787892600000,DOWN,266.0,0.43,0.4762148447384287,1.0971043357585462,-0.4353922,false
okx,1787892900000,DOWN,263.0,0.33,0.44835064500303345,1.0971043357585462,-0.3348642,false
okx,1787892900000,UP,159.999,0.37,0.46252185984746397,1.0971043357585462,0.6248718,true
okx,1787893200000,UP,280.0,0.38,0.4331947125988236,1.0971043357585462,0.6148167999999999,true
okx,1787893200000,DOWN,84.5,0.31,0.4489824326058909,1.0971043357585462,-0.3147058,false
okx,1787893500000,UP,269.5,0.37,0.41506264786949504,1.0971043357585462,-0.3751282,false
okx,1787893800000,DOWN,260.469,0.42,0.46070741102743773,1.0971043357585462,-0.4253592,false
okx,1787893800000,UP,151.5,0.44,0.4888638166633357,1.0971043357585462,0.5545792,true
okx,1787894100000,DOWN,250.499,0.4,0.4559513733264402,1.0971043357585462,-0.40528000000000003,false
okx,1787894400000,UP,179.499,0.37,0.437204903887938,1.0971043357585462,-0.3751282,false
okx,1787894400000,DOWN,47.0,0.68,0.7343842576043595,1.0971043357585462,0.31521279999999996,true
okx,1787894700000,DOWN,263.0,0.41,0.45896486422483584,1.0971043357585462,-0.41532179999999996,false
okx,1787894700000,UP,129.999,0.43,0.484785518601308,1.0971043357585462,0.5646078000000001,true
okx,1787895000000,UP,249.999,0.34,0.43225435441195154,1.0971043357585462,0.6550632,true
okx,1787895000000,DOWN,245.0,0.35,0.47873937173828995,1.0971043357585462,-0.35500499999999996,false
okx,1787895300000,DOWN,253.5,0.36,0.44664693620420026,1.0971043357585462,-0.36506879999999997,false
okx,1787895600000,UP,256.999,0.43,0.4659373379907085,1.0971043357585462,-0.4353922,false
okx,1787895600000,DOWN,96.5,0.45,0.49211596113089007,1.0971043357585462,0.544555,true
okx,1787895900000,DOWN,251.5,0.49,0.5387231509242278,1.0971043357585462,-0.4954978,false
okx,1787896200000,UP,259.0,0.41,0.4618658054133429,1.0971043357585462,-0.41532179999999996,false
okx,1787896500000,UP,278.0,0.32,0.4031356611171409,1.0971043357585462,-0.3247872,false
okx,1787896800000,DOWN,280.0,0.33,0.39937131022140093,1.0971043357585462,-0.3348642,false
okx,1787897100000,DOWN,231.0,0.47,0.5116862038530328,1.0971043357585462,-0.47548019999999996,false
okx,1787897400000,UP,105.499,0.44,0.4778519087165881,1.0971043357585462,0.5545792,true
okx,1787897400000,DOWN,70.999,0.43,0.469236807672873,1.0971043357585462,-0.4353922,false
okx,1787897700000,UP,267.499,0.42,0.47330880849303125,1.0971043357585462,-0.4253592,false
okx,1787897700000,DOWN,121.0,0.57,0.6260730725986696,1.0971043357585462,0.42460780000000004,true
okx,1787898000000,UP,276.0,0.38,0.4475293860734494,1.0971043357585462,-0.3851832,false
okx,1787898000000,DOWN,92.0,0.4,0.4521689009388652,1.0971043357585462,0.59472,true
okx,1787898300000,UP,37.5,0.15,0.4173043993088372,1.0971043357585462,-0.152805,false
okx,1787898600000,DOWN,262.5,0.43,0.46714286552679896,1.0971043357585462,-0.4353922,false
okx,1787898600000,UP,106.994,0.36,0.4621847319881526,1.0971043357585462,0.6349312,true
okx,1787898900000,DOWN,260.0,0.4,0.47967124532182126,1.0971043357585462,-0.40528000000000003,false
okx,1787899200000,UP,257.499,0.17,0.3441534736547197,1.0971043357585462,0.8268958,true
okx,1787899200000,DOWN,93.0,0.4,0.47876289413002415,1.0971043357585462,-0.40528000000000003,false
okx,1787899500000,DOWN,269.5,0.43,0.4711803701655204,1.0971043357585462,-0.4353922,false
okx,1787899800000,UP,272.5,0.5,0.5750347364803711,1.0971043357585462,0.4945,true
okx,1787899800000,DOWN,270.5,0.2,0.4122397889453434,1.0971043357585462,-0.20352,false
okx,1787900100000,UP,221.499,0.47,0.5131380324822956,1.0971043357585462,-0.47548019999999996,false
okx,1787900100000,DOWN,43.0,0.69,0.7736870974055315,1.0971043357585462,0.30529420000000007,true
okx,1787900400000,UP,255.0,0.38,0.4769285761620225,1.0971043357585462,-0.3851832,false
okx,1787900700000,UP,246.0,0.4,0.435757688430171,1.0971043357585462,-0.40528000000000003,false
okx,1787901000000,DOWN,279.458,0.38,0.41948330970483794,1.0971043357585462,-0.3851832,false
okx,1787901300000,DOWN,279.999,0.23,0.3441176168375315,1.0971043357585462,-0.2338962,false
okx,1787901600000,UP,258.984,0.44,0.4762046015903474,1.0971043357585462,-0.4454208,false
okx,1787901900000,DOWN,274.5,0.4,0.46068773864840484,1.0971043357585462,-0.40528000000000003,false
okx,1787902200000,UP,265.0,0.45,0.4896442872018014,1.0971043357585462,-0.455445,false
okx,1787902500000,UP,210.5,0.47,0.5084879973694552,1.0971043357585462,-0.47548019999999996,false
okx,1787902500000,DOWN,196.5,0.41,0.47983372784292977,1.0971043357585462,0.5846782,true
okx,1787902800000,DOWN,261.0,0.44,0.48644318053367086,1.0971043357585462,0.5545792,true
okx,1787902800000,UP,200.499,0.43,0.4681259908269707,1.0971043357585462,-0.4353922,false
okx,1787903100000,DOWN,280.0,0.31,0.3879163810761257,1.0971043357585462,-0.3147058,false
okx,1787903400000,UP,216.5,0.39,0.4504950716298106,1.0971043357585462,-0.3952338,false
okx,1787903400000,DOWN,154.0,0.49,0.5491606276218706,1.0971043357585462,0.5045022,true
okx,1787903700000,DOWN,254.999,0.44,0.5228689436890301,1.0971043357585462,-0.4454208,false
okx,1787904000000,DOWN,279.999,0.37,0.40543357233245914,1.0971043357585462,-0.3751282,false
okx,1787904300000,UP,266.999,0.42,0.46156004001848033,1.0971043357585462,0.5746408000000001,true
okx,1787904300000,DOWN,209.0,0.56,0.6001439379386915,1.0971043357585462,-0.5654208000000001,false
okx,1787904600000,UP,253.0,0.44,0.5211828267084017,1.0971043357585462,-0.4454208,false
okx,1787904900000,DOWN,252.0,0.37,0.41252059814026476,1.0971043357585462,-0.3751282,false
okx,1787905200000,UP,202.5,0.38,0.45020075717594765,1.0971043357585462,-0.3851832,false
okx,1787905200000,DOWN,132.0,0.48,0.5198128809712563,1.0971043357585462,0.5145088,true
okx,1787905500000,DOWN,225.5,0.43,0.4730122859710322,1.0971043357585462,0.5646078000000001,true
okx,1787905500000,UP,180.0,0.43,0.49456560363626534,1.0971043357585462,-0.4353922,false
okx,1787905800000,DOWN,262.0,0.41,0.49155384773073063,1.0971043357585462,0.5846782,true
okx,1787905800000,UP,211.443,0.33,0.5115948372526765,1.0971043357585462,-0.3348642,false
okx,1787906100000,UP,242.0,0.35,0.4643129816422093,1.0971043357585462,-0.35500499999999996,false
okx,1787906400000,DOWN,190.0,0.25,0.4439510080811906,1.0971043357585462,0.745875,true
okx,1787906400000,UP,80.0,0.42,0.47096793146224075,1.0971043357585462,-0.4253592,false
okx,1787906700000,UP,269.5,0.41,0.4498369427162794,1.0971043357585462,-0.41532179999999996,false
okx,1787907000000,UP,276.0,0.36,0.42934898771619023,1.0971043357585462,0.6349312,true
okx,1787907000000,DOWN,252.5,0.37,0.4210851543525822,1.0971043357585462,-0.3751282,false
okx,1787907300000,UP,269.5,0.24,0.36651338837008995,1.0971043357585462,-0.2440128,false
okx,1787907600000,DOWN,270.997,0.53,0.5663628096294422,1.0971043357585462,0.4645198,true
okx,1787907600000,UP,269.499,0.32,0.4015708234068185,1.0971043357585462,-0.3247872,false
okx,1787907900000,DOWN,269.5,0.36,0.4264060321464477,1.0971043357585462,-0.36506879999999997,false
okx,1787908200000,DOWN,229.0,0.39,0.44840189686630727,1.0971043357585462,0.6047662,true
okx,1787908200000,UP,82.0,0.36,0.43555745041015587,1.0971043357585462,-0.36506879999999997,false
okx,1787908500000,DOWN,268.5,0.39,0.43184729252941234,1.0971043357585462,-0.3952338,false
okx,1787908500000,UP,249.5,0.46,0.5234756209557249,1.0971043357585462,0.5345352,true
okx,1787908800000,UP,236.5,0.38,0.4708530606938385,1.0971043357585462,0.6148167999999999,true
okx,1787909100000,UP,263.5,0.41,0.4830876078433048,1.0971043357585462,-0.41532179999999996,false
okx,1787909400000,DOWN,256.5,0.42,0.4934219705241789,1.0971043357585462,-0.4253592,false
okx,1787909400000,UP,224.0,0.46,0.513158216440686,1.0971043357585462,0.5345352,true
okx,1787909700000,UP,269.5,0.33,0.43886502714438796,1.0971043357585462,-0.3348642,false
okx,1787909700000,DOWN,175.0,0.5,0.5620650520311317,1.0971043357585462,0.4945,true
okx,1787910000000,DOWN,269.499,0.39,0.45767551565551934,1.0971043357585462,0.6047662,true
okx,1787910000000,UP,250.5,0.35,0.471377862805061,1.0971043357585462,-0.35500499999999996,false
okx,1787910300000,DOWN,276.499,0.32,0.36945965065620745,1.0971043357585462,-0.3247872,false
okx,1787910300000,UP,126.5,0.51,0.5476026833695413,1.0971043357585462,0.4845022,true
okx,1787910600000,DOWN,265.0,0.42,0.4673506364100667,1.0971043357585462,-0.4253592,false
okx,1787910900000,UP,267.5,0.44,0.4840266699101648,1.0971043357585462,-0.4454208,false
okx,1787910900000,DOWN,117.985,0.52,0.578829191817869,1.0971043357585462,0.4745088,true
okx,1787911200000,DOWN,262.5,0.45,0.4892442226097462,1.0971043357585462,0.544555,true
okx,1787911200000,UP,167.0,0.34,0.4836787326498589,1.0971043357585462,-0.34493680000000004,false
okx,1787911500000,DOWN,269.5,0.38,0.45867511306809317,1.0971043357585462,0.6148167999999999,true
okx,1787911500000,UP,181.5,0.35,0.4061257533831084,1.0971043357585462,-0.35500499999999996,false
okx,1787911800000,DOWN,269.5,0.16,0.29646294970724063,1.0971043357585462,-0.1629568,false
okx,1787912100000,DOWN,266.5,0.43,0.47246561201009196,1.0971043357585462,0.5646078000000001,true
okx,1787912100000,UP,219.0,0.41,0.46623023813343656,1.0971043357585462,-0.41532179999999996,false
okx,1787912400000,UP,258.5,0.38,0.4309568053223798,1.0971043357585462,-0.3851832,false
okx,1787912700000,UP,253.0,0.41,0.46366722539511696,1.0971043357585462,0.5846782,true
okx,1787912700000,DOWN,235.0,0.44,0.48023384620311915,1.0971043357585462,-0.4454208,false
okx,1787913000000,DOWN,278.5,0.41,0.4463088877729873,1.0971043357585462,-0.41532179999999996,false
okx,1787913300000,UP,248.5,0.31,0.4205705625318221,1.0971043357585462,0.6852942,true
okx,1787913300000,DOWN,172.0,0.42,0.4727601577617103,1.0971043357585462,-0.4253592,false
okx,1787913600000,UP,237.918,0.35,0.47002316916145065,1.0971043357585462,-0.35500499999999996,false
okx,1787913900000,UP,246.0,0.45,0.48801913215240644,1.0971043357585462,0.544555,true
okx,1787913900000,DOWN,226.495,0.28,0.49025426186786125,1.0971043357585462,-0.2844352,false
okx,1787914200000,UP,250.0,0.43,0.4745259040051235,1.0971043357585462,0.5646078000000001,true
okx,1787914200000,DOWN,129.489,0.31,0.43548146077864613,1.0971043357585462,-0.3147058,false
okx,1787914500000,DOWN,268.5,0.39,0.46902934199282265,1.0971043357585462,-0.3952338,false
okx,1787914800000,UP,269.5,0.43,0.46635593593409425,1.0971043357585462,0.5646078000000001,true
okx,1787914800000,DOWN,261.5,0.41,0.4759929417790649,1.0971043357585462,-0.41532179999999996,false
okx,1787915100000,UP,269.5,0.27,0.37219202822530284,1.0971043357585462,-0.27433620000000003,false
okx,1787915400000,UP,250.499,0.42,0.4585458945149711,1.0971043357585462,0.5746408000000001,true
okx,1787915400000,DOWN,164.0,0.47,0.5199515570189017,1.0971043357585462,-0.47548019999999996,false
okx,1787915700000,DOWN,218.5,0.45,0.48672972086147437,1.0971043357585462,-0.455445,false
okx,1787915700000,UP,195.0,0.41,0.4794246131955815,1.0971043357585462,0.5846782,true
okx,1787916000000,UP,269.5,0.37,0.44324666773695215,1.0971043357585462,0.6248718,true
okx,1787916000000,DOWN,59.988,0.41,0.48293041572019924,1.0971043357585462,-0.41532179999999996,false
okx,1787916300000,UP,260.999,0.34,0.43705979328917577,1.0971043357585462,-0.34493680000000004,false
okx,1787916600000,DOWN,268.499,0.45,0.49080890753156736,1.0971043357585462,-0.455445,false
okx,1787916600000,UP,243.999,0.41,0.4737217147438166,1.0971043357585462,0.5846782,true
okx,1787916900000,UP,268.0,0.31,0.3795361628551601,1.0971043357585462,-0.3147058,false
okx,1787916900000,DOWN,58.5,0.85,0.9290043668286272,1.0971043357585462,0.14719500000000002,true
okx,1787917200000,DOWN,224.0,0.4,0.4768119762518813,1.0971043357585462,-0.40528000000000003,false
okx,1787917500000,DOWN,233.982,0.43,0.4746391110496213,1.0971043357585462,-0.4353922,false
okx,1787917800000,UP,263.5,0.36,0.4587177869460456,1.0971043357585462,-0.36506879999999997,false
okx,1787918100000,UP,269.0,0.31,0.42222388700765373,1.0971043357585462,0.6852942,true
okx,1787918100000,DOWN,262.5,0.49,0.5329550391267288,1.0971043357585462,-0.4954978,false
okx,1787918400000,UP,269.5,0.37,0.4910962554961293,1.0971043357585462,0.6248718,true
okx,1787918400000,DOWN,197.0,0.39,0.47852964788250163,1.0971043357585462,-0.3952338,false
okx,1787918700000,DOWN,269.5,0.31,0.4517081990429599,1.0971043357585462,0.6852942,true
okx,1787918700000,UP,111.0,0.43,0.4856969813526587,1.0971043357585462,-0.4353922,false
okx,1787919000000,UP,269.5,0.4,0.43543396007501467,1.0971043357585462,-0.40528000000000003,false
okx,1787919300000,DOWN,280.0,0.3,0.3978615573937677,1.0971043357585462,-0.30462,false
okx,1787919600000,DOWN,278.5,0.29,0.4072312110775014,1.0971043357585462,0.7054701999999999,true
okx,1787919600000,UP,81.499,0.47,0.5131546247781757,1.0971043357585462,-0.47548019999999996,false
okx,1787919900000,UP,248.49800000000002,0.42,0.46353514836308196,1.0971043357585462,-0.4253592,false
okx,1787920200000,UP,261.482,0.4,0.4754138596043949,1.0971043357585462,-0.40528000000000003,false
okx,1787920200000,DOWN,205.5,0.41,0.49362070379555856,1.0971043357585462,0.5846782,true
okx,1787920500000,UP,251.5,0.34,0.45250511929430337,1.0971043357585462,-0.34493680000000004,false
okx,1787920800000,UP,258.998,0.41,0.4525796403721974,1.0971043357585462,0.5846782,true
okx,1787920800000,DOWN,33.0,0.47,0.514349771715727,1.0971043357585462,-0.47548019999999996,false
okx,1787921100000,UP,261.0,0.44,0.48526576784984,1.0971043357585462,-0.4454208,false
okx,1787921100000,DOWN,203.942,0.47,0.5134634598349179,1.0971043357585462,0.5245198,true
okx,1787921400000,UP,269.5,0.38,0.431433461791995,1.0971043357585462,-0.3851832,false
okx,1787921700000,DOWN,280.0,0.29,0.4359529688499669,1.0971043357585462,-0.29452979999999995,false
okx,1787921700000,UP,247.5,0.42,0.48777405701136656,1.0971043357585462,0.5746408000000001,true
okx,1787922000000,UP,239.0,0.31,0.4089913936901948,1.0971043357585462,0.6852942,true
okx,1787922000000,DOWN,219.5,0.41,0.5092705352182558,1.0971043357585462,-0.41532179999999996,false
okx,1787922300000,UP,241.0,0.44,0.4761360215081698,1.0971043357585462,-0.4454208,false
okx,1787922300000,DOWN,69.0,0.93,0.9672801628451786,1.0971043357585462,0.06856779999999996,true
okx,1787922600000,DOWN,269.5,0.39,0.43466564891871773,1.0971043357585462,-0.3952338,false
okx,1787922900000,DOWN,272.0,0.53,0.583002665114728,1.0971043357585462,0.4645198,true
okx,1787922900000,UP,269.5,0.31,0.40194181142112506,1.0971043357585462,-0.3147058,false
okx,1787923200000,UP,268.5,0.41,0.4498002361065554,1.0971043357585462,-0.41532179999999996,false
okx,1787923500000,DOWN,280.0,0.37,0.4412769727270649,1.0971043357585462,0.6248718,true
okx,1787923500000,UP,193.5,0.4,0.4828582329669865,1.0971043357585462,-0.40528000000000003,false
okx,1787923800000,DOWN,251.5,0.5,0.5355621869209611,1.0971043357585462,-0.5055,false
okx,1787923800000,UP,240.5,0.45,0.5106566825735597,1.0971043357585462,0.544555,true
okx,1787924100000,UP,253.0,0.48,0.5282223690964369,1.0971043357585462,-0.48549119999999996,false
okx,1787924400000,DOWN,278.998,0.53,0.6275478607799321,1.0971043357585462,0.4645198,true
okx,1787924400000,UP,277.5,0.32,0.3562854538223986,1.0971043357585462,-0.3247872,false
okx,1787924700000,DOWN,257.5,0.34,0.39107845840725497,1.0971043357585462,-0.34493680000000004,false
okx,1787924700000,UP,48.999,0.968,0.9992905704685588,1.0971043357585462,0.031318528000000026,true
okx,1787925000000,DOWN,250.5,0.33,0.3657107417770975,1.0971043357585462,-0.3348642,false
okx,1787925000000,UP,221.499,0.61,0.6553533824798221,1.0971043357585462,0.3847662,true
okx,1787925300000,DOWN,279.0,0.53,0.5987448970987579,1.0971043357585462,-0.5354802000000001,false
okx,1787925300000,UP,194.0,0.38,0.4206521114761982,1.0971043357585462,0.6148167999999999,true
okx,1787925600000,UP,275.0,0.93,0.9876758813244111,1.0971043357585462,-0.9314322,false
okx,1787925600000,DOWN,240.5,0.27,0.30538471398349576,1.0971043357585462,0.7256638,true
okx,1787925900000,UP,278.5,0.64,0.6765769791456826,1.0971043357585462,0.3549312,true
okx,1787925900000,DOWN,253.0,0.53,0.5786835902269281,1.0971043357585462,-0.5354802000000001,false
okx,1787926200000,DOWN,235.5,0.61,0.6639831484608152,1.0971043357585462,0.3847662,true
okx,1787926500000,DOWN,277.5,0.53,0.5962170524311803,1.0971043357585462,-0.5354802000000001,false
okx,1787926500000,UP,152.5,0.82,0.8564572180260979,1.0971043357585462,0.17675280000000004,true
okx,1787926800000,UP,128.5,0.78,0.8400904468870589,1.0971043357585462,-0.7837752,false
okx,1787926800000,DOWN,65.0,0.92,0.9550025737988196,1.0971043357585462,0.07838079999999996,true
okx,1787927100000,DOWN,228.0,0.7,0.7503480003133851,1.0971043357585462,-0.7046199999999999,false
okx,1787927100000,UP,44.0,0.06,0.09460017478680882,1.0971043357585462,0.9387591999999999,true
okx,1787927400000,DOWN,280.0,0.53,0.6203357224831529,1.0971043357585462,-0.5354802000000001,false
okx,1787927400000,UP,168.0,0.83,0.9225736008942559,1.0971043357585462,0.16689580000000004,true
okx,1787927700000,UP,217.0,0.67,0.714779660808813,1.0971043357585462,0.3251358,true
okx,1787928000000,UP,269.5,0.7,0.791565731102194,1.0971043357585462,-0.7046199999999999,false
okx,1787928000000,DOWN,151.5,0.78,0.8240549713083445,1.0971043357585462,0.21622479999999997,true
okx,1787928300000,DOWN,177.0,0.85,0.8834082603140667,1.0971043357585462,0.14719500000000002,true
okx,1787928600000,UP,164.0,0.86,0.8929460451885776,1.0971043357585462,0.1373512,true
okx,1787928900000,UP,168.0,0.72,0.7620681645036896,1.0971043357585462,0.27556480000000005,true
okx,1787928900000,DOWN,66.0,0.4,0.4685032535441517,1.0971043357585462,-0.40528000000000003,false
binance,1787887500000,UP,279.999,0.42,0.5129027339702401,0.8523403273770269,-0.4253592,false
binance,1787887800000,DOWN,267.5,0.35,0.3974857432169929,0.8523403273770269,-0.35500499999999996,false
binance,1787887800000,UP,231.5,0.63,0.7147723373905055,0.8523403273770269,0.36487179999999997,true
binance,1787888100000,UP,279.999,0.37,0.48175675274508745,0.8523403273770269,-0.3751282,false
binance,1787888100000,DOWN,263.0,0.43,0.4889276600652729,0.8523403273770269,0.5646078000000001,true
binance,1787888400000,UP,280.0,0.48,0.5461699178772187,0.8523403273770269,-0.48549119999999996,false
binance,1787888400000,DOWN,208.999,0.39,0.4451755448888516,0.8523403273770269,0.6047662,true
binance,1787888700000,UP,253.5,0.43,0.5280089801223413,0.8523403273770269,0.5646078000000001,true
binance,1787888700000,DOWN,190.5,0.51,0.5456796752404685,0.8523403273770269,-0.5154978,false
binance,1787889000000,UP,277.499,0.56,0.6221762459703778,0.8523403273770269,0.43457919999999994,true
binance,1787889000000,DOWN,205.0,0.49,0.5353177283505117,0.8523403273770269,-0.4954978,false
binance,1787889300000,UP,278.5,0.5,0.5390480747560801,0.8523403273770269,-0.5055,false
binance,1787889600000,DOWN,251.49200000000002,0.43,0.4748560335088249,0.8523403273770269,0.5646078000000001,true
binance,1787889600000,UP,113.5,0.51,0.620296074371943,0.8523403273770269,-0.5154978,false
binance,1787889900000,DOWN,274.479,0.3,0.4700173232750625,0.8523403273770269,0.69538,true
binance,1787889900000,UP,249.0,0.53,0.662480497986462,0.8523403273770269,-0.5354802000000001,false
binance,1787890200000,UP,263.0,0.41,0.4545241299167944,0.8523403273770269,0.5846782,true
binance,1787890200000,DOWN,262.5,0.46,0.5455189715723293,0.8523403273770269,-0.4654648,false
binance,1787890500000,UP,280.0,0.63,0.6831383675293965,0.8523403273770269,0.36487179999999997,true
binance,1787890500000,DOWN,278.5,0.28,0.3478741949106462,0.8523403273770269,-0.2844352,false
binance,1787890800000,UP,254.499,0.43,0.47191888551629285,0.8523403273770269,-0.4353922,false
binance,1787890800000,DOWN,238.499,0.5,0.5783582016334438,0.8523403273770269,0.4945,true
binance,1787891100000,UP,270.494,0.5,0.5524102775899616,0.8523403273770269,-0.5055,false
binance,1787891100000,DOWN,251.0,0.42,0.4665885155338625,0.8523403273770269,0.5746408000000001,true
binance,1787891400000,DOWN,280.0,0.31,0.41204091018668465,0.8523403273770269,0.6852942,true
binance,1787891400000,UP,177.474,0.57,0.6393994823457354,0.8523403273770269,-0.5753921999999999,false
binance,1787891700000,UP,279.0,0.5,0.5547655759946872,0.8523403273770269,-0.5055,false
binance,1787892000000,DOWN,280.0,0.22,0.35818710510120133,0.8523403273770269,-0.2237752,false
binance,1787892300000,UP,273.0,0.47,0.5109477547952835,0.8523403273770269,-0.47548019999999996,false
binance,1787892300000,DOWN,222.5,0.34,0.46405733735315846,0.8523403273770269,0.6550632,true
binance,1787892600000,UP,278.0,0.48,0.5240644085445815,0.8523403273770269,0.5145088,true
binance,1787892600000,DOWN,266.0,0.43,0.4705048677671697,0.8523403273770269,-0.4353922,false
binance,1787892900000,DOWN,280.0,0.45,0.5113732793529366,0.8523403273770269,0.544555,true
binance,1787892900000,UP,162.5,0.5,0.5367351600475014,0.8523403273770269,-0.5055,false
binance,1787893200000,UP,256.0,0.28,0.4121946456715689,0.8523403273770269,0.7155648,true
binance,1787893200000,DOWN,85.999,0.61,0.6629865892803797,0.8523403273770269,-0.6152337999999999,false
binance,1787893500000,UP,279.0,0.44,0.49180176357014277,0.8523403273770269,-0.4454208,false
binance,1787893800000,DOWN,279.5,0.32,0.3613234187506803,0.8523403273770269,-0.3247872,false
binance,1787893800000,UP,228.0,0.57,0.6327823801853308,0.8523403273770269,0.42460780000000004,true
binance,1787894100000,DOWN,250.499,0.35,0.4224402031870731,0.8523403273770269,0.644995,true
binance,1787894100000,UP,239.0,0.54,0.5802137265369144,0.8523403273770269,-0.5454648000000001,false
binance,1787894400000,UP,279.999,0.4,0.46409931251121794,0.8523403273770269,0.59472,true
binance,1787894700000,DOWN,280.0,0.36,0.44454740168131857,0.8523403273770269,-0.36506879999999997,false
binance,1787894700000,UP,272.5,0.56,0.5955845184199523,0.8523403273770269,0.43457919999999994,true
binance,1787895000000,UP,280.0,0.41,0.4682197547049948,0.8523403273770269,0.5846782,true
binance,1787895000000,DOWN,246.0,0.47,0.583778683537586,0.8523403273770269,-0.47548019999999996,false
binance,1787895300000,UP,280.0,0.47,0.5113123024698131,0.8523403273770269,0.5245198,true
binance,1787895300000,DOWN,254.999,0.44,0.49378098017499705,0.8523403273770269,-0.4454208,false
binance,1787895600000,UP,280.0,0.42,0.49385890894246814,0.8523403273770269,-0.4253592,false
binance,1787895600000,DOWN,96.5,0.43,0.48336053805825685,0.8523403273770269,0.5646078000000001,true
binance,1787895900000,UP,280.0,0.49,0.5382856954384853,0.8523403273770269,0.5045022,true
binance,1787895900000,DOWN,220.5,0.41,0.44544307273859896,0.8523403273770269,-0.41532179999999996,false
binance,1787896200000,DOWN,280.0,0.4,0.45190091361085205,0.8523403273770269,0.59472,true
binance,1787896200000,UP,267.0,0.49,0.5476121860913864,0.8523403273770269,-0.4954978,false
binance,1787896500000,UP,280.0,0.28,0.445202765960825,0.8523403273770269,-0.2844352,false
binance,1787896800000,DOWN,280.0,0.23,0.3714206835233187,0.8523403273770269,-0.2338962,false
binance,1787897100000,UP,271.5,0.47,0.5120277678440314,0.8523403273770269,0.5245198,true
binance,1787897100000,DOWN,233.0,0.48,0.5464843289343435,0.8523403273770269,-0.48549119999999996,false
binance,1787897400000,UP,279.999,0.31,0.4444693659763202,0.8523403273770269,0.6852942,true
binance,1787897400000,DOWN,193.5,0.51,0.5477428367556574,0.8523403273770269,-0.5154978,false
binance,1787897700000,UP,265.0,0.35,0.4913981267011441,0.8523403273770269,-0.35500499999999996,false
binance,1787898000000,UP,280.0,0.32,0.46566246909534525,0.8523403273770269,-0.3247872,false
binance,1787898000000,DOWN,130.0,0.49,0.5524398429125528,0.8523403273770269,0.5045022,true
binance,1787898300000,DOWN,198.5,0.43,0.47522790652549907,0.8523403273770269,0.5646078000000001,true
binance,1787898300000,UP,146.0,0.44,0.4882217646907724,0.8523403273770269,-0.4454208,false
binance,1787898600000,DOWN,270.0,0.43,0.4743447731047168,0.8523403273770269,-0.4353922,false
binance,1787898600000,UP,248.5,0.53,0.5669832853940197,0.8523403273770269,0.4645198,true
binance,1787898900000,UP,279.5,0.46,0.5083595951984138,0.8523403273770269,0.5345352,true
binance,1787898900000,DOWN,261.0,0.42,0.4915727429331793,0.8523403273770269,-0.4253592,false
binance,1787899200000,UP,280.0,0.3,0.4524461556964377,0.8523403273770269,0.69538,true
binance,1787899200000,DOWN,98.5,0.45,0.4875737116110772,0.8523403273770269,-0.455445,false
binance,1787899500000,UP,279.0,0.49,0.5324536251322686,0.8523403273770269,0.5045022,true
binance,1787899500000,DOWN,270.0,0.41,0.4574274146675009,0.8523403273770269,-0.41532179999999996,false
binance,1787899800000,DOWN,280.0,0.32,0.4280726289496164,0.8523403273770269,0.6752128,true
binance,1787899800000,UP,226.0,0.55,0.6367984104904092,0.8523403273770269,-0.5554450000000001,false
binance,1787900100000,UP,280.0,0.33,0.47266220296544675,0.8523403273770269,-0.3348642,false
binance,1787900400000,UP,280.0,0.46,0.511312106744326,0.8523403273770269,-0.4654648,false
binance,1787900700000,DOWN,276.5,0.42,0.5143718246436519,0.8523403273770269,0.5746408000000001,true
binance,1787900700000,UP,271.499,0.47,0.5246038935925922,0.8523403273770269,-0.47548019999999996,false
binance,1787901000000,DOWN,279.999,0.29,0.38026379973827873,0.8523403273770269,0.7054701999999999,true
binance,1787901300000,DOWN,279.999,0.16,0.294695750074349,0.8523403273770269,-0.1629568,false
binance,1787901600000,UP,258.984,0.38,0.4915688755359964,0.8523403273770269,-0.3851832,false
binance,1787901600000,DOWN,148.5,0.52,0.5714873513652886,0.8523403273770269,0.4745088,true
binance,1787901900000,DOWN,280.0,0.35,0.47927970851003565,0.8523403273770269,-0.35500499999999996,false
binance,1787902200000,UP,280.0,0.49,0.5261146833133088,0.8523403273770269,-0.4954978,false
binance,1787902500000,DOWN,280.0,0.4,0.44661584592533765,0.8523403273770269,0.59472,true
binance,1787902500000,UP,209.475,0.42,0.5410977555297687,0.8523403273770269,-0.4253592,false
binance,1787902800000,DOWN,265.0,0.44,0.47893943686913587,0.8523403273770269,0.5545792,true
binance,1787902800000,UP,215.5,0.48,0.5169737898134297,0.8523403273770269,-0.48549119999999996,false
binance,1787903100000,DOWN,280.0,0.26,0.33914799402933893,0.8523403273770269,-0.2642328,false
binance,1787903400000,UP,240.5,0.4,0.486095830577557,0.8523403273770269,-0.40528000000000003,false
binance,1787903700000,UP,280.0,0.38,0.5060627709560892,0.8523403273770269,0.6148167999999999,true
binance,1787903700000,DOWN,254.5,0.44,0.5543384071821699,0.8523403273770269,-0.4454208,false
binance,1787904000000,DOWN,279.999,0.27,0.34925885061295237,0.8523403273770269,-0.27433620000000003,false
binance,1787904300000,UP,278.5,0.45,0.4934290698542895,0.8523403273770269,0.544555,true
binance,1787904300000,DOWN,209.0,0.65,0.6972799066610263,0.8523403273770269,-0.6550050000000001,false
binance,1787904600000,UP,253.5,0.55,0.6232772368752427,0.8523403273770269,-0.5554450000000001,false
binance,1787904900000,DOWN,252.5,0.27,0.44814098316253925,0.8523403273770269,-0.27433620000000003,false
binance,1787905200000,UP,253.99800000000002,0.41,0.5187238186910109,0.8523403273770269,-0.41532179999999996,false
binance,1787905500000,UP,270.5,0.47,0.5345486265093551,0.8523403273770269,-0.47548019999999996,false
binance,1787905500000,DOWN,257.5,0.43,0.46917044120329776,0.8523403273770269,0.5646078000000001,true
binance,1787905800000,DOWN,248.999,0.42,0.47598912689904316,0.8523403273770269,-0.4253592,false
binance,1787905800000,UP,241.0,0.47,0.5300880365710005,0.8523403273770269,0.5245198,true
binance,1787906100000,UP,253.499,0.45,0.5198832894852283,0.8523403273770269,-0.455445,false
binance,1787906400000,UP,236.0,0.41,0.5086058481712985,0.8523403273770269,-0.41532179999999996,false
binance,1787906400000,DOWN,217.5,0.49,0.528588461896659,0.8523403273770269,0.5045022,true
binance,1787906700000,UP,278.5,0.49,0.5363898247323866,0.8523403273770269,-0.4954978,false
binance,1787907000000,UP,276.5,0.43,0.4864605362872844,0.8523403273770269,0.5646078000000001,true
binance,1787907000000,DOWN,270.499,0.51,0.5794216407855477,0.8523403273770269,-0.5154978,false
binance,1787907300000,UP,279.999,0.37,0.41946502263666385,0.8523403273770269,-0.3751282,false
binance,1787907600000,UP,275.5,0.43,0.47130507039316116,0.8523403273770269,-0.4353922,false
binance,1787907900000,DOWN,279.0,0.54,0.5978579548070021,0.8523403273770269,-0.5454648000000001,false
binance,1787908200000,UP,280.0,0.47,0.5090690570877888,0.8523403273770269,-0.47548019999999996,false
binance,1787908200000,DOWN,232.5,0.41,0.4752285687221437,0.8523403273770269,0.5846782,true
binance,1787908500000,DOWN,280.0,0.4,0.4461173125003334,0.8523403273770269,-0.40528000000000003,false
binance,1787908500000,UP,245.0,0.51,0.5547175920368516,0.8523403273770269,0.4845022,true
binance,1787908800000,UP,279.5,0.43,0.4796418369776704,0.8523403273770269,0.5646078000000001,true
binance,1787909100000,UP,273.999,0.48,0.5192810765385478,0.8523403273770269,-0.48549119999999996,false
binance,1787909400000,DOWN,256.0,0.38,0.445164283686901,0.8523403273770269,-0.3851832,false
binance,1787909400000,UP,178.181,0.49,0.5943650841768638,0.8523403273770269,0.5045022,true
binance,1787909700000,UP,268.999,0.3,0.48909199566657907,0.8523403273770269,0.69538,true
binance,1787909700000,DOWN,172.5,0.49,0.5437657354673071,0.8523403273770269,-0.4954978,false
binance,1787910000000,DOWN,279.999,0.37,0.4376685095165501,0.8523403273770269,0.6248718,true
binance,1787910000000,UP,250.0,0.39,0.5685764664712604,0.8523403273770269,-0.3952338,false
binance,1787910300000,DOWN,279.976,0.34,0.4237437762558529,0.8523403273770269,0.6550632,true
binance,1787910300000,UP,189.0,0.67,0.72173427273001,0.8523403273770269,-0.6748642,false
binance,1787910600000,DOWN,272.499,0.41,0.4492877935764932,0.8523403273770269,-0.41532179999999996,false
binance,1787910900000,UP,280.0,0.43,0.5065062528888361,0.8523403273770269,-0.4353922,false
binance,1787911200000,UP,269.0,0.49,0.5298803573350082,0.8523403273770269,-0.4954978,false
binance,1787911200000,DOWN,236.0,0.42,0.4733283396147324,0.8523403273770269,0.5746408000000001,true
binance,1787911500000,DOWN,270.5,0.4,0.44392384017930364,0.8523403273770269,0.59472,true
binance,1787911500000,UP,200.5,0.53,0.5732206241280888,0.8523403273770269,-0.5354802000000001,false
binance,1787911800000,DOWN,279.999,0.16,0.3014873153309955,0.8523403273770269,-0.1629568,false
binance,1787912100000,DOWN,258.5,0.43,0.4724127223212856,0.8523403273770269,0.5646078000000001,true
binance,1787912100000,UP,242.5,0.47,0.529114462769594,0.8523403273770269,-0.47548019999999996,false
binance,1787912400000,UP,256.0,0.34,0.43059719983071626,0.8523403273770269,-0.34493680000000004,false
binance,1787912700000,UP,256.5,0.45,0.49196423187320976,0.8523403273770269,0.544555,true
binance,1787912700000,DOWN,238.138,0.45,0.5232086856228328,0.8523403273770269,-0.455445,false
binance,1787913000000,DOWN,280.0,0.34,0.4579816684082836,0.8523403273770269,-0.34493680000000004,false
binance,1787913000000,UP,185.5,0.55,0.5968069932811815,0.8523403273770269,0.444555,true
binance,1787913300000,UP,280.0,0.3,0.4088525308615229,0.8523403273770269,0.69538,true
binance,1787913300000,DOWN,174.499,0.47,0.5160559916157346,0.8523403273770269,-0.47548019999999996,false
binance,1787913600000,UP,276.0,0.47,0.5110714092447556,0.8523403273770269,-0.47548019999999996,false
binance,1787913900000,UP,279.999,0.4,0.4827882163976493,0.8523403273770269,0.59472,true
binance,1787913900000,DOWN,231.0,0.5,0.5387742083029798,0.8523403273770269,-0.5055,false
binance,1787914200000,UP,279.999,0.41,0.49036856446062105,0.8523403273770269,0.5846782,true
binance,1787914200000,DOWN,133.5,0.5,0.5554797659938688,0.8523403273770269,-0.5055,false
binance,1787914500000,UP,277.999,0.53,0.5674532403025798,0.8523403273770269,0.4645198,true
binance,1787914500000,DOWN,267.5,0.38,0.46754100275092025,0.8523403273770269,-0.3851832,false
binance,1787914800000,DOWN,279.999,0.42,0.4705232702177651,0.8523403273770269,-0.4253592,false
binance,1787914800000,UP,274.499,0.46,0.5320883433382546,0.8523403273770269,0.5345352,true
binance,1787915100000,UP,280.0,0.27,0.3489513546999461,0.8523403273770269,-0.27433620000000003,false
binance,1787915100000,DOWN,248.5,0.64,0.6813802731884633,0.8523403273770269,0.3549312,true
binance,1787915700000,DOWN,229.0,0.44,0.4929667980081228,0.8523403273770269,-0.4454208,false
binance,1787915700000,UP,193.999,0.45,0.4883871966837497,0.8523403273770269,0.544555,true
binance,1787916000000,UP,280.0,0.44,0.49373065920444187,0.8523403273770269,0.5545792,true
binance,1787916000000,DOWN,61.0,0.49,0.6155027363906724,0.8523403273770269,-0.4954978,false
binance,1787916300000,UP,280.0,0.36,0.43003875301240124,0.8523403273770269,-0.36506879999999997,false
binance,1787916600000,DOWN,280.0,0.41,0.46081919536766835,0.8523403273770269,-0.41532179999999996,false
binance,1787916600000,UP,276.5,0.48,0.5367060109566035,0.8523403273770269,0.5145088,true
binance,1787916900000,UP,278.0,0.23,0.3248194347635139,0.8523403273770269,-0.2338962,false
binance,1787917200000,DOWN,271.499,0.45,0.5090890993923081,0.8523403273770269,-0.455445,false
binance,1787917200000,UP,211.0,0.46,0.5147669866412584,0.8523403273770269,0.5345352,true
binance,1787917500000,DOWN,258.0,0.44,0.4939818038056817,0.8523403273770269,-0.4454208,false
binance,1787917500000,UP,152.0,0.53,0.5718127649381012,0.8523403273770269,0.4645198,true
binance,1787917800000,UP,280.0,0.33,0.42379237367901357,0.8523403273770269,-0.3348642,false
binance,1787918100000,UP,280.0,0.26,0.40450063785390467,0.8523403273770269,0.7357672,true
binance,1787918100000,DOWN,262.0,0.54,0.5875549667865059,0.8523403273770269,-0.5454648000000001,false
binance,1787918400000,UP,270.5,0.45,0.4942853032056714,0.8523403273770269,0.544555,true
binance,1787918400000,DOWN,235.5,0.52,0.5723162038529886,0.8523403273770269,-0.5254912,false
binance,1787918700000,DOWN,277.0,0.37,0.49374875472944035,0.8523403273770269,0.6248718,true
binance,1787918700000,UP,194.999,0.55,0.5922914754266815,0.8523403273770269,-0.5554450000000001,false
binance,1787919000000,UP,279.999,0.36,0.4596408249121972,0.8523403273770269,-0.36506879999999997,false
binance,1787919300000,DOWN,280.0,0.23,0.37053470243541053,0.8523403273770269,-0.2338962,false
binance,1787919600000,DOWN,279.999,0.31,0.38550307941726547,0.8523403273770269,0.6852942,true
binance,1787919600000,UP,88.0,0.66,0.7032156952499957,0.8523403273770269,-0.6649368,false
binance,1787919900000,UP,277.999,0.42,0.4829699778931864,0.8523403273770269,-0.4253592,false
binance,1787919900000,DOWN,274.999,0.49,0.5339170299900446,0.8523403273770269,0.5045022,true
binance,1787920200000,UP,261.0,0.39,0.46554344242123746,0.8523403273770269,-0.3952338,false
binance,1787920200000,DOWN,235.0,0.54,0.5882080957241649,0.8523403273770269,0.4545352,true
binance,1787920500000,DOWN,277.5,0.42,0.46372424955857683,0.8523403273770269,0.5746408000000001,true
binance,1787920500000,UP,251.5,0.4,0.5207682197346858,0.8523403273770269,-0.40528000000000003,false
binance,1787920800000,UP,262.5,0.42,0.47138515220866894,0.8523403273770269,0.5746408000000001,true
binance,1787920800000,DOWN,143.0,0.69,0.7273757055684247,0.8523403273770269,-0.6947057999999999,false
binance,1787921100000,DOWN,233.0,0.48,0.5206813317784241,0.8523403273770269,0.5145088,true
binance,1787921100000,UP,75.0,0.49,0.5284005817971233,0.8523403273770269,-0.4954978,false
binance,1787921400000,UP,280.0,0.37,0.4161876608389349,0.8523403273770269,-0.3751282,false
binance,1787921400000,DOWN,189.499,0.56,0.6186503311955268,0.8523403273770269,0.43457919999999994,true
binance,1787921700000,DOWN,280.0,0.32,0.4247219096898983,0.8523403273770269,-0.3247872,false
binance,1787921700000,UP,248.499,0.5,0.5578341037955561,0.8523403273770269,0.4945,true
binance,1787922000000,UP,279.999,0.33,0.3858870384489164,0.8523403273770269,0.6651357999999999,true
binance,1787922000000,DOWN,237.523,0.57,0.619778406026195,0.8523403273770269,-0.5753921999999999,false
binance,1787922300000,UP,214.5,0.25,0.3624388813187388,0.8523403273770269,-0.254125,false
binance,1787922600000,DOWN,276.499,0.36,0.4027748631912522,0.8523403273770269,-0.36506879999999997,false
binance,1787922600000,UP,177.81300000000002,0.68,0.7290836941019985,0.8523403273770269,0.31521279999999996,true
binance,1787922900000,UP,279.998,0.35,0.4450613764821594,0.8523403273770269,-0.35500499999999996,false
binance,1787922900000,DOWN,127.0,0.55,0.603933531285896,0.8523403273770269,0.444555,true
binance,1787923200000,UP,279.999,0.35,0.43397681242209907,0.8523403273770269,-0.35500499999999996,false
binance,1787923500000,DOWN,280.0,0.35,0.4039818504787054,0.8523403273770269,0.644995,true
binance,1787923500000,UP,196.498,0.53,0.578065242897892,0.8523403273770269,-0.5354802000000001,false
binance,1787923800000,DOWN,228.49800000000002,0.38,0.47278383414417313,0.8523403273770269,-0.3851832,false
binance,1787923800000,UP,187.499,0.87,0.907855871163333,0.8523403273770269,0.1275118,true
binance,1787924100000,UP,277.5,0.6,0.6405099573106937,0.8523403273770269,-0.6052799999999999,false
binance,1787924100000,DOWN,269.5,0.4,0.43872261288726455,0.8523403273770269,0.59472,true
binance,1787924400000,DOWN,278.998,0.63,0.688299761662903,0.8523403273770269,0.36487179999999997,true
binance,1787924400000,UP,207.0,0.33,0.45270882899494796,0.8523403273770269,-0.3348642,false
binance,1787924700000,UP,275.499,0.48,0.5191771171688564,0.8523403273770269,0.5145088,true
binance,1787924700000,DOWN,263.0,0.49,0.5275590471991375,0.8523403273770269,-0.4954978,false
binance,1787925000000,UP,262.5,0.53,0.5716648271284812,0.8523403273770269,0.4645198,true
binance,1787925000000,DOWN,254.0,0.39,0.4380805231726934,0.8523403273770269,-0.3952338,false
binance,1787925300000,UP,278.0,0.36,0.4355742993172845,0.8523403273770269,-0.36506879999999997,false
binance,1787925300000,DOWN,271.0,0.61,0.6804882310041287,0.8523403273770269,0.3847662,true
binance,1787925600000,UP,275.999,0.93,0.9834197042061892,0.8523403273770269,-0.9314322,false
binance,1787925600000,DOWN,258.0,0.38,0.4291829188257126,0.8523403273770269,0.6148167999999999,true
binance,1787925900000,UP,279.993,0.63,0.7931854138532284,0.8523403273770269,0.36487179999999997,true
binance,1787925900000,DOWN,250.0,0.62,0.6807688336204418,0.8523403273770269,-0.6251832,false
binance,1787926200000,DOWN,280.0,0.54,0.5822947759576234,0.8523403273770269,0.4545352,true
binance,1787926200000,UP,270.0,0.54,0.5945159574975951,0.8523403273770269,-0.5454648000000001,false
binance,1787926500000,DOWN,279.0,0.53,0.5680241177360749,0.8523403273770269,-0.5354802000000001,false
binance,1787926500000,UP,275.499,0.4,0.45100050294254257,0.8523403273770269,0.59472,true
binance,1787926800000,UP,279.0,0.47,0.527041377368991,0.8523403273770269,-0.47548019999999996,false
binance,1787926800000,DOWN,256.978,0.59,0.6624493552576961,0.8523403273770269,0.40467820000000004,true
binance,1787927100000,UP,280.0,0.59,0.7268981882910424,0.8523403273770269,0.40467820000000004,true
binance,1787927100000,DOWN,235.5,0.54,0.5824528502664262,0.8523403273770269,-0.5454648000000001,false
binance,1787927400000,UP,280.0,0.4,0.5133573148101567,0.8523403273770269,0.59472,true
binance,1787927400000,DOWN,263.999,0.67,0.7222393375842545,0.8523403273770269,-0.6748642,false
binance,1787927700000,DOWN,278.0,0.47,0.5095674794302845,0.8523403273770269,-0.47548019999999996,false
binance,1787927700000,UP,271.5,0.57,0.6080588756782364,0.8523403273770269,0.42460780000000004,true
binance,1787928000000,UP,280.0,0.57,0.6810945489785034,0.8523403273770269,-0.5753921999999999,false
binance,1787928000000,DOWN,164.0,0.75,0.8217664312459365,0.8523403273770269,0.245875,true
binance,1787928300000,UP,280.0,0.62,0.6985863878695641,0.8523403273770269,-0.6251832,false
binance,1787928300000,DOWN,256.5,0.49,0.5255124461934604,0.8523403273770269,0.5045022,true
binance,1787928600000,UP,280.0,0.71,0.7701370115665339,0.8523403273770269,0.2854702,true
binance,1787928900000,UP,279.999,0.52,0.5998934716332962,0.8523403273770269,0.4745088,true
binance,1787928900000,DOWN,255.499,0.48,0.5183532204170782,0.8523403273770269,-0.48549119999999996,false
